,0,1,2,3,4,5,6,7,8,9,10,11,12,13,14,15,16,17,18,19,20,21,22,23,24,25,26,27,28,29,30,31,32
0,단맛,단맛,신맛,청량감,크라,테,로제,와인,맛,그래프,약함,약함,약함,바디감,가벼움,강함,강함,강함,무거움,출저,:,한국,가양주,연구소,류인수,소장,NAVER,,,,,,
1,단맛,단맛,신맛,청량감,바디감,선운산,복분자,와인,맛,그래프,약함,약함,약함,가벼움,강함,강함,강함,무거움,출처,:,주류,문화,컬럼니스트,&,전통주,갤러리,부관장,명욱,NAVER,,,,
2,단맛,단맛,신맛,청량감,약함,약함,약함,바디감,가벼움,별,바랑,맛,그래프,강함,강함,강함,무거움,출저,:,한국,가양주,연구소,류인수,소장,NAVER,,,,,,,,
3,단맛,단맛,신맛,청량감,약함,약함,약함,연천,아주,맛,그래프,강함,가벼움,강함,강함,바디감,출처,:,주류,문화,컬럼니스트,&,세종,사이버,대학교,명욱,교수,VER,무거움,,,,
4,향,향,바디감,천년,주,밤,맛,그래프,약함,가벼움,목넘김,부드러움,강함,무거움,거침,출처,:,한국,가양주,연구소,류인수,소장,VER,,,,,,,,,,
5,단맛,단맛,신맛,청량감,바디감,죽향,생,막걸리,맛,그래프,약함,약함,약함,가벼움,강함,강함,강함,무거움,출저,:,한국,가양주,연구소,류인수,소장,,,,,,,,
6,한비 동충하초술 맛 그래프,한비,동충하초,술,맛,그래프,약함,향,바디감,가벼움,목넘김,부드러움,강함,무거움,거침,출처,:,한국,가양주,연구소,류인수,소장,NAVER,,,,,,,,,,
7,미인탁주 맛 그래프,미인,탁주,맛,그래프,단맛,신맛,청량감,바디감,가벼움,약함,약함,약함,강함,강함,강함,무거움,출처,:,한국,가양주,연구소,류인수,소장,NAVER,,,,,,,,
8,백자주 맛 그래프,백,자주,맛,그래프,단맛,신맛,약함,청량감,바디감,가벼움,약함,약함,강함,강함,강함,무거움,출처,:,한국,가양주,연구소,류인수,소장,NAVER,,,,,,,,
9,단맛,단맛,신맛,바디감,목넘김,한산,소곡주,맛,그래프,낮음,낮음,낮음,무거움,높음,높음,높음,가벼움,출처,:,한국,가양주,연구소,류인수,소장,AVER,,,,,,,,
10,단맛,단맛,신맛,청량감,바디감,정,고집,나주,쌀,생,막걸리,맛,그래프,약함,약함,약함,가벼움,강함,강함,강함,무거움,출처,:,주류,문화,컬럼니스트,&,전통주,갤러리,부관장,명욱,NAVER,
11,단맛,단맛,신맛,청량감,바디감,입장,탁주,맛,그래프,낮음,낮음,낮음,무거움,높음,높음,높음,가벼움,출처,:,한국,가양주,연구소,류인수,NAVER,,,,,,,,,
12,단맛,단맛,신맛,청량감,바디감,이상헌,약주,맛,그래프,약함,약함,약함,가벼움,강함,강함,강함,무거움,출처,:,주류,문화,컬럼니스트,&,전통주,갤러리,부관장,명욱,PTAVER,,,,,
13,안동소주일품 21 맛 그래프,안동,소주,일품,21,맛,그래프,향기,약함,맛,바디감,드라이,라이트,강함,스위트,헤비,출처,:,한국,가양주,연구소,류인수,소장,NAVER,,,,,,,,,
14,김천과하주 16% 맛 그래프,김천,과하주,16,%,맛,그래프,단맛,신맛,청량감,바디감,낮음,낮음,낮음,무거움,높음,높음,높음,가벼움,출처,:,한국,가양주,연구소,류인수,소,NAVER,,,,,,
15,청진주 맛 그래프,청,진주,맛,그래프,단맛,신맛,청량감,바디감,가벼움,약함,약함,약함,강함,강함,강함,무거움,출처,:,한국,가양주,연구소,류인수,소장,NAVER,,,,,,,,
16,단맛,단맛,신맛,청량감,바디감,매실,막걸리,맛,그래프,낮음,낮음,낮음,무거움,높음,높음,높음,가벼움,출처,:,한국,가양주,연구소,류인수,소,NAVER,,,,,,,,
17,향기,향기,맛,바디감,명술,375,맛,그래프,약함,드라이,라이트,강함,스위트,헤비,출처,:,한국,가양주,연구소,류인수,소장,NAVER,,,,,,,,,,,
18,The 찾을수록 시리즈 맛 그래프,The,찾을,수록,시리즈,맛,그래프,단,맛,약함,신맛,청량감,바디감,가벼움,약함,약함,강함,강함,강함,무거움,출처,:,주류,문화,컬럼니스트,&,전통주,갤러리,부관장,명욱,NAVER,,
19,단맛,단맛,신맛,청량감,바디감,양촌,생,막걸리,맛,그래프,낮음,낮음,낮음,무거움,높음,높음,높음,가벼움,출처,:,한국,가양주,연구소,류인수,소장,AVER,,,,,,,
20,계룡산 산삼주 금수강산 40% 맛 그래프,계룡산,산삼주,금수,강산,40,%,맛,그래프,약함,향,바디감,가벼움,목넘김,부드러움,강함,무거움,거침,출처,:,한국,가양주,연구소,류인수,소장,NAVER,,,,,,,
21,단맛,단맛,신맛,지란지교,약주,맛,그래프,균형감,약함,약함,바디감,가벼움,강함,강함,무거움,출처,:,전진,아,.,이재욱,소믈리에,",",NAVER,,,,,,,,,
22,단맛,단맛,신맛,청량감,바디감,청,세주,맛,그래프,낮음,낮음,낮음,무거움,높음,높음,높음,가벼움,출처,:,한국,가양주,연구소,류인수,소장,AVER,,,,,,,,
23,금산인삼주 수삼단본720 23% 맛 그래프,금산,인삼주,수삼,단본,720,23,%,맛,그래프,향기,맛,바디감,약함,드라이,라이트,강함,스위트,헤비,출처,:,한국,가양주,연구소,류인수,소장,NAVER,,,,,,
24,단맛,단맛,신맛,청량감,바디감,세종,쌀,막걸리,맛,그래프,낮음,낮음,낮음,무거움,높음,높음,높음,가벼움,출처,:,한국,가양주,연구소,류인수,소장,AVER,,,,,,,
25,단맛,단맛,신맛,청량감,바디감,해미읍,성,매실,와인,맛,그래프,약함,약함,약함,가벼움,강함,강함,강함,무거움,출저,:,한국,가양주,연구소,류인수,소장,NAVER,,,,,,
26,지리산허브잎술 맛 그래프,지리산,허브,잎술,맛,그래프,단맛,신맛,청량감,바디감,낮음,낮음,낮음,무거움,높음,높음,높음,가벼움,출처,:,한국,가양주,연구소,류인수,소,NAVER,,,,,,,
27,단맛,단맛,신맛,청량감,바디감,금,이산,농원,오가피,와인,맛,그래프,약함,약함,약함,가벼움,강함,강함,강함,무거움,출저,:,한국,가양주,연구소,류인수,소장,",",NAVER,,,,
28,단맛,단맛,신맛,바디감,목넘김,대통,대잎,술맛,그래프,낮음,낮음,낮음,무거움,높음,높음,높음,가벼움,출처,:,한국,가양주,연구소,류인수,소장,AVER,,,,,,,,
29,단맛,단맛,신맛,청량감,바디감,백운,복분자주,맛,그래프,낮음,낮음,낮음,무거움,높음,높음,높음,가벼움,출처,:,한국,가양주,연구소,류인수,소,NAVER,,,,,,,,
30,단맛,단맛,신맛,청량감,바디감,세종대왕,어주,약주,맛,그래프,약함,약함,약함,가벼움,강함,강함,강함,무거움,출저,:,한국,가양주,연구소,류인수,소장,VER,,,,,,,
31,녹천 한산소곡주(생) 맛 그래프,녹천,한산,소곡주,(,생,),맛,그래프,단맛,신맛,청량감,바디감,낮음,낮음,낮음,무거움,높음,높음,높음,가벼움,출처,:,한국,가양주,연구소,류인수,소,NAVER,,,,
32,문배술헤리티지 23 맛 그래프,문배,술,헤리티지,23,맛,그래프,향기,약함,맛,바디감,드라이,라이트,강함,스위트,헤비,출처,:,한국,가양주,연구소,류인수,소장,NAVER,,,,,,,,,
33,녹천 소곡주 480 맛 그래프,녹천,소곡주,480,맛,그래프,향기,약함,맛,바디감,드라이,라이트,강함,스위트,헤비,출처,:,한국,가양주,연구소,류인수,소장,NAVER,,,,,,,,,,
34,단맛 낮음,단맛,낮음,신맛,그랑,꼬또,M56,맛,그래프,청량감,바디감,낮음,낮음,무거움,높음,높음,가벼움,출처,:,한국,가양주,연구소,류인수,소,NAVER,,,,,,,,
35,단맛,단맛,신맛,청량감,바디감,부자,막걸리,맛,그래프,낮음,낮음,낮음,무거움,높음,높음,높음,가벼움,출처,:,한국,가양주,연구소,류인수,소장,AVER,,,,,,,,
36,단맛,단맛,신맛,청량감,바디감,약함,약함,약함,마셔,블랑,맛,그래프,가벼움,강함,강함,강함,무거움,출처,:,주류,문화,컬럼니스트,&,전통주,갤러리,부관장,명욱,NAVER,,,,,
37,단맛,단맛,신맛,청량감,바디감,약함,약함,약함,추시,와인,맛,그래프,가벼움,강함,강함,강함,무거움,출저,:,한국,가양주,연구소,류인수,소장,VER,,,,,,,,
38,단맛,단맛,신맛,청량감,바디감,정,고집,나주,배,약주,9,%,맛,그래프,약함,약함,약함,가벼움,강함,강함,강함,무거움,출처,:,주류,문화,컬럼니스트,&,전통주,갤러리,부관장,명욱,NAVER
39,이화백주 맛 그래프,이화,백주,맛,그래프,단맛,약함,신맛,청량감,바디감,가벼움,약함,약함,강함,강함,강함,무거움,출처,:,주류,문화,컬럼니스트,&,전통주,갤러리,부관장,명욱,NAVER,,,,,
40,향,향,바디감,약함,가벼움,황칠,주,맛,그래프,목넘김,부드러움,강함,무거움,거침,출처,:,한국,가양주,연구소,류인수,소장,NAVER,,,,,,,,,,,
41,단맛,단맛,신맛,청량감,바디감,라이스,퐁당,17,맛,그래프,약함,약함,약함,가벼움,강함,강함,강함,무거움,출저,:,한국,가양주,연구소,류인수,소장,NAVER,,,,,,,
42,단맛,단맛,신맛,청량감,머,르드,서,스위트,맛,그래프,약함,약함,약함,강함,가벼움,강함,강함,바디감,출처,:,주류,문화,컬럼니스트,&,세종,사이버,대학교,명욱,교수,VER,무거움,,
43,향기,향기,목넘김,바디감,려,(,25,%,),맛,그래프,약,드라이,라이트,강,스위트,헤비,출처,:,한국,가양주,연구소,류인수,소장,AVER,,,,,,,,
44,다랭이팜생막걸리 맛 그래프,다랭이,팜생,막걸리,맛,그래프,단맛,신맛,청량감,바디감,낮음,낮음,낮음,무거움,높음,높음,높음,가벼움,출처,:,한국,가양주,연구소,류인수,소장,AVER,,,,,,,
45,향기,향기,맛,바디감,천마,몽,맛,그래프,약함,드라이,라이트,강함,스위트,헤비,출처,:,한국,가양주,연구소,류인수,소장,NAVER,,,,,,,,,,,
46,단맛,단맛,신맛,청량감,바디감,약함,약함,약함,가벼움,모월,연,맛,그래프,강함,강함,강함,무거움,출저,:,한국,가양주,연구소,류인수,소장,VER,,,,,,,,
47,미생 막걸리 맛 그래프,미생,막걸리,맛,그래프,단맛,신맛,청량감,바디감,가벼움,약함,약함,약함,강함,강함,강함,무거움,출처,:,주류,문화,컬럼니스트,&,전통주,갤러리,부관장,명욱,NAVER,,,,,
48,미인 약주 맛 그래프,미인,약주,맛,그래프,단,맛,신맛,청량감,바디감,가벼움,약함,약함,약함,강함,강함,강함,무거움,출처,:,한국,가양주,연구소,류인수,소장,NAVER,,,,,,,
49,단맛,단맛,신맛,청량감,서주,16,%,맛,그래프,약함,약함,약함,바디감,가벼움,강함,강함,강함,무거움,출처,:,주류,문화,컬럼니스트,&,전통주,갤러리,부관장,명욱,",",NAVER,,,
50,해창도 생막걸리 맛 그래프,해창,도,생,막걸리,맛,그래프,단맛,신맛,청량감,바디감,낮음,낮음,낮음,무거움,높음,높음,높음,가벼움,출처,:,한국,가양주,연구소,류인수,소장,AVER,,,,,,
51,단맛 낮음,단맛,낮음,신맛,청량감,예주,맛,그래프,바디감,낮음,낮음,무거움,높음,높음,가벼움,출처,:,한국,가양주,연구소,류인수,소,NAVER,,,,,,,,,,
52,단맛,단맛,신맛,청량감,바디감,강쇠,맛,그래프,낮음,낮음,낮음,무거움,높음,높음,높음,가벼움,출처,:,한국,가양주,연구소,류인수,소,NAVER,,,,,,,,,
53,지평생막걸리 옛막걸리 맛 그래프,지,평생,막걸리,옛,막걸리,맛,그래프,단맛,신맛,청량감,바디감,낮음,낮음,낮음,무거움,높음,높음,높음,가벼움,출처,:,한국,가양주,연구소,류인수,소장,AVER,,,,,
54,샤토미소(스위트) 맛 그래프,샤토,미소,(,스위트,),맛,그래프,단맛,신맛,바디감,목넘김,낮음,낮음,낮음,무거움,높음,높음,높음,가벼움,출처,:,한국,가양주,연구소,류인수,소장,AVER,,,,,
55,향,향,바디감,두레,앙,22,맛,그래프,약함,가벼움,목넘김,부드러움,강함,무거움,거침,출처,:,한국,가양주,연구소,류인수,소장,NAVER,,,,,,,,,,
56,향,향,바디감,목넘김,세,우리,맛,그래프,약함,가벼움,부드러움,강함,무거움,거침,출처,:,한국,가양주,연구소,류인수,소장,NAVER,,,,,,,,,,,
57,바디감,바디감,감,보드카,맛,그래프,약함,가벼움,목넘김,부드러움,강함,무거움,거침,출처,:,한국,가양주,연구소,류인수,소장,,,,,,,,,,,,,
58,단맛,단맛,신맛,청량감,바디감,펀치,바나나,맛,그래프,낮음,낮음,낮음,무거움,높음,높음,높음,가벼움,출처,:,한국,가양주,연구소,류인수,NAVER,,,,,,,,,
59,강소주 맛 그래프,강소주,맛,그래프,약함,향,바디감,가벼움,목넘김,부드러움,강함,무거움,거침,출처,:,한국,가양주,연구소,류인수,소장,NAVER,,,,,,,,,,,,
60,단맛,단맛,신맛,바디감,목넘김,홍삼,명주,맛,그래프,낮음,낮음,낮음,무거움,높음,높음,높음,가벼움,출처,:,한국,가양주,연구소,류인수,소장,AVER,,,,,,,,
61,향,향,바디감,약함,독산,53,맛,그래프,가벼움,목넘김,부드러움,강함,무거움,거침,출처,:,한국,가양주,연구소,류인수,소장,NAVER,,,,,,,,,,,
62,향,향,바디감,약함,가벼움,한시,울,맛,그래프,목넘김,부드러움,강함,무거움,거침,출처,:,주류,문화,컬럼니스트,&,전통주,갤러리,부관장,명욱,NAVER,,,,,,,,
63,단맛,단맛,신맛,바디감,목넘김,한산,소곡주,맛,그래프,낮음,낮음,낮음,무거움,높음,높음,높음,가벼움,출처,:,한국,가양주,연구소,류인수,소장,AVER,,,,,,,,
64,단맛,단맛,신맛,청량감,바디감,포엠,화이트,와인,맛,그래프,약함,약함,약함,가벼움,강함,강함,강함,무거움,출처,:,주류,문화,컬럼니스트,&,세종,사이버,대학교,명욱,교수,",",NAVER,,
65,단맛,단맛,신맛,청량감,바디감,약함,약함,약함,가벼움,하향주,맛,그래프,강함,강함,강함,무거움,출저,:,한국,가양주,연구소,류인수,소장,NAVER,,,,,,,,,
66,송이주 맛 그래프,송이주,맛,그래프,단맛,약함,신맛,청량감,바디감,가벼움,약함,약함,강함,강함,강함,무거움,출처,:,한국,가양주,연구소,류인수,소장,NAVER,,,,,,,,,
67,단맛,단맛,신맛,청량감,도깨비,술,9,%,맛,그래프,약함,약함,약함,강함,강함,강함,바디감,가벼움,출처,:,주류,문화,컬럼니스트,&,세종,사이버,대학교,명욱,교수,VER,무거움,,
68,단맛,단맛,신맛,청량감,바디감,볼빨간,막걸리,10,맛,그래프,약함,약함,약함,가벼움,강함,강함,강함,무거움,출저,:,한국,가양주,연구소,류인수,소장,VER,,,,,,,
69,단맛,단맛,신맛,청량감,바디감,술샘,이화주,맛,그래프,낮음,낮음,낮음,무거움,높음,높음,높음,가벼움,출처,:,한국,가양주,연구소,류인수,소장,AVER,,,,,,,,
70,단맛,단맛,신맛,청량감,도깨비,술,7,%,맛,그래프,약함,약함,약함,강함,강함,강함,바디감,가벼움,출처,:,주류,문화,컬럼니스트,&,세종,사이버,대학교,명욱,교수,VER,무거움,,
71,단맛,단맛,신맛,청량감,바디감,약함,기다림,16,맛,그래프,약함,약함,가벼움,강함,강함,강함,무거움,출저,:,한국,가양주,연구소,류인수,소장,NAVER,,,,,,,,
72,단맛,단맛,신맛,청량감,추사,애플,와인,맛,그래프,바디감,낮음,낮음,낮음,무거움,높음,높음,높음,가벼움,출처,:,한국,가양주,연구소,류인수,소,NAVER,,,,,,,
73,녹파주 맛 그래프,녹,파주,맛,그래프,단맛,약함,신맛,청량감,바디감,가벼움,약함,약함,강함,강함,강함,무거움,출처,:,주류,문화,컬럼니스트,&,전통주,갤러리,부관장,명욱,NAVER,,,,,
74,단맛,단맛,신맛,청량감,바디감,술취한,원숭이,맛,그래프,낮음,낮음,낮음,무거움,높음,높음,높음,가벼움,출처,:,한국,가양주,연구소,류인수,소장,AVER,,,,,,,,
75,코이버펑크 카베르네 소비뇽 맛 그래프,코이,버,펑크,카베르네,소비뇽,맛,그래프,단맛,신맛,청량감,약함,약함,약함,바디감,가벼움,강함,강함,강함,무거움,출처,:,코이,버,펑크,NAVER,,,,,,,
76,우렁이쌀 손막걸리 맛 그래프,우렁이,쌀,손,막걸리,맛,그래프,단맛,신맛,청량감,바디감,낮음,낮음,낮음,무거움,높음,높음,높음,가벼움,출처,:,한국,가양주,연구소,류인수,소장,AVER,,,,,,
77,단맛,단맛,신맛,청량감,약함,약함,약함,바디감,가벼움,백,이주,맛,그래프,강함,강함,강함,무거움,출처,:,농업,회사,법인,(,주,),세찬,",",NAVER,,,,,
78,향,향,바디감,약함,가벼움,어우,야,맛,그래프,목넘김,부드러움,강함,무거움,거침,출처,:,한국,가양주,연구소,류인수,소장,NAVER,,,,,,,,,,,
79,바디감,바디감,예천,주,만월,40,%,맛,그래프,약함,가벼움,목넘김,부드러움,강함,무거움,거침,출처,:,한국,가양주,연구소,류인수,소장,NAVER,,,,,,,,,
80,명인안동소주 양반탈 맛 그래프,명인,안동,소주,양반탈,맛,그래프,향기,약함,맛,바디감,드라이,라이트,강함,스위트,헤비,출처,:,한국,가양주,연구소,류인수,소장,NAVER,,,,,,,,,
81,단맛,단맛,신맛,청량감,바디감,호랑이,생,막걸리,맛,그래프,낮음,낮음,낮음,무거움,높음,높음,높음,가벼움,출처,:,한국,가양주,연구소,류인수,소장,AVER,,,,,,,
82,다랭이팜유자막걸리 맛 그래프,다랭이,팜유,자,막걸리,맛,그래프,단맛,신맛,청량감,바디감,낮음,낮음,낮음,무거움,높음,높음,높음,가벼움,출처,:,한국,가양주,연구소,류인수,소장,AVER,,,,,,
83,단맛,단맛,신맛,청량감,바디감,대작,생,막걸리,맛,그래프,약함,약함,약함,가벼움,강함,강함,강함,무거움,출처,:,주류,문화,컬럼니스트,&,세종,사이버,대학교,명욱,교수,NAVER,,,
84,단맛,단맛,신맛,청량감,바디감,약함,약함,약함,가벼움,순,향주,맛,그래프,강함,강함,강함,무거움,출저,:,한국,가양주,연구소,류인수,소장,NAVER,,,,,,,,
85,향기,향기,맛,자연,송이주,맛,그래프,바디감,약함,드라이,라이트,강함,스위트,헤비,출처,:,한국,가양주,연구소,류인수,소장,NAVER,,,,,,,,,,,
86,단맛,단맛,신맛,청량감,바디감,그랑,티,그르,CE2002,맛,그래프,약함,약함,약함,가벼움,강함,강함,강함,무거움,출처,:,주류,문화,컬럼니스트,&,전통주,갤러리,부관장,명욱,NAVER,,,
87,단맛,단맛,신맛,청량감,산내,울,오미자,주,맛,그래프,약함,약함,약함,가벼움,강함,강함,강함,바디감,출처,:,주류,문화,컬럼니스트,&,세종,사이버,대학교,명욱,교수,VER,무거움,,
88,단맛,단맛,신맛,청량감,바디감,미르,40s,맛,그래프,낮음,낮음,낮음,무거움,높음,높음,높음,가벼움,출처,:,한국,가양주,연구소,류인수,소장,AVER,,,,,,,,
89,단맛,단맛,신맛,편백,숲,산소,막걸리,순,수령,맛,그래프,청량감,바디감,약함,약함,약함,가벼움,강함,강함,강함,무거움,출저,:,한국,가양주,연구소,류인수,소장,VER,,,,
90,단맛,단맛,신맛,청량감,바디감,청춘,맛,그래프,낮음,낮음,낮음,무거움,높음,높음,높음,가벼움,출처,:,한국,가양주,연구소,류인수,소,NAVER,,,,,,,,,
91,김천과하주 23% 맛 그래프,김천,과하주,23,%,맛,그래프,향기,약함,맛,바디감,드라이,라이트,강함,스위트,헤비,출처,:,한국,가양주,연구소,류인수,소장,NAVER,,,,,,,,,
92,향,향,바디감,예천,주,사월,24,%,맛,그래프,약함,가벼움,목넘김,부드러움,강함,무거움,거침,출처,:,한국,가양주,연구소,류인수,소장,NAVER,,,,,,,,
93,동강더덕주 맛 그래프,동강,더덕주,맛,그래프,향기,약함,맛,바디감,드라이,라이트,강함,스위트,헤비,출처,:,한국,가양주,연구소,류인수,소장,NAVER,,,,,,,,,,,
94,조은술세종바나나 맛 그래프,조은술,세종,바나나,맛,그래프,단맛,신맛,청량감,바디감,낮음,낮음,낮음,무거움,높음,높음,높음,가벼움,출처,:,한국,가양주,연구소,류인수,소장,AVER,,,,,,,
95,두레앙 브랜디 맛 그래프,두레,앙,브랜디,맛,그래프,향기,약함,맛,바디감,드라이,라이트,강함,스위트,헤비,출처,:,한국,가양주,연구소,류인수,소장,NAVER,,,,,,,,,,
96,다래와인 7004S 맛 그래프,다래,와인,7004S,맛,그래프,단맛,신맛,청량감,바디감,낮음,낮음,낮음,무거움,높음,높음,높음,가벼움,출처,:,한국,가양주,연구소,류인수,소,NAVER,,,,,,,
97,송명섭 막걸리 맛 그래프,송명섭,막걸리,맛,그래프,단맛,약함,신맛,청량감,바디감,가벼움,약함,약함,강함,강함,강함,무거움,출처,:,한국,가양주,연구소,류인수,소장,NAVER,,,,,,,,
98,단맛,단맛,신맛,청량감,젤,코바,스페셜,와인,맛,그래프,약함,약함,약함,강함,강함,강함,바디감,가벼움,출처,:,주류,문화,컬럼니스트,&,세종,사이버,대학교,명욱,교수,VER,무거움,,
99,단맛,단맛,신맛,청량감,바디감,청송,얼음골,동동주,맛,그래프,약함,약함,약함,가벼움,강함,강함,강함,무거움,출저,:,한국,가양주,연구소,류인수,소장,VER,,,,,,,
100,감홍로 청자 맛 그래프,감홍로,청자,맛,그래프,향기,약함,맛,바디감,드라이,라이트,강함,스위트,헤비,출처,:,한국,가양주,연구소,류인수,소장,NAVER,,,,,,,,,,,
101,단맛,단맛,신맛,청량감,바디감,이동,생쌀,막걸리,맛,그래프,낮음,낮음,낮음,무거움,높음,높음,높음,가벼움,출처,:,한국,가양주,연구소,류인수,소장,AVER,,,,,,,
102,고구마아락 맛 그래프,고구마,아락,맛,그래프,향기,약함,맛,바디감,드라이,라이트,강함,스위트,헤비,출처,:,한국,가양주,연구소,류인수,소장,NAVER,,,,,,,,,,,
103,배도가 로아40 옐로우 맛 그래프,배도,가,로아,40,옐로우,맛,그래프,향기,맛,바디감,약함,드라이,라이트,강함,스위트,헤비,출처,:,한국,가양주,연구소,류인수,소장,NAVER,,,,,,,,
104,컨츄리 와인 캠벨얼리(스위트) 맛 그래프,컨츄리,와인,캠벨얼리,(,스위트,),맛,그래프,단맛,신맛,바디감,목넘김,낮음,낮음,낮음,무거움,높음,높음,높음,가벼움,출처,:,한국,가양주,연구소,류인수,소장,AVER,,,,
105,단맛,단맛,신맛,청량감,바디감,이동,쌀,막걸리,맛,그래프,낮음,낮음,낮음,무거움,높음,높음,높음,가벼움,출처,:,한국,가양주,연구소,류인수,소장,AVER,,,,,,,
106,뱅꼬레 아이스와인 맛 그래프,뱅,꼬레,아이스,와인,맛,그래프,단맛,신맛,청량감,바디감,가벼움,약함,약함,약함,강함,강함,강함,무거움,출처,:,주류,문화,컬럼니스트,&,전통주,갤러리,부관장,명욱,NAVER,,,
107,시인의마을 우리쌀 막걸리맛 그래프,시인,의,마을,우리,쌀,막걸리,맛,그래프,단맛,신맛,약함,청량감,바디감,가벼움,약함,약함,강함,강함,강함,무거움,출처,:,주류,문화,컬럼니스트,&,전통주,갤러리,부관장,명욱,NAVER,
108,해창12도 생막걸리 맛 그래프,해창,12,도,생,막걸리,맛,그래프,단맛,신맛,청량감,바디감,낮음,낮음,낮음,무거움,높음,높음,높음,가벼움,출처,:,한국,가양주,연구소,류인수,소장,AVER,,,,,
109,해창찹쌀생막걸리 맛 그래프,해창,찹쌀,생,막걸리,맛,그래프,단맛,낮음,신맛,청량감,바디감,낮음,낮음,무거움,높음,높음,높음,가벼움,출처,:,한국,가양주,연구소,류인수,소장,AVER,,,,,,
110,단맛,단맛,신맛,청량감,바디감,병영,설성,동동주,맛,그래프,약함,약함,약함,가벼움,강함,강함,강함,무거움,출저,:,한국,가양주,연구소,류인수,소장,VER,,,,,,,
111,단맛,단맛,신맛,청량감,안양,동동주,맛,그래프,약함,약함,약함,바디감,가벼움,강함,강함,강함,무거움,출처,:,주류,문화,컬럼니스트,&,세종,사이버,대학교,명욱,교수,VER,,,,
112,단맛,단맛,신맛,청량감,바디감,대,대포,생,막걸리,맛,그래프,약함,약함,약함,가벼움,강함,강함,강함,무거움,출저,:,한국,가양주,연구소,류인수,소장,JER,,,,,,
113,제주 고소리술 맛 그래프,제주,고,소리,술,맛,그래프,약함,향,바디감,가벼움,목넘김,부드러움,강함,무거움,거침,출처,:,한국,가양주,연구소,류인수,소장,NAVER,,,,,,,,,
114,단맛,단맛,신맛,청량감,바디감,야관문,막걸리,맛,그래프,낮음,낮음,낮음,무거움,높음,높음,가벼움,출처,:,한국,가양주,연구소,류인수,소,NAVER,,,,,,,,,
115,쿨샷 7.5 맛 그래프,쿨샷,7.5,맛,그래프,단맛,신맛,청량감,바디감,가벼움,약함,약함,약함,강함,강함,강함,무거움,출처,:,한국,가양주,연구소,류인수,소장,NAVER,,,,,,,,
116,단맛,단맛,신맛,청량감,바디감,나루,생,막걸리,11.5,%,맛,그래프,약함,약함,약함,가벼움,강함,강함,강함,무거움,출저,:,한국,가양주,연구소,류인수,소장,NAVER,,,,,
117,향,향,바디감,약함,가벼움,르,깔롱,맛,그래프,목넘김,부드러움,강함,무거움,거침,출처,:,한국,가양주,연구소,류인수,소장,NAVER,,,,,,,,,,,
118,베베마루 캠벨로제스위트 맛 그래프,베베,마루,캠벨,로제,스위트,맛,그래프,단맛,신맛,청량감,바디감,낮음,낮음,낮음,무거움,높음,높음,높음,가벼움,출처,:,한국,가양주,연구소,류인수,소,NAVER,,,,,
119,단맛,단맛,신맛,청량감,바디감,약함,약함,약함,가벼움,백년,향,맛,그래프,강함,강함,강함,무거움,출저,:,한국,가양주,연구소,류인수,소장,VER,,,,,,,,
120,단맛,단맛,신맛,청량감,바디감,조선주,조사,맛,그래프,약함,약함,약함,가벼움,강함,강함,강함,무거움,출처,:,주류,문화,컬럼니스트,&,세종,사이버,대학교,명욱,교수,NAVER,,,,
121,단맛,단맛,신맛,청량감,바디감,세종,알밤,주,맛,그래프,낮음,낮음,낮음,무거움,높음,높음,높음,가벼움,출처,:,한국,가양주,연구소,류인수,소장,AVER,,,,,,,
122,세종 청주생막걸리 맛 그래프,세종,청주,생,막걸리,맛,그래프,단맛,낮음,신맛,청량감,바디감,낮음,낮음,무거움,높음,높음,높음,가벼움,출처,:,한국,가양주,연구소,류인수,소장,AVER,,,,,,
123,단맛,단맛,신맛,청량감,바디감,남산,애,레드,와인,맛,그래프,약함,약함,약함,가벼움,강함,강함,강함,무거움,출처,:,주류,문화,컬럼니스트,&,전통주,갤러리,부관장,명욱,NAVER,,,
124,금산인삼주 수삼단본720 43% 맛 그래프,금산,인삼주,수삼,단본,720,43,%,맛,그래프,향기,맛,바디감,약함,드라이,라이트,강함,스위트,헤비,출처,:,한국,가양주,연구소,류인수,소장,NAVER,,,,,,
125,계룡백일주 40% 맛 그래프,계룡,백일주,40,%,맛,그래프,향기,약함,맛,바디감,드라이,라이트,강함,스위트,헤비,출처,:,한국,가양주,연구소,류인수,소장,NAVER,,,,,,,,,
126,단맛,단맛,신맛,바디감,목넘김,홍삼,명주,맛,그래프,낮음,낮음,낮음,무거움,높음,높음,높음,가벼움,출처,:,한국,가양주,연구소,류인수,소장,AVER,,,,,,,,
127,민속주안동소주600 맛 그래프,민속주,안동,소주,600,맛,그래프,향기,약함,맛,바디감,드라이,라이트,강함,스위트,헤비,출처,:,한국,가양주,연구소,류인수,소장,NAVER,,,,,,,,,
128,단맛,단맛,신맛,청량감,바디감,감자,술,13,%,맛,그래프,약함,약함,약함,가벼움,강함,강함,강함,무거움,출처,:,주류,문화,컬럼니스트,&,전통주,갤러리,부관장,명욱,",",NAVER,,
129,향기 약함,향기,약함,맛,감아,락,25,맛,그래프,바디감,드라이,라이트,강함,스위트,헤비,출처,:,한국,가양주,연구소,류인수,소장,NAVER,,,,,,,,,,
130,단맛,단맛,신맛,청량감,바디감,희양산,막걸리,9,%,맛,그래프,약함,약함,약함,가벼움,강함,강함,강함,무거움,출저,:,한국,가양주,연구소,류인수,소장,VER,,,,,,
131,단맛,단맛,신맛,청량감,바디감,전주,술,로,시티,경기,전,맛,그래프,약함,약함,약함,가벼움,강함,강함,강함,무거움,출처,:,주류,문화,컬럼니스트,&,전통주,갤러리,부관장,명욱,NAVER,
132,향,향,바디감,약함,가벼움,모월,로,맛,그래프,목넘김,부드러움,강함,무거움,거침,출처,:,한국,가양주,연구소,류인수,소장,NAVER,,,,,,,,,,,
133,단맛,단맛,신맛,청량감,바디감,타미,앙스,맛,그래프,낮음,낮음,낮음,무거움,높음,높음,높음,가벼움,출처,:,한국,가양주,연구소,류인수,소장,AVER,,,,,,,,
134,금정산성막걸리 맛 그래프,금정산,성,막걸리,맛,그래프,단맛,신맛,청량감,바디감,낮음,낮음,낮음,무거움,높음,높음,가벼움,출처,:,한국,가양주,연구소,류인수,소,NAVER,,,,,,,,
135,단맛,단맛,신맛,세종,오가닉,청주,맛,그래프,바디감,목넘김,낮음,낮음,낮음,무거움,높음,높음,높음,가벼움,출처,:,한국,가양주,연구소,류인수,소장,AVER,,,,,,,
136,다래와인 3004 맛 그래프,다래,와인,3004,맛,그래프,단맛,신맛,청량감,바디감,낮음,낮음,낮음,무거움,높음,높음,높음,가벼움,출처,:,한국,가양주,연구소,류인수,소,NAVER,,,,,,,
137,아이원 막걸리 맛 그래프,아이원,막걸리,맛,그래프,단맛,신맛,약함,청량감,바디감,가벼움,약함,약함,강함,강함,강함,무거움,출처,:,주류,문화,컬럼니스트,&,전통주,갤러리,부관장,명욱,NAVER,,,,,
138,단맛,단맛,신맛,청량감,바디감,약함,약함,약함,가벼움,행운,주,맛,그래프,강함,강함,강함,무거움,출저,:,한국,가양주,연구소,류인수,소장,NAVER,,,,,,,,
139,단맛,단맛,신맛,청량감,그랑,꼬또,M5610,맛,그래프,약함,약함,약함,가벼움,강함,강함,강함,바디감,출처,:,주류,문화,컬럼니스트,&,세종,사이버,대학교,명욱,교수,AVER,무거움,,,
140,향,향,바디감,안동,소주,느낌,19.8,맛,그래프,약함,가벼움,목넘김,부드러움,강함,무거움,거침,출처,:,한국,가양주,연구소,류인수,소장,NAVER,,,,,,,,,
141,단맛,단맛,신맛,청량감,바디감,방문,주,탁주,맛,그래프,약함,약함,약함,가벼움,강함,강함,강함,무거움,출처,:,주류,문화,컬럼니스트,&,전통주,갤러리,부관장,명욱,NAVER,,,,
142,단맛,단맛,신맛,청량감,바디감,약함,약함,약함,가벼움,바랑,탁,맛,그래프,강함,강함,강함,무거움,출저,:,한국,가양주,연구소,류인수,소장,NAVER,,,,,,,,
143,지장수호박막걸리 맛 그래프,지장수,호박,막걸리,맛,그래프,단맛,낮음,신맛,청량감,바디감,낮음,낮음,무거움,높음,높음,높음,가벼움,출처,:,한국,가양주,연구소,류인수,소장,AVER,,,,,,,
144,단맛,단맛,신맛,청량감,전주,술,로,시티,풍남문,맛,그래프,약함,약함,약함,바디감,가벼움,강함,강함,강함,무거움,출처,:,주류,문화,컬럼니스트,&,전통주,갤러리,부관장,명욱,NAVER,,
145,문희 '햇찹쌀수제 전통주' 맛 그래프,문희,',햇,찹쌀,수제,전통주,',맛,그래프,단맛,낮음,신맛,청량감,바디감,낮음,낮음,무거움,높음,높음,높음,가벼움,출처,:,한국,가양주,연구소,류인수,소장,AVER,,,
146,단맛,단맛,신맛,청량감,바디감,예밀,와인,로제,맛,그래프,약함,약함,약함,가벼움,강함,강함,강함,무거움,출저,:,한국,가양주,연구소,류인수,소장,NAVER,,,,,,,
147,단맛,단맛,신맛,청량감,그랑,티,그르,M1988,맛,그래프,약함,약함,약함,바디감,가벼움,강함,강함,강함,무거움,출처,:,주류,문화,컬럼니스트,&,전통주,갤러리,부관장,명욱,NAVER,,,
148,여포의 꿈(화이트) 맛 그래프,여포,의,꿈,(,화이트,),맛,그래프,단맛,낮음,신맛,바디감,목넘김,낮음,낮음,무거움,높음,높음,높음,가벼움,출처,:,한국,가양주,연구소,류인수,소장,AVER,,,,
149,백련생막걸리 Misty 맛 그래프,백련,생,막걸리,Misty,맛,그래프,단맛,신맛,청량감,바디감,낮음,낮음,낮음,무거움,높음,높음,높음,가벼움,출처,:,한국,가양주,연구소,류인수,소장,AVER,,,,,,
150,단맛,단맛,신맛,청량감,젤,코바,프리미엄,와인,맛,그래프,약함,약함,약함,가벼움,강함,강함,강함,바디감,출처,:,주류,문화,컬럼니스트,&,세종,사이버,대학교,명욱,교수,(,VER,무거움,
151,죽력고 맛 그래프,죽력고,맛,그래프,약함,향,바디감,가벼움,목넘김,부드러움,강함,무거움,거침,출처,:,한국,가양주,연구소,류인수,소장,NAVER,,,,,,,,,,,,
152,단맛,단맛,신맛,청량감,바디감,가을,빛,레드,와인,맛,그래프,약함,약함,약함,가벼움,강함,강함,강함,무거움,출처,:,주류,문화,컬럼니스트,&,전통주,갤러리,부관장,명욱,|,:,AVER,
153,단맛,단맛,신맛,청량감,바디감,고,소리,술,맛,그래프,낮음,낮음,낮음,무거움,높음,높음,높음,가벼움,출처,:,한국,가양주,연구소,류인수,소장,AVER,,,,,,,
154,명인안동소주 호리병 맛 그래프,명인,안동,소주,호리병,맛,그래프,향기,약함,맛,바디감,드라이,라이트,강함,스위트,헤비,출처,:,한국,가양주,연구소,류인수,소장,NAVER,,,,,,,,,
155,단맛,단맛,신맛,청량감,천등산,차례,주,맛,그래프,약함,약함,약함,바디감,가벼움,강함,강함,강함,무거움,출처,:,주류,문화,컬럼니스트,&,세종,사이버,대학교,명욱,교수,VER,,,
156,단맛,단맛,신맛,청량감,바디감,풍정,사계,추,맛,그래프,낮음,낮음,낮음,무거움,높음,높음,높음,가벼움,출처,:,한국,가양주,연구소,류인수,소,NAVER,,,,,,,
157,단맛,단맛,신맛,청량감,시나브로,레드,스위트,맛,그래프,약함,약함,약함,강함,가벼움,강함,강함,바디감,출처,:,주류,문화,컬럼니스트,&,전통주,갤러리,부관장,명욱,VER,무거움,,,,
158,향,향,바디감,진맥,소주,40,%,맛,그래프,약함,가벼움,목넘김,부드러움,강함,무거움,거침,출처,:,한국,가양주,연구소,류인수,소장,VER,,,,,,,,,
159,단맛,단맛,신맛,청량감,바디감,약함,약함,약함,가벼움,삼선,맛,그래프,강함,강함,강함,무거움,출저,:,한국,가양주,연구소,류인수,소장,,,,,,,,,,
160,단맛,단맛,신맛,청량감,바디감,영일만,친구,막걸리,맛,그래프,약함,약함,약함,가벼움,강함,강함,강함,무거움,출저,:,한국,가양주,연구소,류인수,소장,NAVER,,,,,,,
161,단맛,단맛,신맛,청량감,바디감,인천,생소,성주,맛,그래프,낮음,낮음,낮음,무거움,높음,높음,높음,가벼움,출처,:,한국,가양주,연구소,류인수,소장,AVER,,,,,,,
162,호담 산양산삼 막걸리 맛 그래프,호담,산양,산삼,막걸리,맛,그래프,단맛,신맛,청량감,바디감,가벼움,약함,약함,약함,강함,강함,강함,무거움,출처,:,한국,가양주,연구소,류인수,소장,NAVER,,,,,,
163,오메기 맑은술 맛 그래프,오,메기,맑은,술,맛,그래프,단맛,신맛,청량감,바디감,가벼움,약함,약함,약함,강함,강함,강함,무거움,출처,:,한국,가양주,연구소,류인수,소장,NAVER,,,,,,
164,예담은 한산소곡주 맛 그래프,예담,은,한산,소곡주,맛,그래프,단맛,낮음,신맛,청량감,바디감,낮음,낮음,무거움,높음,높음,높음,가벼움,출처,:,한국,가양주,연구소,류인수,소,NAVER,,,,,,
165,단맛,단맛,신맛,청량감,바디감,약함,약함,약함,술,헤는,밤,맛,그래프,가벼움,강함,강함,강함,무거움,출저,:,한국,가양주,연구소,류인수,소장,",",NAVER,,,,,,
166,단맛,단맛,신맛,크라,테,레드,와인,드라이,밤,맛,그래프,청량감,바디감,약함,약함,약함,가벼움,강함,강함,강함,무거움,출저,:,한국,가양주,연구소,류인수,소장,VER,,,,
167,청명주 맛 그래프,청명주,맛,그래프,단,맛,신맛,청량감,바디감,가벼움,약함,약함,약함,강함,강함,강함,무거움,출처,:,주류,문화,컬럼니스트,&,전통주,갤러리,부관장,명욱,NAVER,,,,,
168,단맛,단맛,신맛,청량감,바디감,회곡,생,동동주,맛,그래프,낮음,낮음,낮음,무거움,높음,높음,높음,가벼움,출처,:,한국,가양주,연구소,류인수,소장,AVER,,,,,,,
169,단맛,단맛,신맛,청량감,바디감,소백산,청,동동주,맛,그래프,낮음,낮음,낮음,무거움,높음,높음,높음,가벼움,출처,:,한국,가양주,연구소,류인수,소장,AVER,,,,,,,
170,김포 막걸리 맛 그래프,김포,막걸리,맛,그래프,단맛,약함,신맛,청량감,바디감,가벼움,약함,약함,강함,강함,강함,무거움,출처,:,한국,가양주,연구소,류인수,소장,NAVER,,,,,,,,
171,단맛 낮음,단맛,낮음,신맛,청량감,명인,홍삼,주,맛,그래프,바디감,낮음,낮음,무거움,높음,높음,가벼움,출처,:,한국,가양주,연구소,류인수,NAVER,,,,,,,,,
172,천비향 오양주 탁주 맛 그래프,천비,향,오,양주,탁주,맛,그래프,단맛,약함,신맛,청량감,바디감,가벼움,약함,약함,강함,강함,강함,무거움,출처,:,한국,가양주,연구소,류인수,소장,NAVER,,,,,
173,부안참뽕막걸리 맛 그래프,부안,참뽕,막걸리,맛,그래프,단맛,신맛,청량감,바디감,낮음,낮음,낮음,무거움,높음,높음,높음,가벼움,출처,:,한국,가양주,연구소,류인수,소,NAVER,,,,,,,
174,로얄안동소주 18년 맛 그래프,로얄,안동,소주,18,년,맛,그래프,향기,약함,맛,바디감,드라이,라이트,강함,스위트,헤비,출처,:,한국,가양주,연구소,류인수,소장,NAVER,,,,,,,,
175,향,향,바디감,약함,가벼움,감,이슬,맛,그래프,목넘김,부드러움,강함,무거움,거침,출처,:,한국,가양주,연구소,류인수,소장,NAVER,,,,,,,,,,,
176,향기,향기,맛,바디감,설궁,맛,그래프,약함,드라이,라이트,강함,스위트,헤비,출처,:,한국,가양주,연구소,류인수,소장,NAVER,,,,,,,,,,,,
177,향,향,바디감,약함,가벼움,목넘김,부드러움,귀감,맛,그래프,강함,무거움,거침,출처,:,주류,문화,컬럼니스트,&,전통주,갤러리,부관장,명욱,MER,,,,,,,,,
178,문경주조 오미자 생막걸리 맛 그래프,문경,주조,오미자,생,막걸리,맛,그래프,단맛,신맛,청량감,바디감,낮음,낮음,낮음,무거움,높음,높음,높음,가벼움,출처,:,한국,가양주,연구소,류인수,소장,AVER,,,,,
179,왕율주 맛 그래프,왕,율주,맛,그래프,약함,향,바디감,가벼움,목넘김,부드러움,강함,무거움,거침,출처,:,주류,문화,컬럼니스트,&,전통주,갤러리,부관장,명욱,NAVER,,,,,,,,
180,단맛,단맛,신맛,청량감,구기,홍주,14,맛,그래프,약함,약함,약함,바디감,가벼움,강함,강함,강함,무거움,출저,:,한국,가양주,연구소,류인수,소장,NAVER,,,,,,,
181,톡한잔소주 맛 그래프,톡,한잔,소주,맛,그래프,향기,약함,맛,바디감,드라이,라이트,강함,스위트,헤비,출처,:,한국,가양주,연구소,류인수,소장,NAVER,,,,,,,,,,
182,단맛,단맛,신맛,청량감,바디감,천안,연미주,맛,그래프,낮음,낮음,낮음,무거움,높음,높음,높음,가벼움,출처,:,한국,가양주,연구소,류인수,소,NAVER,,,,,,,,
183,단맛,단맛,신맛,청량감,감악산,머루주,맛,그래프,약함,약함,약함,강함,가벼움,강함,강함,바디감,출처,:,주류,문화,컬럼니스트,&,세종,사이버,대학교,명욱,교수,VER,무거움,,,,
184,김포약주 맛 그래프,김포,약주,맛,그래프,단맛,신맛,약함,청량감,바디감,가벼움,약함,약함,강함,강함,강함,무거움,출처,:,한국,가양주,연구소,류인수,소장,NAVER,,,,,,,,
185,단맛,단맛,신맛,청량감,바디감,정,고집,옛날,생,동동주,맛,그래프,약함,약함,약함,가벼움,강함,강함,강함,무거움,출처,:,주류,문화,컬럼니스트,&,전통주,갤러리,부관장,명욱,NÁVER,,
186,고창선운산 땡큐복분자주 맛 그래프,고창,선운산,땡큐,복분자주,맛,그래프,단맛,신맛,청량감,바디감,가벼움,약함,약함,약함,강함,강함,강함,무거움,출처,:,한국,가양주,연구소,류인수,소장,NAVER,,,,,,
187,단맛,단맛,신맛,청량감,바디감,예밀,인,레드,스위트,맛,그래프,약함,약함,약함,가벼움,강함,강함,강함,무거움,출저,:,한국,가양주,연구소,류인수,소장,VER,,,,,,
188,단맛,단맛,신맛,청량감,동학,1957,맛,그래프,약함,약함,약함,가벼움,강함,강함,강함,바디감,출처,:,주류,문화,컬럼니스트,&,세종,사이버,대학교,명욱,교수,VER,무거움,,,,
189,단맛,단맛,신맛,청량감,약함,약함,약함,바디감,가벼움,모월,청맛,그래프,강함,강함,강함,무거움,출저,:,한국,가양주,연구소,류인수,소장,NAVER,,,,,,,,,
190,향,향,바디감,진맥,소주,53,%,맛,그래프,약함,가벼움,목넘김,부드러움,강함,무거움,거침,출처,:,한국,가양주,연구소,류인수,소장,NAVER,,,,,,,,,
191,녹천 한산소곡주(살균) 맛 그래프,녹천,한산,소곡주,(,살균,),맛,그래프,단맛,신맛,청량감,바디감,낮음,낮음,낮음,무거움,높음,높음,높음,가벼움,출처,:,한국,가양주,연구소,류인수,소,NAVER,,,,
192,향기,향기,맛,바디감,설레,온,맛,그래프,약함,드라이,라이트,강함,스위트,헤비,출처,:,한국,가양주,연구소,류인수,소장,NAVER,,,,,,,,,,,
193,단맛,단맛,신맛,청량감,바디감,유자,동동주,맛,그래프,약함,약함,약함,가벼움,강함,강함,강함,무거움,출저,:,한국,가양주,연구소,류인수,소장,",",NAVER,,,,,,,
194,고창선운산복분자주 특1호 맛 그래프,고창,선운산,복분자주,특,1,호,맛,그래프,단맛,약함,신맛,청량감,바디감,가벼움,약함,약함,강함,강함,강함,무거움,출처,:,한국,가양주,연구소,류인수,소장,NAVER,,,,
195,단맛,단맛,신맛,청량감,바디감,희양산,막걸리,15,%,맛,그래프,약함,약함,약함,가벼움,강함,강함,강함,무거움,출저,:,한국,가양주,연구소,류인수,소장,",",,,,,,
196,단맛,단맛,신맛,청량감,포엠,레드,드라이,와인,맛,그래프,약함,약함,약함,바디감,가벼움,강함,강함,강함,무거움,출처,:,주류,문화,컬럼니스트,&,세종,사이버,대학교,명욱,교수,NAVER,,
197,향,향,맛,신선,주,증류주,맛,그래프,약함,드라이,바디감,가벼움,목넘김,부드러움,강함,스위트,무거움,거침,출처,:,농업,회사,법인,신선,NAVER,,,,,,,,
198,소백산 오곡진상주맛그래프,소백산,오곡,진상,주맛,그래프,단맛,신맛,청량감,바디감,낮음,낮음,낮음,무거움,높음,높음,높음,가벼움,출처,:,한국,가양주,연구소,류인수,소장,AVER,,,,,,,
199,단맛,단맛,신맛,청량감,바디감,만강,에,비친,달맛,그래프,낮음,낮음,낮음,무거움,높음,높음,높음,가벼움,출처,:,한국,가양주,연구소,류인수,소장,AVER,,,,,,,
200,향,향,바디감,약함,가벼움,두리,향,맛,그래프,목넘김,부드러움,강함,무거움,거침,출처,:,주류,문화,컬럼니스트,&,전통주,갤러리,부관장,명욱,NAVER,,,,,,,,
201,단맛,단맛,신맛,신선,주,약주,맛,그래프,균형감,약함,약함,바디감,가벼움,강함,강함,무거움,출처,:,농업,회사,법인,㈜,신선,NAVER,,,,,,,,,
202,단맛,단맛,신맛,청량감,바디감,회곡,생,막걸리,맛,그래프,낮음,낮음,낮음,무거움,높음,높음,높음,가벼움,출처,:,한국,가양주,연구소,류인수,소장,AVER,,,,,,,
203,단맛,단맛,신맛,청량감,바디감,예화,맛,그래프,낮음,낮음,낮음,무거움,높음,높음,높음,가벼움,출처,:,한국,가양주,연구소,류인수,소,NAVER,,,,,,,,,
204,단맛,단맛,신맛,청량감,시나브로,드,글로리아,맛,그래프,약함,약함,약함,바디감,가벼움,강함,강함,강함,무거움,출처,:,주류,문화,컬럼니스트,&,전통주,갤러리,부관장,명욱,",",NAVER,,,
205,단맛,단맛,신맛,청량감,바디감,찰,막걸리,맛,그래프,낮음,낮음,낮음,무거움,높음,높음,높음,가벼움,출처,:,한국,가양주,연구소,류인수,NAVER,,,,,,,,,
206,단맛,단맛,신맛,청량감,바디감,율무,동동주,맛,그래프,약함,약함,약함,가벼움,강함,강함,강함,무거움,출처,:,주류,문화,컬럼니스트,&,세종,사이버,대학교,명욱,교수,NAVER,,,,
207,향기 약함,향기,약함,맛,불,소곡주,맛,그래프,바디감,드라이,라이트,강함,스위트,헤비,출처,:,한국,가양주,연구소,류인수,소장,NAVER,,,,,,,,,,,
208,향,향,바디감,겨울,소주,25,맛,그래프,약함,가벼움,목넘김,부드러움,강함,무거움,거침,출처,:,한국,가양주,연구소,류인수,소장,VER,,,,,,,,,,
209,산막 생유막걸리 맛 그래프,산막,생유,막걸리,맛,그래프,단맛,신맛,청량감,바디감,낮음,낮음,낮음,무거움,높음,높음,높음,가벼움,출처,:,한국,가양주,연구소,류인수,소,NAVER,,,,,,,
210,단맛,단맛,신맛,바디감,목넘김,내장산,복분자주,맛,그래프,낮음,낮음,낮음,무거움,높음,높음,높음,가벼움,출처,:,한국,가양주,연구소,류인수,소장,AVER,,,,,,,,
211,풍정사계 동 맛 그래프,풍정,사계,동,맛,그래프,향기,약함,맛,바디감,드라이,라이트,강함,스위트,헤비,출처,:,한국,가양주,연구소,류인수,소장,NAVER,,,,,,,,,,
212,향,향,바디감,약함,가벼움,목넘김,부드러움,홍로,맛,그래프,강함,무거움,거침,출처,:,주류,문화,컬럼니스트,&,세종,사이버,대학교,명욱,교수,NAVER,,,,,,,,
213,단맛,단맛,신맛,청량감,샹스,프랑,보아즈,맛,그래프,약함,약함,약함,바디감,가벼움,강함,강함,강함,무거움,출처,:,주류,문화,컬럼니스트,&,전통주,갤러리,부관장,명욱,NAVER,,,,
214,명인안동소주 22 맛 그래프,명인,안동,소주,22,맛,그래프,향기,약함,맛,바디감,드라이,라이트,강함,스위트,헤비,출처,:,한국,가양주,연구소,류인수,소장,NAVER,,,,,,,,,
215,천비향 화주 맛 그래프,천비,향,화주,맛,그래프,약함,향,바디감,가벼움,목넘김,부드러움,강함,무거움,거침,출처,:,한국,가양주,연구소,류인수,소장,NAVER,,,,,,,,,,
216,단맛,단맛,신맛,청량감,바디감,봉하,쌀,생,막걸리,맛,그래프,약함,약함,약함,가벼움,강함,강함,강함,무거움,출저,:,한국,가양주,연구소,류인수,소장,NAVER,,,,,,
217,단맛,단맛,신맛,청량감,맑은,내일,발효,막걸리,맛,그래프,약함,약함,약함,강함,가벼움,강함,강함,바디감,출처,:,주류,문화,컬럼니스트,&,세종,사이버,대학교,명욱,교수,VER,무거움,,
218,오미로제 프리미어와인 맛 그래프,오미,로제,프리미어,와인,맛,그래프,단맛,약함,신맛,청량감,바디감,가벼움,약함,약함,강함,강함,강함,무거움,출처,:,주류,문화,컬럼니스트,&,전통주,갤러리,부관장,명욱,NAVER,,,
219,단맛,단맛,신맛,청량감,바디감,석탄,주,탁주,맛,그래프,약함,약함,약함,가벼움,강함,강함,강함,무거움,출처,:,주류,문화,컬럼니스트,&,전통주,갤러리,부관장,명욱,VER,,,,
220,향,향,바디감,충주,백주,맛,그래프,약함,가벼움,목넘김,부드러움,강함,무거움,거침,출처,:,주류,문화,컬럼니스트,&,세종,사이버,대학교,명욱,교수,NAVER,,,,,,,
221,단맛,단맛,신맛,청량감,바디감,자두,와인,레드,맛,그래프,낮음,낮음,낮음,무거움,높음,높음,높음,가벼움,출처,:,한국,가양주,연구소,류인수,소,NAVER,,,,,,,
222,녹천 소곡화주 500 맛 그래프,녹천,소곡,화주,500,맛,그래프,향기,약함,맛,바디감,드라이,라이트,강함,스위트,헤비,출처,:,한국,가양주,연구소,류인수,소장,NAVER,,,,,,,,,
223,단맛,단맛,신맛,시나브로,에,뚜왈,스파클링,맛,그래프,청량감,약함,약함,약함,바디감,가벼움,강함,강함,강함,무거움,출처,:,주류,문화,컬럼니스트,&,전통주,갤러리,부관장,명욱,NAVER,,,
224,단맛,단맛,신맛,청량감,바디감,추성,주,맛,그래프,낮음,낮음,낮음,무거움,높음,높음,높음,가벼움,출처,:,한국,가양주,연구소,류인수,소장,AVER,,,,,,,,
225,뱅꼬레 화이트와인 맛 그래프,뱅,꼬레,화이트,와인,맛,그래프,단맛,신맛,청량감,바디감,가벼움,약함,약함,약함,강함,강함,강함,무거움,출처,:,주류,문화,컬럼니스트,&,전통주,갤러리,부관장,명욱,NAVER,,,
226,향,향,바디감,송화,백일주,맛,그래프,약함,가벼움,목넘김,부드러움,강함,무거움,거침,출처,:,한국,가양주,연구소,류인수,소장,NAVER,,,,,,,,,,,
227,서울의 밤 맛 그래프,서울,의,밤,맛,그래프,약함,향,바디감,가벼움,목넘김,부드러움,강함,무거움,거침,출처,:,한국,가양주,연구소,류인수,소장,NAVER,,,,,,,,,,
228,삼양춘 생약주 맛 그래프,삼양,춘,생약,주,맛,그래프,단맛,신맛,청량감,바디감,가벼움,약함,약함,약함,강함,강함,강함,무거움,출처,:,한국,가양주,연구소,류인수,소장,NAVER,,,,,,
229,단맛,단맛,신맛,청량감,바디감,기다림,34,맛,그래프,약함,약함,약함,가벼움,강함,강함,강함,무거움,출저,:,한국,가양주,연구소,류인수,소장,NAVER,,,,,,,,
230,단맛,단맛,신맛,청량감,바디감,동몽,맛,그래프,낮음,낮음,낮음,무거움,높음,높음,높음,가벼움,출처,:,한국,가양주,연구소,류인수,소장,AVER,,,,,,,,,
231,단맛,단맛,신맛,청량감,시나브로,화이트,와인,맛,그래프,약함,약함,약함,바디감,가벼움,강함,강함,강함,무거움,출처,:,주류,문화,컬럼니스트,&,세종,사이버,대학교,명욱,교수,VER,,,
232,선운산의아침 복분자막걸리 맛 그래프,선운산,의,아침,복분자,막걸리,맛,그래프,단맛,신맛,청량감,바디감,낮음,낮음,낮음,무거움,높음,높음,높음,가벼움,출처,:,한국,가양주,연구소,류인수,NAVER,,,,,,
233,계룡백일주 12년 맛 그래프,계룡,백일주,12,년,맛,그래프,향기,약함,맛,바디감,드라이,라이트,강함,스위트,헤비,출처,:,한국,가양주,연구소,류인수,소장,NAVER,,,,,,,,,
234,단맛 낮음,단맛,낮음,신맛,청량감,소양강,생,막걸리,맛,그래프,바디감,낮음,낮음,무거움,높음,높음,높음,가벼움,출처,:,한국,가양주,연구소,류인수,소장,AVER,,,,,,,
235,단맛,단맛,신맛,청량감,바디감,맑은,내일,우포,맛,그래프,약함,약함,약함,가벼움,강함,강함,강함,무거움,출처,:,주류,문화,컬럼니스트,&,세종,사이버,대학교,명욱,교수,VER,,,
236,단맛,단맛,신맛,청량감,바디감,은자,골생,탁배기,맛,그래프,낮음,낮음,낮음,무거움,높음,높음,높음,가벼움,출처,:,한국,가양주,연구소,류인수,소장,AVER,,,,,,,
237,단맛,단맛,신맛,청량감,바디감,도로시,머루주,맛,그래프,약함,약함,약함,가벼움,강함,강함,강함,무거움,출처,:,주류,문화,컬럼니스트,&,세종,사이버,대학교,명욱,교수,VER,,,,
238,단맛,단맛,신맛,바디감,목넘김,명가,복분자,술맛,그래프,낮음,낮음,낮음,무거움,높음,높음,높음,가벼움,출처,:,한국,가양주,연구소,류인수,소장,AVER,,,,,,,,
239,단맛,단맛,신맛,청량감,바디감,크라,테,레드,와인,스위트,맛,그래프,약함,약함,약함,가벼움,강함,강함,강함,무거움,출저,:,한국,가양주,연구소,류인수,소장,,,,,,
240,단맛,단맛,신맛,청량감,바디감,동정,춘,막걸리,맛,그래프,약함,약함,약함,가벼움,강함,강함,강함,무거움,출저,:,한국,가양주,연구소,류인수,소장,VER,,,,,,,
241,단맛,단맛,신맛,바디감,목넘김,솔송,주맛,그래프,낮음,낮음,낮음,무거움,높음,높음,높음,가벼움,출처,:,한국,가양주,연구소,류인수,소장,AVER,,,,,,,,,
242,단맛,단맛,신맛,청량감,바디감,주산지,막걸리,맛,그래프,약함,약함,약함,가벼움,강함,강함,강함,무거움,출저,:,한국,가양주,연구소,류인수,소장,NAVER,,,,,,,,
243,단맛,단맛,신맛,청량감,바디감,허니비,와인,맛,그래프,낮음,낮음,낮음,무거움,높음,높음,높음,가벼움,출처,:,한국,가양주,연구소,류인수,소,NAVER,,,,,,,,
244,단맛,단맛,신맛,청량감,바디감,명작,복분자,맛,그래프,낮음,낮음,낮음,무거움,높음,높음,높음,가벼움,출처,:,한국,가양주,연구소,류인수,소,NAVER,,,,,,,,
245,술아 국화주 맛 그래프,술아,국화주,맛,그래프,단맛,약함,신맛,청량감,바디감,가벼움,약함,약함,강함,강함,강함,무거움,출처,:,주류,문화,컬럼니스트,&,전통주,갤러리,부관장,명욱,NAVER,,,,,
246,단맛,단맛,신맛,청량감,바디감,이강주,(,19,%,),맛,그래프,낮음,낮음,낮음,무거움,높음,높음,높음,가벼움,출처,:,한국,가양주,연구소,류인수,소장,AVER,,,,,
247,여포의 꿈(레드 스위트) 맛 그래프,여포,의,꿈,(,레드,스위트,),맛,그래프,단맛,신맛,바디감,목넘김,낮음,낮음,낮음,무거움,높음,높음,높음,가벼움,출처,:,한국,가양주,연구소,류인수,소장,AVER,,,
248,향,향,바디감,황금,보리,소주,40,맛,그래프,약함,가벼움,목넘김,부드러움,강함,무거움,거침,출처,:,한국,가양주,연구소,류인수,소장,VER,,,,,,,,,
249,지평생막걸리 쌀막걸리 맛 그래프,지,평생,막걸리,쌀,막걸리,맛,그래프,단맛,신맛,청량감,바디감,낮음,낮음,낮음,무거움,높음,높음,높음,가벼움,출처,:,한국,가양주,연구소,류인수,소장,AVER,,,,,
250,단맛,단맛,신맛,청량감,바디감,맑은,술,해밀,맛,그래프,약함,약함,약함,가벼움,강함,강함,강함,무거움,출처,:,주류,문화,컬럼니스트,&,전통주,갤러리,부관장,명욱,NAVER,,,,
251,단맛,단맛,신맛,청량감,바디감,백련,맑은,술맛,그래프,낮음,낮음,낮음,무거움,높음,높음,높음,가벼움,출처,:,한국,가양주,연구소,류인수,소장,AVER,,,,,,,,
252,단맛,단맛,신맛,청량감,바디감,복분자,음,맛,그래프,낮음,낮음,낮음,무거움,높음,높음,높음,가벼움,출처,:,한국,가양주,연구소,류인수,소,NAVER,,,,,,,,
253,단맛,단맛,신맛,바디감,목넘김,오미,시앙,스페셜,맛,그래프,낮음,낮음,낮음,무거움,높음,높음,높음,가벼움,출처,:,한국,가양주,연구소,류인수,소장,AVER,,,,,,,
254,진도홍주 루비콘 맛 그래프,진도,홍주,루비콘,맛,그래프,향기,약함,맛,바디감,드라이,라이트,강함,스위트,헤비,출처,:,한국,가양주,연구소,류인수,소장,NAVER,,,,,,,,,,
255,향,향,바디감,원조,소곡주,맛,그래프,약함,가벼움,목넘김,부드러움,강함,무거움,거침,출처,:,한국,가양주,연구소,류인수,소장,VER,,,,,,,,,,,
256,문희 '햇찹쌀수제 전통주' 맛 그래프,문희,',햇,찹쌀,수제,전통주,',맛,그래프,단맛,낮음,신맛,청량감,바디감,낮음,낮음,무거움,높음,높음,높음,가벼움,출처,:,한국,가양주,연구소,류인수,소장,AVER,,,
257,김포예주 맛 그래프,김포,예주,맛,그래프,단맛,신맛,청량감,바디감,가벼움,약함,약함,약함,강함,강함,강함,무거움,출처,:,한국,가양주,연구소,류인수,소장,NAVER,,,,,,,,
258,고도리 레드와인 스위트 맛 그래프,고도리,레드,와인,스위트,맛,그래프,단맛,약함,신맛,청량감,바디감,가벼움,약함,약함,강함,강함,강함,무거움,출처,:,주류,문화,컬럼니스트,&,전통주,갤러리,부관장,명욱,NAVER,,,
259,민속주안동소주400 맛 그래프,민속주,안동,소주,400,맛,그래프,향기,약함,맛,바디감,드라이,라이트,강함,스위트,헤비,출처,:,한국,가양주,연구소,류인수,소장,NAVER,,,,,,,,,
260,진쾌남 맛 그래프,진,쾌남,맛,그래프,약함,향,바디감,가벼움,목넘김,부드러움,강함,무거움,거침,출처,:,주류,문화,컬럼니스트,&,전통주,갤러리,부관장,명욱,NAVER,,,,,,,,
261,단맛,단맛,신맛,청량감,바디감,대잎,생,동동주,맛,그래프,약함,약함,약함,가벼움,강함,강함,강함,무거움,출저,:,한국,가양주,연구소,류인수,소장,NAVER,,,,,,,
262,술아 막걸리 맛 그래프,술아,막걸리,맛,그래프,단맛,신맛,청량감,바디감,가벼움,약함,약함,약함,강함,강함,강함,무거움,출처,:,주류,문화,컬럼니스트,&,전통주,갤러리,부관장,명욱,NAVER,,,,,
263,단맛,단맛,신맛,청량감,바디감,산막,대덕,주,맛,그래프,낮음,낮음,낮음,무거움,높음,높음,높음,가벼움,출처,:,한국,가양주,연구소,류인수,소,NAVER,,,,,,,
264,매실원주 15% 맛 그래프,매실,원주,15,%,맛,그래프,향기,약함,맛,바디감,드라이,라이트,강함,스위트,헤비,출처,:,한국,가양주,연구소,류인수,소장,NAVER,,,,,,,,,
265,향,향,바디감,예천,주,만월,24,%,맛,그래프,약함,가벼움,목넘김,부드러움,강함,무거움,거침,출처,:,한국,가양주,연구소,류인수,소장,VER,,,,,,,,
266,술예쁘다 생탁주 맛 그래프,술,예쁘다,생,탁주,맛,그래프,단맛,약함,신맛,청량감,바디감,가벼움,약함,약함,강함,강함,강함,무거움,출처,:,한국,가양주,연구소,류인수,소장,NAVER,,,,,,
267,샤토미소 레드 프리미엄 드라이 맛 그래프,샤토,미소,레드,프리미엄,드라이,맛,그래프,단맛,신맛,청량감,바디감,약함,약함,약함,가벼움,강함,강함,강함,무거움,출처,:,주류,문화,컬럼니스트,&,전통주,갤러리,부관장,명욱,NAVER,,
268,단맛,단맛,신맛,청량감,바디감,풍정,사계,춘,맛,그래프,낮음,낮음,낮음,무거움,높음,높음,높음,가벼움,출처,:,한국,가양주,연구소,류인수,소,NAVER,,,,,,,
269,문경바람 오크 맛 그래프,문경,바람,오크,맛,그래프,약함,향,바디감,가벼움,목넘김,부드러움,강함,무거움,거침,출처,:,주류,문화,컬럼니스트,&,전통주,갤러리,부관장,명욱,NAVER,,,,,,,
270,여포의 꿈(레드 드라이) 맛 그래프,여포,의,꿈,(,레드,드라이,),맛,그래프,단맛,신맛,바디감,목넘김,낮음,낮음,낮음,무거움,높음,높음,높음,가벼움,출처,:,한국,가양주,연구소,류인수,소장,AVER,,,
271,단맛,단맛,신맛,청량감,바디감,약함,약함,약함,천년,담주,맛,그래프,가벼움,강함,강함,강함,무거움,출저,:,한국,가양주,연구소,류인수,소장,VER,,,,,,,,
272,지장수호박 생막걸리 맛 그래프,지장수,호박,생,막걸리,맛,그래프,단맛,신맛,청량감,바디감,낮음,낮음,낮음,무거움,높음,높음,높음,가벼움,출처,:,한국,가양주,연구소,류인수,소장,AVER,,,,,,
273,시나브로 에뚜왈 로제 스파클링 와인 맛 그래프,시나브로,에,뚜왈,로제,스파클링,와인,맛,그래프,단맛,신맛,청량감,약함,약함,약함,강함,강함,강함,바디감,가벼움,출처,:,주류,문화,컬럼니스트,&,세종,사이버,대학교,명욱,교수,VER,무거움
274,단맛,단맛,신맛,청량감,마주,소곡주,맛,그래프,약함,약함,약함,강함,가벼움,강함,강함,바디감,출처,:,주류,문화,컬럼니스트,&,세종,사이버,대학교,명욱,교수,VER,무거움,,,,
275,단맛,단맛,신맛,청량감,바디감,황진이,맛,그래프,낮음,낮음,낮음,무거움,높음,높음,높음,가벼움,출처,:,한국,가양주,연구소,류인수,소,NAVER,,,,,,,,,
276,단맛,단맛,신맛,청량감,바디감,맑은,문희주,맛,그래프,낮음,낮음,낮음,무거움,높음,높음,높음,가벼움,출처,:,한국,가양주,연구소,류인수,소장,AVER,,,,,,,,
277,단맛,단맛,신맛,청량감,약함,약함,약함,당당,하리,맛,그래프,바디감,가벼움,강함,강함,강함,무거움,출처,:,농업,회사,법인,(,주,),세찬,",",NAVER,,,,,
278,향,향,바디감,안동,소주,필,(,Feel,),맛,그래프,약함,가벼움,목넘김,부드러움,강함,무거움,거침,출처,:,한국,가양주,연구소,류인수,소장,NAVER,,,,,,,
279,단맛,단맛,신맛,청량감,바디감,금,이산,농원,복숭아,와인,맛,그래프,약함,약함,약함,가벼움,강함,강함,강함,무거움,출저,:,한국,가양주,연구소,류인수,소장,NAVER,,,,,
280,단맛,단맛,신맛,청량감,약함,약함,약함,오매,백주,맛,그래프,바디감,가벼움,강함,강함,강함,무거움,출저,:,한국,가양주,연구소,류인수,소장,NAVER,,,,,,,,
281,단맛,단맛,신맛,청량감,허니문,와인,맛,그래프,약함,약함,약함,바디감,가벼움,강함,강함,강함,무거움,출처,:,주류,문화,컬럼니스트,&,전통주,갤러리,부관장,명욱,VER,,,,,
282,1000억 막걸리 프리바이오 맛 그래프,1000,억,막걸리,프리,바이오,맛,그래프,단맛,신맛,청량감,약함,약함,약함,강함,강함,강함,바디감,가벼움,출처,:,주류,문화,컬럼니스트,&,세종,사이버,대학교,명욱,교수,VER,무거움,
283,대관령 복분자주 맛 그래프,대관령,복분자주,맛,그래프,단맛,신맛,청량감,바디감,낮음,낮음,낮음,무거움,높음,높음,높음,가벼움,출처,:,한국,가양주,연구소,류인수,소,NAVER,,,,,,,,
284,고도리 화이트와인 드라이 맛 그래프,고도리,화이트,와인,드라이,맛,그래프,단맛,신맛,청량감,바디감,가벼움,약함,약함,약함,강함,강함,강함,무거움,출처,:,주류,문화,컬럼니스트,&,전통주,갤러리,부관장,명욱,NAVER,,,
285,한비 무병장수술 맛 그래프,한비,무병,장수술,맛,그래프,약함,향,바디감,가벼움,목넘김,부드러움,강함,무거움,거침,출처,:,한국,가양주,연구소,류인수,소장,NAVER,,,,,,,,,,
286,감홍로 백자 맛 그래프,감홍로,백자,맛,그래프,향기,약함,맛,바디감,드라이,라이트,강함,스위트,헤비,출처,:,한국,가양주,연구소,류인수,소장,NAVER,,,,,,,,,,,
287,단맛,단맛,신맛,청량감,삼양,춘,청주,맛,그래프,약함,약함,약함,강함,강함,강함,바디감,가벼움,출처,:,주류,문화,컬럼니스트,&,세종,사이버,대학교,명욱,교수,VER,무거움,,,
288,단맛,단맛,신맛,청량감,바디감,창원,생,탁주,맛,그래프,약함,약함,약함,가벼움,강함,강함,강함,무거움,출처,:,주류,문화,컬럼니스트,&,세종,사이버,대학교,명욱,교수,NAVER,,,
289,단맛,단맛,신맛,청량감,바디감,라이스,퐁당,13,맛,그래프,약함,약함,약함,가벼움,강함,강함,강함,무거움,출저,:,한국,가양주,연구소,류인수,소장,VER,,,,,,,
290,향기 약함,향기,약함,맛,호담,300,맛,그래프,바디감,드라이,라이트,강함,스위트,헤비,출처,:,한국,가양주,연구소,류인수,소장,NAVER,,,,,,,,,,,
291,단맛,단맛,신맛,청량감,바디감,금,이산,농원,사과,와인,맛,그래프,약함,약함,약함,가벼움,강함,강함,강함,무거움,출저,:,한국,가양주,연구소,류인수,소장,NAVER,,,,,
292,단맛,단맛,신맛,청량감,젤,코바,캠벨,와인,맛,그래프,약함,약함,약함,강함,강함,강함,바디감,가벼움,출처,:,주류,문화,컬럼니스트,&,세종,사이버,대학교,명욱,교수,VER,무거움,,
293,단맛,단맛,신맛,청량감,그랑,고또,레드,와인,맛,그래프,약함,약함,약함,강함,가벼움,강함,강함,바디감,출처,:,주류,문화,컬럼니스트,&,세종,사이버,대학교,명욱,교수,VER,무거움,,
294,DMZ 240km 맛 그래프,DMZ,240km,맛,그래프,향기,약함,맛,바디감,드라이,라이트,강함,스위트,헤비,출처,:,한국,가양주,연구소,류인수,소장,NAVER,,,,,,,,,,,
295,단맛,단맛,신맛,청량감,바디감,원조,소곡주,맛,그래프,약함,약함,약함,가벼움,강함,강함,강함,무거움,출저,:,한국,가양주,연구소,류인수,소장,VER,,,,,,,,
296,향,향,바디감,해방,주,18.8,%,맛,그래프,약함,가벼움,목넘김,부드러움,강함,무거움,거침,출처,:,한국,가양주,연구소,류인수,소장,NAVER,,,,,,,,,
297,향,향,바디감,진맥,소주,22,%,맛,그래프,약함,가벼움,목넘김,부드러움,강함,무거움,거침,출처,:,한국,가양주,연구소,류인수,소장,NAVER,,,,,,,,,
298,뱅꼬레 레드와인 맛 그래프,뱅,꼬레,레드,와인,맛,그래프,단맛,신맛,청량감,바디감,가벼움,약함,약함,약함,강함,강함,강함,무거움,출처,:,주류,문화,컬럼니스트,&,전통주,갤러리,부관장,명욱,NAVER,,,
299,향,향,바디감,예천,주,사월,36.5,%,맛,그래프,약함,가벼움,목넘김,부드러움,강함,무거움,거침,출처,:,한국,가양주,연구소,류인수,소장,NAVER,,,,,,,,
300,단맛,단맛,신맛,청량감,1000,억,유산균,막걸리,맛,그래프,약함,약함,약함,바디감,가벼움,강함,강함,강함,무거움,출처,:,주류,문화,컬럼니스트,&,세종,사이버,대학교,명욱,교수,NAVER,,
301,단맛,단맛,신맛,청량감,약함,약함,약함,설,련주,맛,그래프,강함,강함,강함,바디감,가벼움,출처,:,주류,문화,컬럼니스트,&,세종,사이버,대학교,명욱,교수,VER,무거움,,,,
302,아황주 맛 그래프,아,황주,맛,그래프,단맛,신맛,청량감,바디감,가벼움,약함,약함,약함,강함,강함,강함,무거움,출처,:,한국,가양주,연구소,류인수,소장,NAVER,,,,,,,,
303,단맛,단맛,신맛,청량감,바디감,신선,주,맛,그래프,낮음,낮음,낮음,무거움,높음,높음,가벼움,출처,:,한국,가양주,연구소,류인수,소,NAVER,,,,,,,,,
304,단맛,단맛,신맛,청량감,바디감,유기농,이,도,맛,그래프,낮음,낮음,낮음,무거움,높음,높음,높음,가벼움,출처,:,한국,가양주,연구소,류인수,소장,AVER,,,,,,,
305,단맛,단맛,신맛,청량감,바디감,추사,블루,맛,그래프,낮음,낮음,낮음,무거움,높음,높음,높음,가벼움,출처,:,한국,가양주,연구소,류인수,소,NAVER,,,,,,,,
306,단맛,단맛,신맛,균형감,운암,1945,맛,그래프,약함,약함,바디감,가벼움,강함,강함,무거움,출처,:,농업,회사,법인,우포,의,아침,주식회사,",",NAVER,,,,,,,
307,단맛,단맛,신맛,바디감,목넘김,미소,아이스,맛,그래프,낮음,낮음,낮음,무거움,높음,높음,높음,가벼움,출처,:,한국,가양주,연구소,류인수,소장,AVER,,,,,,,,
308,계룡백일주 16% 맛 그래프,계룡,백일주,16,%,맛,그래프,단맛,신맛,청량감,바디감,낮음,낮음,낮음,무거움,높음,높음,높음,가벼움,출처,:,한국,가양주,연구소,류인수,NAVER,,,,,,,
309,공주애 오디와인 맛 그래프,공주,애,오디,와인,맛,그래프,단맛,약함,신맛,약함,청량감,바디감,가벼움,약함,강함,강함,강함,무거움,출처,:,주류,문화,컬럼니스트,&,전통주,갤러리,부관장,명욱,NAVER,,,
310,려 고구마증류소주 25% 맛 그래프,려,고구마,증류,소주,25,%,맛,그래프,향기,약,목넘김,바디감,드라이,라이트,강,스위트,헤비,출처,:,한국,가양주,연구소,류인수,소장,AVER,,,,,,,
311,단맛,단맛,신맛,청량감,바디감,풍정,사계,하,맛,그래프,낮음,낮음,낮음,무거움,높음,높음,높음,가벼움,출처,:,한국,가양주,연구소,류인수,소,NAVER,,,,,,,
312,은자골곶감생탁배기 맛 그래프,은자,골,곶감,생,탁배기,맛,그래프,단맛,신맛,청량감,바디감,낮음,낮음,낮음,무거움,높음,높음,높음,가벼움,출처,:,한국,가양주,연구소,류인수,소장,AVER,,,,,
313,단맛,단맛,신맛,청량감,바디감,성포,생,막걸리,맛,그래프,약함,약함,약함,가벼움,강함,강함,강함,무거움,출저,:,한국,가양주,연구소,류인수,소장,VER,,,,,,,
314,단맛,단맛,신맛,청량감,바디감,홍천강,탁주,맛,그래프,낮음,낮음,낮음,무거움,높음,높음,높음,가벼움,출처,:,한국,가양주,연구소,류인수,소장,AVER,,,,,,,,
315,향,향,바디감,목넘김,한비,쌀,소주,맛,그래프,약함,가벼움,부드러움,강함,무거움,거침,출처,:,한국,가양주,연구소,류인수,소장,NAVER,,,,,,,,,,
316,향,향,바디감,연천,우주,맛,그래프,약함,가벼움,목넘김,부드러움,강함,무거움,거침,출처,:,주류,문화,컬럼니스트,&,세종,사이버,대학교,명욱,교수,VER,,,,,,,
317,한비 오가피술 맛 그래프,한비,오가피,술,맛,그래프,약함,향,바디감,가벼움,목넘김,부드러움,강함,무거움,거침,출처,:,한국,가양주,연구소,류인수,소장,NAVER,,,,,,,,,,
318,천비향 오양주 약주 맛 그래프,천비,향,오,양주,약주,맛,그래프,단맛,약함,신맛,청량감,바디감,가벼움,약함,약함,강함,강함,강함,무거움,출처,:,한국,가양주,연구소,류인수,소장,NAVER,,,,,
319,단맛,단맛,신맛,청량감,바디감,양촌,생,동동주,맛,그래프,낮음,낮음,낮음,무거움,높음,높음,높음,가벼움,출처,:,한국,가양주,연구소,류인수,소장,AVER,,,,,,,
320,코이버펑크 머스캣 베일리 에이 맛 그래프,코이,버,펑크,머스,캣,베일리,에이,맛,그래프,단맛,신맛,청량감,약함,약함,약함,바디감,가벼움,강함,강함,강함,무거움,출처,:,코이,버,펑크,NAVER,,,,,
321,단맛,단맛,신맛,청량감,바디감,머루,이야기,맛,그래프,낮음,낮음,낮음,무거움,높음,높음,높음,가벼움,출처,:,한국,가양주,연구소,류인수,NAVER,,,,,,,,,
322,단맛,단맛,신맛,청량감,바디감,평창,머루주,맛,그래프,낮음,낮음,낮음,무거움,높음,높음,높음,가벼움,출처,:,한국,가양주,연구소,류인수,소,NAVER,,,,,,,,
323,단맛,단맛,신맛,청량감,바디감,머,르드,서,드라이,맛,그래프,약함,약함,약함,가벼움,강함,강함,강함,무거움,출처,:,주류,문화,컬럼니스트,&,세종,사이버,대학교,명욱,교수,VER,,
324,향수 우리밀 막걸리 맛 그래프,향수,우리밀,막걸리,맛,그래프,단맛,신맛,약함,청량감,바디감,가벼움,약함,약함,강함,강함,강함,무거움,출처,:,주류,문화,컬럼니스트,&,전통주,갤러리,부관장,명욱,NAVER,,,,
325,향,향,맛,약함,드라이,바디감,가벼움,목넘김,부드러움,33JU,맛,그래프,강함,스위트,무거움,거침,출처,:,농업,회사,법인,33,가,주식회사,",",NAVER,,,,,,,
326,단맛,단맛,신맛,맑은,내일,Winery,단감,명작,맛,그래프,청량감,바디감,약함,약함,약함,가벼움,강함,강함,강함,무거움,출처,:,농업,회사,법인,우포,의,아침,주식회사,",",NAVER,,
327,한주 맛 그래프,한주,맛,그래프,약함,향,바디감,가벼움,목넘김,부드러움,강함,무거움,거침,출처,:,주류,문화,컬럼니스트,&,전통주,갤러리,부관장,명욱,NAVER,,,,,,,,,
328,향,향,바디감,목넘김,원매,맛,그래프,약함,가벼움,부드러움,강함,무거움,거침,출처,:,한국,가양주,연구소,류인수,소장,NAVER,,,,,,,,,,,,
329,단맛,단맛,신맛,청량감,바디감,전주,술,로,시티,오목대,맛,그래프,약함,약함,약함,가벼움,강함,강함,강함,무거움,출처,:,주류,문화,컬럼니스트,&,전통주,갤러리,부관장,명욱,NAVER,,
330,단맛,단맛,신맛,청량감,바디감,금산,인삼주,맛,그래프,낮음,낮음,낮음,무거움,높음,높음,가벼움,출처,:,한국,가양주,연구소,류인수,NAVER,,,,,,,,,,
331,단맛,단맛,신맛,청량감,바디감,편백,숲,산소,막걸리,맛,그래프,약함,약함,약함,가벼움,강함,강함,강함,무거움,출저,:,한국,가양주,연구소,류인수,소장,NAVER,,,,,,
332,단맛,단맛,신맛,청량감,바디감,평창,오디주,맛,그래프,낮음,낮음,낮음,무거움,높음,높음,높음,가벼움,출처,:,한국,가양주,연구소,류인수,소,NAVER,,,,,,,,
333,원매프리미엄 맛 그래프,원매,프리미엄,맛,그래프,향기,약함,맛,바디감,드라이,라이트,강함,스위트,헤비,출처,:,한국,가양주,연구소,류인수,소장,NAVER,,,,,,,,,,,
334,단맛,단맛,신맛,청량감,바디감,진심,홍삼,주,19,맛,그래프,낮음,낮음,낮음,무거움,높음,높음,높음,가벼움,출처,:,한국,가양주,연구소,류인수,NAVER,,,,,,,
335,단맛,단맛,신맛,청량감,산내,울,사과,매주,맛,그래프,약함,약함,약함,강함,가벼움,강함,강함,바디감,출처,:,주류,문화,컬럼니스트,&,세종,사이버,대학교,명욱,교수,VER,무거움,,
336,단맛,단맛,신맛,청량감,유기농,이,도,14,맛,그래프,약함,약함,약함,강함,가벼움,강함,강함,바디감,출처,:,주류,문화,컬럼니스트,&,세종,사이버,대학교,명욱,교수,MER,무거움,,
337,향,향,맛,심플리,애플,맛,그래프,약함,균형감,드라이,바디감,가벼움,목넘김,부드러움,강함,스위트,무거움,거침,출처,:,전진,아,",",이재욱,소믈리에,,,,,,,,
338,천년전주 생막걸리 맛 그래프,천년,전주,생,막걸리,맛,그래프,단맛,신맛,청량감,바디감,낮음,낮음,낮음,무거움,높음,높음,높음,가벼움,출처,:,한국,가양주,연구소,류인수,소장,AVER,,,,,,
339,단맛,단맛,신맛,청량감,바디감,약함,약함,약함,가벼움,설,하담,맛,그래프,강함,강함,강함,무거움,출저,:,한국,가양주,연구소,류인수,소장,NAVER,,,,,,,,
340,향,향,맛,약함,드라이,바디감,가벼움,균형감,이도,32,맛,그래프,목넘김,부드러움,강함,스위트,무거움,거침,출처,:,전진,아,",",이재욱,소믈리에,,,,,,,,
341,단맛,단맛,신맛,청량감,이상헌,탁주,맛,그래프,약함,약함,약함,바디감,가벼움,강함,강함,강함,무거움,출처,:,주류,문화,컬럼니스트,&,전통주,갤러리,부관장,명욱,NAVER,,,,,
342,향,향,맛,배도,가,로아,19,레드,맛,그래프,약함,드라이,바디감,가벼움,목넘김,부드러움,강함,스위트,무거움,거침,출처,:,이현주,소믈리에,vas,NAVER,,,,,,,
343,단맛,단맛,신맛,청량감,바디감,약함,약함,약함,가벼움,애석,맛,그래프,강함,강함,강함,무거움,출저,:,한국,가양주,연구소,류인수,소장,NAVER,,,,,,,,,
344,화주 맛 그래프,화주,맛,그래프,약함,향,바디감,가벼움,목넘김,부드러움,강함,무거움,거침,출처,:,한국,가양주,연구소,류인수,소장,NAVER,,,,,,,,,,,,
345,능이주 맛 그래프,능이,주,맛,그래프,단맛,약함,신맛,약함,청량감,바디감,가벼움,약함,강함,강함,강함,무거움,출처,:,한국,가양주,연구소,류인수,소장,NAVER,,,,,,,,
346,단맛,단맛,신맛,청량감,바디감,기다림,맑은,술,맛,그래프,약함,약함,약함,가벼움,강함,강함,강함,무거움,출처,:,주류,문화,컬럼니스트,&,전통주,갤러리,부관장,명우,VER,,,,
347,블루베리이야기 맛 그래프,블루,베리,이야기,맛,그래프,단맛,신맛,청량감,바디감,낮음,낮음,낮음,무거움,높음,높음,높음,가벼움,출처,:,한국,가양주,연구소,류인수,소,NAVER,,,,,,,
348,단맛,단맛,신맛,청량감,바디감,이강주,(,25,%,),맛,그래프,낮음,낮음,낮음,무거움,높음,높음,높음,가벼움,출처,:,한국,가양주,연구소,류인수,소장,AVER,,,,,
349,석로주 맛 그래프,석로,주,맛,그래프,단맛,약함,신맛,약함,청량감,바디감,가벼움,약함,강함,강함,강함,무거움,출처,:,한국,가양주,연구소,류인수,소장,NAVER,,,,,,,,
350,단맛,단맛,신맛,청량감,바디감,포엠,레드,스위트,와인,맛,그래프,약함,약함,약함,가벼움,강함,강함,강함,무거움,출처,:,주류,문화,컬럼니스트,&,세종,사이버,대학교,명욱,교수,NAVER,,
351,단맛,단맛,신맛,청량감,바디감,지장,수생,막걸리,맛,그래프,낮음,낮음,낮음,무거움,높음,높음,높음,가벼움,출처,:,한국,가양주,연구소,류인수,소장,AVER,,,,,,,
352,단맛,단맛,신맛,청량감,바디감,약함,약함,약함,가벼움,혼디,주,맛,그래프,강함,강함,강함,무거움,출처,:,주류,문화,컬럼니스트,&,전통주,갤러리,부관장,명욱,NAVER,,,,,
353,향,향,바디감,모을,동주,소주,맛,그래프,약함,가벼움,목넘김,부드러움,강함,무거움,거침,출처,:,주류,문화,컬럼니스트,&,세종,사이버,대학교,명욱,교수,NAVER,,,,,,
354,고도리 화이트와인 스위트 맛 그래프,고도리,화이트,와인,스위트,맛,그래프,단맛,신맛,청량감,바디감,가벼움,약함,약함,약함,강함,강함,강함,무거움,출처,:,주류,문화,컬럼니스트,&,전통주,갤러리,부관장,명욱,NAVER,,,
355,지평생막걸리 쌀막걸리 맛 그래프,지,평생,막걸리,쌀,막걸리,맛,그래프,단맛,신맛,청량감,바디감,낮음,낮음,낮음,무거움,높음,높음,높음,가벼움,출처,:,한국,가양주,연구소,류인수,소장,AVER,,,,,
356,단맛,단맛,신맛,청량감,바디감,방문,주,약주,맛,그래프,약함,약함,약함,가벼움,강함,강함,강함,무거움,출처,:,주류,문화,컬럼니스트,&,전통주,갤러리,부관장,명욱,VER,,,,
357,자희향나비 생탁주 맛 그래프,자희,향,나비,생,탁주,맛,그래프,단맛,신맛,청량감,바디감,낮음,낮음,낮음,무거움,높음,높음,높음,가벼움,출처,:,한국,가양주,연구소,류인수,소장,AVER,,,,,
358,애피소드 애플 맛 그래프,애피소드,애플,맛,그래프,단맛,약함,신맛,청량감,바디감,가벼움,약함,약함,강함,강함,강함,무거움,출처,:,주류,문화,컬럼니스트,&,전통주,갤러리,부관장,명욱,NAVER,,,,,
359,단맛,단맛,신맛,청량감,지란지교,무화과,탁주,맛,그래프,균형감,약함,약함,약함,바디감,가벼움,강함,강함,강함,무거움,출처,:,전진,아,",",이재욱,소믈리에,,,,,,,
360,단맛,단맛,신맛,청량감,햇,찹쌀,이,하늘,수,맛,그래프,약함,약함,약함,가벼움,강함,강함,강함,바디감,출처,:,주류,문화,컬럼니스트,&,세종,사이버,대학교,명욱,교수,VER,무거움,
361,소나무와학 맛 그래프,소나무,와,학,맛,그래프,향기,약함,맛,바디감,드라이,라이트,강함,스위트,헤비,출처,:,한국,가양주,연구소,류인수,소장,NAVER,,,,,,,,,,
362,그랑꼬또 청수 맛 그래프,그랑,꼬또,청수,맛,그래프,단맛,신맛,청량감,바디감,낮음,낮음,낮음,무거움,높음,높음,높음,가벼움,출처,:,한국,가양주,연구소,류인수,NAVER,,,,,,,,
363,단맛,단맛,신맛,청량감,바디감,병영,소주,맛,그래프,낮음,낮음,낮음,무거움,높음,높음,높음,가벼움,출처,:,한국,가양주,연구소,류인수,소장,AVER,,,,,,,,
364,독고의눈물 맛 그래프,독고,의,눈물,맛,그래프,향기,약함,맛,바디감,드라이,라이트,강함,스위트,헤비,출처,:,한국,가양주,연구소,류인수,소장,NAVER,,,,,,,,,,
365,김포별주 맛 그래프,김포,별주,맛,그래프,단맛,신맛,청량감,바디감,가벼움,약함,약함,약함,강함,강함,강함,무거움,출처,:,한국,가양주,연구소,류인수,소장,NAVER,,,,,,,,
366,향,향,바디감,담양,죽력고,맛,그래프,약함,가벼움,목넘김,부드러움,강함,무거움,거침,출처,:,한국,가양주,연구소,류인수,소장,NAVER,,,,,,,,,,,
367,감그린 스페셜 맛 그래프,감,그린,스페셜,맛,그래프,단맛,신맛,청량감,바디감,가벼움,약함,약함,약함,강함,강함,강함,무거움,출처,:,주류,문화,컬럼니스트,&,전통주,갤러리,부관장,명욱,NAVER,,,,
368,향,향,바디감,병영성,사또,맛,그래프,약함,가벼움,목넘김,부드러움,강함,무거움,거침,출처,:,한국,가양주,연구소,류인수,소장,NAVER,,,,,,,,,,,
369,톡한잔골드 맛 그래프,톡,한잔,골드,맛,그래프,향기,약함,맛,바디감,드라이,라이트,강함,스위트,헤비,출처,:,한국,가양주,연구소,류인수,소장,NAVER,,,,,,,,,,
370,1932새싹땅콩 햅쌀막걸리 맛 그래프,1932,새싹,땅콩,햅쌀,막걸리,맛,그래프,단맛,신맛,청량감,바디감,낮음,낮음,낮음,무거움,높음,높음,높음,가벼움,출처,:,한국,가양주,연구소,류인수,소,NAVER,,,,,
371,향,향,바디감,샤토,미소,영동,맛,그래프,약함,가벼움,목넘김,부드러움,강함,무거움,거침,출처,:,주류,문화,컬럼니스트,&,전통주,갤러리,부관장,명욱,NAVER,,,,,,,
372,단맛,단맛,신맛,청량감,오산,막걸리,맛,그래프,약함,약함,약함,바디감,가벼움,강함,강함,강함,무거움,출저,:,한국,가양주,연구소,류인수,소장,VER,,,,,,,,
373,그랑티그르S1974 맛 그래프,그랑,티,그르,S1974,맛,그래프,단맛,신맛,청량감,바디감,낮음,낮음,낮음,무거움,높음,높음,높음,가벼움,출처,:,한국,가양주,연구소,류인수,소,NAVER,,,,,,
374,단맛,단맛,신맛,청량감,바디감,두레,앙,와인,맛,그래프,낮음,낮음,낮음,무거움,높음,높음,높음,가벼움,출처,:,한국,가양주,연구소,류인수,소,NAVER,,,,,,,
375,청양둔송구기주 맛 그래프,청양,둔,송구,기주,맛,그래프,단맛,신맛,청량감,바디감,낮음,낮음,낮음,무거움,높음,높음,높음,가벼움,출처,:,한국,가양주,연구소,류인수,소,NAVER,,,,,,
376,단맛,단맛,신맛,청량감,레돔,시드,르,맛,그래프,약함,약함,약함,바디감,가벼움,강함,강함,강함,무거움,출처,:,주류,문화,컬럼니스트,&,전통주,갤러리,부관장,명욱,NAVER,,,,
377,향기 약함,향기,약함,맛,복분자,아락,맛,그래프,바디감,드라이,라이트,강함,스위트,헤비,출처,:,한국,가양주,연구소,류인수,소장,NAVER,,,,,,,,,,,
378,안동소주일품 17 맛 그래프,안동,소주,일품,17,맛,그래프,향기,약함,맛,바디감,드라이,라이트,강함,스위트,헤비,출처,:,한국,가양주,연구소,류인수,소장,NAVER,,,,,,,,,
379,단맛,단맛,신맛,청량감,그랑,꼬또,화이트,와인,맛,그래프,약함,약함,약함,강함,강함,강함,바디감,가벼움,출처,:,주류,문화,컬럼니스트,&,세종,사이버,대학교,명욱,교수,VER,무거움,,
380,청명주 맛 그래프,청명주,맛,그래프,단,맛,신맛,청량감,바디감,가벼움,약함,약함,약함,강함,강함,강함,무거움,출처,:,주류,문화,컬럼니스트,&,전통주,갤러리,부관장,명욱,NAVER,,,,,
381,단맛,단맛,신맛,선운산,복분자주,프리미엄,맛,그래프,청량감,바디감,약함,약함,약함,가벼움,강함,강함,강함,무거움,출처,:,주류,문화,컬럼니스트,&,전통주,갤러리,부관장,명욱,NAVER,,,,
382,단맛,단맛,신맛,청량감,바디감,미르,25s,맛,그래프,낮음,낮음,낮음,무거움,높음,높음,높음,가벼움,출처,:,한국,가양주,연구소,류인수,소장,AVER,,,,,,,,
383,샤토미소(스위트로제) 맛 그래프,샤토,미소,(,스위트,로제,),맛,그래프,단맛,신맛,바디감,목넘김,낮음,낮음,낮음,무거움,높음,높음,높음,가벼움,출처,:,한국,가양주,연구소,류인수,소장,AVER,,,,
384,지리산 정담 생막걸리 맛 그래프,지리산,정담,생,막걸리,맛,그래프,단맛,낮음,신맛,청량감,바디감,낮음,낮음,무거움,높음,높음,가벼움,출처,:,한국,가양주,연구소,류인수,소,NAVER,,,,,,,
385,단맛,단맛,신맛,청량감,바디감,소백산,생,막걸리,맛,그래프,낮음,낮음,낮음,무거움,높음,높음,높음,가벼움,출처,:,한국,가양주,연구소,류인수,소장,AVER,,,,,,,
386,다래와인 7004D 맛 그래프,다래,와인,7004D,맛,그래프,단맛,신맛,청량감,바디감,낮음,낮음,낮음,무거움,높음,높음,높음,가벼움,출처,:,한국,가양주,연구소,류인수,소,NAVER,,,,,,,
387,장홍삼 장수막걸리 맛 그래프,장홍삼,장수,막걸리,맛,그래프,단맛,신맛,청량감,바디감,낮음,낮음,낮음,무거움,높음,높음,가벼움,출처,:,한국,가양주,연구소,류인수,소,NAVER,,,,,,,,
388,1932새싹땅콩 흑미막걸리 맛 그래프,1932,새싹,땅콩,흑미,막걸리,맛,그래프,단맛,신맛,청량감,바디감,낮음,낮음,낮음,무거움,높음,높음,높음,가벼움,출처,:,한국,가양주,연구소,류인수,NAVER,,,,,,
389,단맛,단맛,신맛,청량감,장수,생,막걸리,맛,그래프,바디감,낮음,낮음,낮음,무거움,높음,높음,가벼움,출처,:,한국,가양주,연구소,류인수,소,NAVER,,,,,,,,
390,계룡백일주 30% 맛 그래프,계룡,백일주,30,%,맛,그래프,향기,약함,맛,바디감,드라이,라이트,강함,스위트,헤비,출처,:,한국,가양주,연구소,류인수,소장,NAVER,,,,,,,,,
391,단맛,단맛,신맛,바디감,목넘김,오디,랑맛,그래프,낮음,낮음,낮음,무거움,높음,높음,높음,가벼움,출처,:,한국,가양주,연구소,류인수,소장,AVER,,,,,,,,,
392,대윤가야곡왕주 맛 그래프,대윤,가야곡,왕주,맛,그래프,단맛,신맛,청량감,바디감,낮음,낮음,낮음,무거움,높음,높음,높음,가벼움,출처,:,한국,가양주,연구소,류인수,소,NAVER,,,,,,,
393,향기,향기,맛,바디감,천매,맛,그래프,약함,드라이,라이트,강함,스위트,헤비,출처,:,한국,가양주,연구소,류인수,소장,NAVER,,,,,,,,,,,,
394,단맛,단맛,신맛,청량감,포엠,로제,와인,맛,그래프,약함,약함,약함,강함,강함,강함,바디감,가벼움,출처,:,주류,문화,컬럼니스트,&,세종,사이버,대학교,명욱,교수,VER,무거움,,,
395,향,향,바디감,황금,보리,소주,17,맛,그래프,약함,가벼움,목넘김,부드러움,강함,무거움,거침,출처,:,한국,가양주,연구소,류인수,소장,VER,,,,,,,,,
396,청산녹수 사미인주 맛 그래프,청산,녹수,사,미인주,맛,그래프,단맛,약함,신맛,청량감,바디감,가벼움,약함,약함,강함,강함,강함,무거움,출처,:,한국,가양주,연구소,류인수,소장,NAVER,,,,,,
397,두레앙 증류주 맛 그래프,두레,앙,증류주,맛,그래프,향기,약함,맛,바디감,드라이,라이트,강함,스위트,헤비,출처,:,한국,가양주,연구소,류인수,소장,NAVER,,,,,,,,,,
398,면천두견주 맛 그래프,면천,두견주,맛,그래프,단맛,약함,신맛,청량감,바디감,가벼움,약함,약함,강함,강함,강함,무거움,출처,:,한국,가양주,연구소,류인수,소장,NAVER,,,,,,,,
399,왕피천을 품은 미소생막걸리 맛 그래프,왕피천,을,품은,미소,생,막걸리,맛,그래프,단맛,신맛,약함,청량감,바디감,가벼움,약함,약함,강함,강함,강함,무거움,출처,:,주류,문화,컬럼니스트,&,전통주,갤러리,부관장,명욱,NAVER,
400,선호 생막걸리 맛 그래프,선호,생,막걸리,맛,그래프,단맛,약함,신맛,약함,청량감,바디감,가벼움,약함,강함,강함,강함,무거움,출처,:,주류,문화,컬럼니스트,&,전통주,갤러리,부관장,명욱,NAVER,,,,
401,미소 생막걸리 맛 그래프,미소,생,막걸리,맛,그래프,단맛,약함,신맛,약함,청량감,바디감,가벼움,약함,강함,강함,강함,무거움,출처,:,주류,문화,컬럼니스트,&,전통주,갤러리,부관장,명욱,NAVER,,,,
402,단맛,단맛,신맛,청량감,바디감,해미읍,성,살구,와인,맛,그래프,약함,약함,약함,가벼움,강함,강함,강함,무거움,출저,:,한국,가양주,연구소,류인수,소장,",",NAVER,,,,,
403,단맛,단맛,신맛,청남대,블루,베리,생,막걸리,맛,그래프,청량감,바디감,약함,약함,약함,가벼움,강함,강함,강함,무거움,출처,:,주류,문화,컬럼니스트,&,전통주,갤러리,부관장,명욱,VER,,
404,한스오차드 사과와인 맛 그래프,한스,오차드,사과,와인,맛,그래프,단맛,약함,신맛,청량감,바디감,가벼움,약함,약함,강함,강함,강함,무거움,출처,:,주류,문화,컬럼니스트,&,전통주,갤러리,부관장,명욱,NAVER,,,
405,복순도가 손막걸리 맛 그래프,복순,도,가,손,막걸리,맛,그래프,단맛,낮음,신맛,청량감,바디감,낮음,낮음,무거움,높음,높음,높음,가벼움,출처,:,한국,가양주,연구소,류인수,소장,AVER,,,,,
406,코이버펑크 샤르도네 세미용 블랜드 맛 그래프,코이,버,펑크,샤르도네,세,미용,블랜드,맛,그래프,단맛,신맛,청량감,약함,약함,약함,바디감,가벼움,강함,강함,강함,무거움,출처,:,코이,버,펑크,NAVER,,,,,
407,진심 홍삼인삼주 19% 맛 그래프,진심,홍삼,인삼주,19,%,맛,그래프,단맛,신맛,청량감,바디감,낮음,낮음,낮음,무거움,높음,높음,높음,가벼움,출처,:,한국,가양주,연구소,류인수,소장,AVER,,,,,
408,향,향,바디감,약함,가벼움,목넘김,부드러움,메밀,로,맛,그래프,강함,무거움,거침,출처,:,한국,가양주,연구소,류인수,소장,",",,,,,,,,,,,
409,자두와인 화이트 맛 그래프,자두,와인,화이트,맛,그래프,단맛,신맛,청량감,바디감,낮음,낮음,낮음,무거움,높음,높음,높음,가벼움,출처,:,한국,가양주,연구소,류인수,소,NAVER,,,,,,,
410,단맛,단맛,신맛,청량감,남산,애,포트,와인,맛,그래프,약함,약함,약함,강함,가벼움,강함,강함,바디감,출처,:,주류,문화,컬럼니스트,&,전통주,갤러리,부관장,명욱,VER,무거움,,,
411,청산녹수 생탁주 맛 그래프,청산,녹수,생,탁주,맛,그래프,단맛,약함,신맛,약함,청량감,바디감,가벼움,약함,강함,강함,강함,무거움,출처,:,한국,가양주,연구소,류인수,소장,NAVER,,,,,,
412,자연담은 복분자막걸리 맛 그래프,자연,담은,복분자,막걸리,맛,그래프,단맛,낮음,신맛,청량감,바디감,낮음,낮음,무거움,높음,높음,높음,가벼움,출처,:,한국,가양주,연구소,류인수,소,NAVER,,,,,,
413,단맛,단맛,신맛,청량감,바디감,담솔,맛,그래프,낮음,낮음,낮음,무거움,높음,높음,높음,가벼움,출처,:,한국,가양주,연구소,류인수,소장,AVER,,,,,,,,,
414,술아 매화주 맛 그래프,술아,매화주,맛,그래프,단맛,신맛,청량감,바디감,가벼움,약함,약함,약함,강함,강함,강함,무거움,출처,:,주류,문화,컬럼니스트,&,전통주,갤러리,부관장,명욱,NAVER,,,,,
415,뱅꼬레 로제와인 맛 그래프,뱅,꼬레,로제,와인,맛,그래프,단맛,신맛,청량감,바디감,가벼움,약함,약함,약함,강함,강함,강함,무거움,출처,:,주류,문화,컬럼니스트,&,전통주,갤러리,부관장,명욱,NAVER,,,
416,단맛,단맛,신맛,청량감,약함,약함,약함,뉴트로,맛,그래프,강함,강함,강함,바디감,가벼움,출처,:,주류,문화,컬럼니스트,&,세종,사이버,대학교,명욱,교수,VER,무거움,,,,,
417,스타베리 오디와인 맛 그래프,스타,베리,오디,와인,맛,그래프,단맛,약함,신맛,청량감,바디감,가벼움,약함,약함,강함,강함,강함,무거움,출처,:,주류,문화,컬럼니스트,&,전통주,갤러리,부관장,명욱,NAVER,,,
418,백운 복분자와인 맛 그래프,백운,복분자,와인,맛,그래프,단맛,신맛,청량감,바디감,낮음,낮음,낮음,무거움,높음,높음,높음,가벼움,출처,:,한국,가양주,연구소,류인수,소,NAVER,,,,,,,
419,문희 '문경오미자수제 전통주' 맛 그래프,문희,',문경,오미자,수제,전통주,',맛,그래프,단맛,신맛,청량감,바디감,낮음,낮음,낮음,무거움,높음,높음,높음,가벼움,출처,:,한국,가양주,연구소,류인수,소장,AVER,,,
420,단맛,단맛,신맛,청량감,바디감,볼빨간,막걸리,7,맛,그래프,약함,약함,약함,가벼움,강함,강함,강함,무거움,출저,:,한국,가양주,연구소,류인수,소장,VER,,,,,,,
421,단맛,단맛,신맛,청량감,g12,골디락스,맛,그래프,균형감,약함,약함,약함,바디감,가벼움,강함,강함,강함,무거움,출처,:,전진,아,",",이재욱,소믈리에,,,,,,,,
422,단맛,단맛,신맛,청량감,바디감,도구,막걸리,맛,그래프,약함,약함,약함,가벼움,강함,강함,강함,무거움,출저,:,한국,가양주,연구소,류인수,소장,VER,,,,,,,,
423,단맛,단맛,신맛,청량감,바디감,해미읍,성,모과,와인,밤,맛,그래프,약함,약함,약함,가벼움,강함,강함,강함,무거움,출저,:,한국,가양주,연구소,류인수,소장,",",NAVER,,,,
424,단맛,단맛,신맛,청량감,산내,물,복분자주,맛,그래프,약함,약함,약함,강함,강함,강함,바디감,가벼움,출처,:,주류,문화,컬럼니스트,&,세종,사이버,대학교,명욱,교수,(,VER,무거움,,
425,술그리다 생탁주 맛 그래프,술,그리다,생,탁주,맛,그래프,단맛,신맛,청량감,바디감,가벼움,약함,약함,약함,강함,강함,강함,무거움,출처,:,한국,가양주,연구소,류인수,소장,NAVER,,,,,,
426,단맛,단맛,신맛,청량감,바디감,아이싱,맛,그래프,낮음,낮음,낮음,무거움,높음,높음,높음,가벼움,출처,:,한국,가양주,연구소,류인수,소장,AVER,,,,,,,,,
427,단맛,단맛,신맛,청량감,바디감,자희,향,국화주,맛,그래프,낮음,낮음,낮음,무거움,높음,높음,높음,가벼움,출처,:,한국,가양주,연구소,류인수,소장,AVER,,,,,,,
428,국순당옛날막걸리 맛 그래프,국순당,옛날,막걸리,맛,그래프,단맛,신맛,청량감,바디감,낮음,낮음,낮음,무거움,높음,높음,높음,가벼움,출처,:,한국,가양주,연구소,류인수,소장,AVER,,,,,,,
429,김포약주 맛 그래프,김포,약주,맛,그래프,단맛,신맛,약함,청량감,바디감,가벼움,약함,약함,강함,강함,강함,무거움,출처,:,한국,가양주,연구소,류인수,소장,NAVER,,,,,,,,
430,단맛,단맛,신맛,바디감,목넘김,감사,맛,그래프,낮음,낮음,낮음,무거움,높음,높음,높음,가벼움,출처,:,한국,가양주,연구소,류인수,소장,AVER,,,,,,,,,
431,려 고구마증류소주 40% 맛 그래프,려,고구마,증류,소주,40,%,맛,그래프,향기,약,목넘김,바디감,드라이,라이트,강,스위트,헤비,출처,:,한국,가양주,연구소,류인수,소장,AVER,,,,,,,
432,단맛,단맛,신맛,청량감,바디감,나루,생,막걸리,6,%,맛,그래프,약함,약함,약함,가벼움,강함,강함,강함,무거움,출저,:,한국,가양주,연구소,류인수,소장,NAVER,,,,,
433,단맛,단맛,신맛,바디감,목넘김,내장산,복분자주,맛,그래프,낮음,낮음,낮음,무거움,높음,높음,높음,가벼움,출처,:,한국,가양주,연구소,류인수,소장,AVER,,,,,,,,
434,천지주가햅쌀 생막걸리 맛 그래프,천지,주가,햅쌀,생,막걸리,맛,그래프,단맛,신맛,청량감,바디감,낮음,낮음,낮음,무거움,높음,높음,높음,가벼움,출처,:,한국,가양주,연구소,류인수,소장,AVER,,,,,
435,문배술헤리티지25 맛 그래프,문배,술,헤리티지,25,맛,그래프,향기,약함,맛,바디감,드라이,라이트,강함,스위트,헤비,출처,:,한국,가양주,연구소,류인수,소장,NAVER,,,,,,,,,
436,면천두견주 맛 그래프,면천,두견주,맛,그래프,단맛,약함,신맛,청량감,바디감,가벼움,약함,약함,강함,강함,강함,무거움,출처,:,한국,가양주,연구소,류인수,소장,NAVER,,,,,,,,
437,문경바람 백자 40% 맛 그래프,문경,바람,백자,40,%,맛,그래프,약함,향,바디감,가벼움,목넘김,부드러움,강함,무거움,거침,출처,:,주류,문화,컬럼니스트,&,전통주,갤러리,부관장,명욱,NAVER,,,,,
438,향,향,바디감,약함,신례,명주,맛,그래프,가벼움,목넘김,부드러움,강함,무거움,거침,출처,:,주류,문화,컬럼니스트,&,전통주,갤러리,부관장,명우,VER,,,,,,,,
439,단맛,단맛,신맛,청량감,시나브로,로제,와인,맛,그래프,약함,약함,약함,가벼움,강함,강함,강함,바디감,출처,:,주류,문화,컬럼니스트,&,세종,사이버,대학교,명욱,교수,VER,무거움,,,
440,단맛,단맛,신맛,청량감,바디감,구름,을,벗,삼아,맛,그래프,낮음,낮음,낮음,무거움,높음,높음,높음,가벼움,출처,:,한국,가양주,연구소,류인수,소장,AVER,,,,,,
441,향,향,바디감,황금,보리,소주,25,맛,그래프,약함,가벼움,목넘김,부드러움,강함,무거움,거침,출처,:,한국,가양주,연구소,류인수,소장,VER,,,,,,,,,
442,레돔 내추럴 스파클링 로제와인 맛 그래프,레돔,내추럴,스파클링,로제,와인,맛,그래프,단맛,신맛,청량감,약함,약함,약함,바디감,가벼움,강함,강함,강함,무거움,출처,:,주류,문화,컬럼니스트,&,전통주,갤러리,부관장,명욱,NAVER,,
443,고은달 백자 맛 그래프,고은,달,백자,맛,그래프,약함,향,바디감,가벼움,목넘김,부드러움,강함,무거움,거침,출처,:,주류,문화,컬럼니스트,&,전통주,갤러리,부관장,명욱,NAVER,,,,,,,
444,니모메 맛 그래프,니모,메,맛,그래프,단맛,신맛,약함,청량감,바디감,가벼움,약함,약함,강함,강함,강함,무거움,출처,:,한국,가양주,연구소,류인수,소장,NAVER,,,,,,,,
445,단맛,단맛,신맛,청량감,바디감,담은,맛,그래프,낮음,낮음,낮음,무거움,높음,높음,높음,가벼움,출처,:,한국,가양주,연구소,류인수,NAVER,,,,,,,,,,
446,청산녹수 꿀막걸리 맛 그래프,청산,녹수,꿀,막걸리,맛,그래프,단맛,약함,신맛,청량감,바디감,가벼움,약함,약함,강함,강함,강함,무거움,출처,:,한국,가양주,연구소,류인수,소장,NAVER,,,,,,
447,단맛,단맛,신맛,청량감,바디감,샤토,미소,랑,맛,그래프,약함,약함,약함,가벼움,강함,강함,강함,무거움,출처,:,주류,문화,컬럼니스트,&,전통주,갤러리,부관장,명욱,NAVER,,,,
448,무주구천동 머루와인 맛 그래프,무주,구천동,머루,와인,맛,그래프,단맛,신맛,청량감,바디감,낮음,낮음,낮음,무거움,높음,높음,높음,가벼움,출처,:,한국,가양주,연구소,류인수,소,NAVER,,,,,,
449,면천두견주 맛 그래프,면천,두견주,맛,그래프,단맛,약함,신맛,청량감,바디감,가벼움,약함,약함,강함,강함,강함,무거움,출처,:,한국,가양주,연구소,류인수,소장,NAVER,,,,,,,,
450,명품 진도홍주 맛 그래프,명품,진도,홍주,맛,그래프,향기,약함,맛,바디감,드라이,라이트,강함,스위트,헤비,출처,:,한국,가양주,연구소,류인수,소장,NAVER,,,,,,,,,,
451,호모루덴스 맛 그래프,호모,루덴스,맛,그래프,단맛,신맛,청량감,바디감,가벼움,약함,약함,약함,강함,강함,강함,무거움,출처,:,한국,가양주,연구소,류인수,소장,NAVER,,,,,,,,
452,단맛,단맛,신맛,청량감,바디감,세종대왕,어주,탁주,맛,그래프,약함,약함,약함,가벼움,강함,강함,강함,무거움,출저,:,한국,가양주,연구소,류인수,소장,NAVER,,,,,,,
453,단맛,단맛,신맛,청량감,바디감,술,공방,9.0,맛,그래프,약함,약함,약함,가벼움,강함,강함,강함,무거움,출저,:,한국,가양주,연구소,류인수,소장,NAVER,,,,,,,
454,백련생막걸리 Snow 맛 그래프,백련,생,막걸리,Snow,맛,그래프,단맛,신맛,청량감,바디감,낮음,낮음,낮음,무거움,높음,높음,높음,가벼움,출처,:,한국,가양주,연구소,류인수,소장,AVER,,,,,,
455,애피소드 호프 맛 그래프,애피소드,호프,맛,그래프,단맛,약함,신맛,청량감,바디감,가벼움,약함,약함,강함,강함,강함,무거움,출처,:,주류,문화,컬럼니스트,&,전통주,갤러리,부관장,명욱,NAVER,,,,,
456,단맛,단맛,신맛,청량감,바디감,행운,막걸리,맛,그래프,약함,약함,약함,가벼움,강함,강함,강함,무거움,출저,:,한국,가양주,연구소,류인수,소장,VER,,,,,,,,
457,단맛,단맛,신맛,청량감,유자,생,막걸리,맛,그래프,바디감,낮음,낮음,낮음,무거움,높음,높음,가벼움,출처,:,한국,가양주,연구소,류인수,소,NAVER,,,,,,,,
458,월매 쌀막걸리 맛 그래프,월매,쌀,막걸리,맛,그래프,단맛,약함,신맛,청량감,바디감,가벼움,약함,약함,강함,강함,강함,무거움,출처,:,한국,가양주,연구소,류인수,소장,NAVER,,,,,,,
459,향,향,바디감,티나,(,Tina,),맛,그래프,약함,가벼움,목넘김,부드러움,강함,무거움,거침,출처,:,한국,가양주,연구소,류인수,소장,NAVER,,,,,,,,,
460,단맛,단맛,신맛,청량감,약함,약함,약함,바디감,가벼움,호땅,맛,그래프,강함,강함,강함,무거움,출저,:,한국,가양주,연구소,류인수,소장,VER,,,,,,,,,
461,베베마루 캠벨로제 맛 그래프,베베,마루,캠벨,로제,맛,그래프,단맛,신맛,청량감,바디감,낮음,낮음,낮음,무거움,높음,높음,높음,가벼움,출처,:,한국,가양주,연구소,류인수,소,NAVER,,,,,,
462,향,향,바디감,막,시모,40,맛,그래프,약함,가벼움,목넘김,부드러움,강함,무거움,거침,출처,:,한국,가양주,연구소,류인수,소장,VER,,,,,,,,,,
463,단맛,단맛,신맛,부안,참뽕,와인,맛,그래프,청량감,바디감,낮음,낮음,낮음,무거움,높음,높음,높음,가벼움,출처,:,한국,가양주,연구소,류인수,NAVER,,,,,,,,
464,단맛,단맛,신맛,청량감,바디감,기다림,25,맛,그래프,약함,약함,약함,가벼움,강함,강함,강함,무거움,출저,:,한국,가양주,연구소,류인수,소장,NAVER,,,,,,,,
465,단맛,단맛,신맛,청량감,바디감,약함,약함,약함,가벼움,두,유노,맛,그래프,강함,강함,강함,무거움,출처,:,주류,문화,컬럼니스트,&,세종,사이버,대학교,명욱,교수,VER,,,,
466,향,향,바디감,약함,가벼움,목넘김,부드러움,여강,맛,그래프,강함,무거움,거침,출처,:,주류,문화,컬럼니스트,&,전통주,갤러리,부관장,명우,(,VER,,,,,,,,
467,컨츄리 산머루와인(스위트) 맛 그래프,컨츄리,산머루,와인,(,스위트,),맛,그래프,단맛,신맛,바디감,목넘김,낮음,낮음,낮음,무거움,높음,높음,높음,가벼움,출처,:,한국,가양주,연구소,류인수,소장,AVER,,,,
468,단맛,단맛,신맛,청량감,바디감,천마,이야기,맛,그래프,낮음,낮음,낮음,무거움,높음,높음,높음,가벼움,출처,:,한국,가양주,연구소,류인수,소,NAVER,,,,,,,,
469,단맛,단맛,신맛,청량감,바디감,이강주,(,25,%,),맛,그래프,낮음,낮음,낮음,무거움,높음,높음,높음,가벼움,출처,:,한국,가양주,연구소,류인수,소장,AVER,,,,,
470,단맛,단맛,신맛,청량감,바디감,낮음,낮음,낮음,무거움,맛,그래프,높음,높음,높음,가벼움,출처,:,한국,가양주,연구소,류인수,소장,AVER,,,,,,,,,,
471,단맛,단맛,신맛,청량감,바디감,붉은,원숭이,맛,그래프,낮음,낮음,낮음,무거움,높음,높음,높음,가벼움,출처,:,한국,가양주,연구소,류인수,소장,AVER,,,,,,,,
472,단맛,단맛,신맛,청량감,바디감,배꽃,담은,연,생,막걸리,맛,그래프,약함,약함,약함,가벼움,강함,강함,강함,무거움,출저,:,한국,가양주,연구소,류인수,소장,NAVER,,,,,
473,안성맞춤 생막걸리 맛 그래프,안성맞춤,생,막걸리,맛,그래프,단맛,약함,신맛,청량감,바디감,가벼움,약함,약함,강함,강함,강함,무거움,출처,:,주류,문화,컬럼니스트,&,전통주,갤러리,부관장,명욱,NAVER,,,,
474,호담산양산삼주 맛 그래프,호담,산양,산삼주,맛,그래프,단맛,신맛,청량감,바디감,낮음,낮음,낮음,무거움,높음,높음,높음,가벼움,출처,:,한국,가양주,연구소,류인수,소,NAVER,,,,,,,
475,술아 연화주 맛 그래프,술아,연화,주,맛,그래프,단맛,신맛,약함,청량감,바디감,가벼움,약함,약함,강함,강함,강함,무거움,출처,:,주류,문화,컬럼니스트,&,전통주,갤러리,부관장,명욱,NAVER,,,,
476,고은달 오크 맛 그래프,고은,달,오크,맛,그래프,향,바디감,가벼움,목넘김,부드러움,약함,강함,무거움,거침,출처,:,주류,문화,컬럼니스트,&,전통주,갤러리,부관장,명욱,NAVER,,,,,,,
477,단맛,단맛,신맛,청량감,모을,동주,약주,맛,그래프,약함,약함,약함,가벼움,강함,강함,강함,바디감,출처,:,주류,문화,컬럼니스트,&,세종,사이버,대학교,명욱,교수,VER,무거움,,,
478,바디감,바디감,약함,가벼움,흑돈,주,맛,그래프,목넘김,부드러움,강함,무거움,거침,출처,:,한국,가양주,연구소,류인수,소장,VER,,,,,,,,,,,,
479,단맛,단맛,신맛,청량감,청송,주왕,사과,막걸리,맛,그래프,약함,약함,약함,바디감,가벼움,강함,강함,강함,무거움,출저,:,한국,가양주,연구소,류인수,소장,VER,,,,,,
480,단맛,단맛,신맛,청량감,바디감,동해,동동주,맛,그래프,약함,약함,약함,가벼움,강함,강함,강함,무거움,출저,:,한국,가양주,연구소,류인수,소장,",",NAVER,,,,,,,
481,무주구천동 산머루주 맛 그래프,무주,구천동,산머루,주,맛,그래프,단맛,신맛,청량감,바디감,낮음,낮음,낮음,무거움,높음,높음,높음,가벼움,출처,:,한국,가양주,연구소,류인수,소,NAVER,,,,,,
482,편백숲 산소막걸리 딸기스파클링 맛 그래프,편백,숲,산소,막걸리,딸기,스파클링,맛,그래프,단맛,신맛,청량감,바디감,약함,약함,약함,가벼움,강함,강함,강함,무거움,출저,:,한국,가양주,연구소,류인수,소장,NAVER,,,,
483,단맛,단맛,신맛,청량감,바디감,소백산,생,만찬,주,맛,그래프,낮음,낮음,낮음,무거움,높음,높음,높음,가벼움,출처,:,한국,가양주,연구소,류인수,소장,AVER,,,,,,
484,단맛,단맛,신맛,청량감,바디감,자희,향,탁주,맛,그래프,낮음,낮음,낮음,무거움,높음,높음,높음,가벼움,출처,:,한국,가양주,연구소,류인수,소장,AVER,,,,,,,
485,출포 생막걸리 맛 그래프,출포,생,막걸리,맛,그래프,단맛,신맛,청량감,바디감,낮음,낮음,낮음,무거움,높음,높음,높음,가벼움,출처,:,한국,가양주,연구소,류인수,NAVER,,,,,,,,
486,단맛,단맛,신맛,청량감,바디감,가평,잣생,막걸리,맛,그래프,낮음,낮음,낮음,무거움,높음,높음,높음,가벼움,출처,:,한국,가양주,연구소,류인수,소장,AVER,,,,,,,
487,단맛,단맛,신맛,청량감,바디감,톡쏘,는,알밤,동동,맛,그래프,낮음,낮음,낮음,무거움,높음,높음,높음,가벼움,출처,:,한국,가양주,연구소,류인수,소장,AVER,,,,,,
488,향,향,바디감,약함,가벼움,모월,인,맛,그래프,목넘김,부드러움,강함,무거움,거침,출처,:,한국,가양주,연구소,류인수,소장,AVER,,,,,,,,,,,
489,단맛,단맛,신맛,청량감,바디감,까메오,막걸리,맛,그래프,낮음,낮음,낮음,무거움,높음,높음,높음,가벼움,출처,:,한국,가양주,연구소,류인수,소장,AVER,,,,,,,,
490,설성유기농쌀막걸리(만월) 맛 그래프,설성,유기농,쌀,막걸리,(,만월,),맛,그래프,단맛,신맛,청량감,바디감,낮음,낮음,낮음,무거움,높음,높음,높음,가벼움,출처,:,한국,가양주,연구소,류인수,소장,AVER,,,
491,주시락 톡쏘는 복분자막걸리 맛 그래프,주시,락,톡쏘,는,복분자,막걸리,맛,그래프,단맛,낮음,신맛,청량감,바디감,낮음,낮음,무거움,높음,높음,높음,가벼움,출처,:,한국,가양주,연구소,류인수,소장,AVER,,,,
492,단맛,단맛,신맛,청량감,선운산,복분자주,맛,그래프,약함,약함,약함,바디감,가벼움,강함,강함,강함,무거움,출처,:,주류,문화,컬럼니스트,&,전통주,갤러리,부관장,명욱,NAVER,,,,,
493,다랭이팜생막걸리(흑미) 맛 그래프,다랭이,팜생,막걸리,(,흑미,),맛,그래프,단맛,신맛,청량감,바디감,낮음,낮음,낮음,무거움,높음,높음,높음,가벼움,출처,:,한국,가양주,연구소,류인수,소장,AVER,,,,
494,문경바람 백자 25% 맛 그래프,문경,바람,백자,25,%,맛,그래프,약함,향,바디감,가벼움,목넘김,부드러움,강함,무거움,거침,출처,:,주류,문화,컬럼니스트,&,전통주,갤러리,부관장,명욱,NAVER,,,,,
495,문배술헤리티지40 맛 그래프,문배,술,헤리티지,40,맛,그래프,향기,약함,맛,바디감,드라이,라이트,강함,스위트,헤비,출처,:,한국,가양주,연구소,류인수,소장,NAVER,,,,,,,,,
496,추사 로제 맛 그래프,추사,로제,맛,그래프,단맛,신맛,청량감,바디감,가벼움,약함,약함,약함,강함,강함,강함,무거움,출처,:,한국,가양주,연구소,류인수,소장,NAVER,,,,,,,,
497,술아 순곡주 맛 그래프,술아,순,곡주,맛,그래프,단맛,약함,신맛,약함,청량감,바디감,가벼움,약함,강함,강함,강함,무거움,출처,:,주류,문화,컬럼니스트,&,전통주,갤러리,부관장,명욱,NAVER,,,,
498,향기,향기,맛,바디감,오메,락퍽,맛,그래프,약함,드라이,라이트,강함,스위트,헤비,출처,:,한국,가양주,연구소,류인수,소장,NAVER,,,,,,,,,,,
499,단맛,단맛,신맛,청량감,도깨비,술,11,%,맛,그래프,약함,약함,약함,바디감,가벼움,강함,강함,강함,무거움,출처,:,주류,문화,컬럼니스트,&,세종,사이버,대학교,명욱,교수,NAVER,,
500,단맛,단맛,신맛,청량감,약함,약함,약함,가벼움,걍,즐겨,맛,그래프,강함,강함,강함,바디감,출처,:,주류,문화,컬럼니스트,&,세종,사이버,대학교,명욱,교수,VER,무거움,,,,
501,오희 스파클링 막걸리 맛 그래프,오희,스파클링,막걸리,맛,그래프,단,맛,신맛,청량감,바디감,가벼움,약함,약함,약함,강함,강함,강함,무거움,출처,:,한국,가양주,연구소,류인수,소장,NAVER,,,,,,
502,단맛,단맛,신맛,청량감,바디감,느린,마을,막걸리,맛,그래프,낮음,낮음,낮음,무거움,높음,높음,높음,가벼움,출처,:,한국,가양주,연구소,류인수,소장,AVER,,,,,,,
503,안동소주일품 골드 맛 그래프,안동,소주,일품,골드,맛,그래프,향기,약함,맛,바디감,드라이,라이트,강함,스위트,헤비,출처,:,한국,가양주,연구소,류인수,소장,NAVER,,,,,,,,,
504,진심 홍삼인삼주 38% 맛 그래프,진심,홍삼,인삼주,38,%,맛,그래프,단맛,신맛,청량감,바디감,낮음,낮음,낮음,무거움,높음,높음,높음,가벼움,출처,:,한국,가양주,연구소,류인수,소장,AVER,,,,,
505,밤꽃향기 맛 그래프,밤꽃,향기,맛,그래프,단맛,신맛,청량감,바디감,가벼움,약함,약함,약함,강함,강함,강함,무거움,출처,:,주류,문화,컬럼니스트,&,전통주,갤러리,부관장,명욱,NAVER,,,,,
506,단맛,단맛,신맛,청량감,바디감,예밀,와인,레드,드라이,맛,그래프,약함,약함,약함,가벼움,강함,강함,강함,무거움,출저,:,한국,가양주,연구소,류인수,소장,VER,,,,,,
507,단맛,단맛,신맛,바디감,목넘김,초선,의,꿈,(,로제,),맛,그래프,낮음,낮음,낮음,무거움,높음,높음,높음,가벼움,출처,:,한국,가양주,연구소,류인수,소장,AVER,,,,
508,그랑꼬또 로제와인 맛 그래프,그랑,꼬또,로제,와인,맛,그래프,단맛,신맛,청량감,바디감,낮음,낮음,낮음,무거움,높음,높음,가벼움,출처,:,한국,가양주,연구소,류인수,소,NAVER,,,,,,,
509,향,향,맛,약함,드라이,바디감,가벼움,목넘김,부드러움,52C,맛,그래프,강함,스위트,무거움,거침,출처,:,이현주,소믈리에,vas,NAVER,,,,,,,,,,,
510,단맛,단맛,신맛,청량감,바디감,매실,향기,담은,술,맛,그래프,약함,약함,약함,가벼움,강함,강함,강함,무거움,출처,:,주류,문화,컬럼니스트,&,전통주,갤러리,부관장,명욱,NÅVER,,,
511,단맛,단맛,신맛,청량감,바디감,병영성,생,막걸리,맛,그래프,약함,약함,약함,가벼움,강함,강함,강함,무거움,출저,:,한국,가양주,연구소,류인수,소장,NAVER,,,,,,,
512,감그린 레귤러 맛 그래프,감,그린,레귤러,맛,그래프,단맛,신맛,청량감,바디감,가벼움,약함,약함,약함,강함,강함,강함,무거움,출처,:,주류,문화,컬럼니스트,&,전통주,갤러리,부관장,명욱,NAVER,,,,
513,단맛,단맛,신맛,청량감,지란지교,탁주,맛,그래프,균형감,약함,약함,약함,바디감,가벼움,강함,강함,강함,무거움,출처,:,이대형,박사,VER,,,,,,,,,,
514,계룡산 산삼주 금수강산 21% 맛 그래프,계룡산,산삼주,금수,강산,21,%,맛,그래프,약함,향,바디감,가벼움,목넘김,부드러움,강함,무거움,거침,출처,:,한국,가양주,연구소,류인수,소장,NAVER,,,,,,,
515,애피소드 상그리아 맛 그래프,애피소드,상그리아,맛,그래프,단맛,약함,신맛,약함,청량감,바디감,가벼움,약함,강함,강함,강함,무거움,출처,:,주류,문화,컬럼니스트,&,전통주,갤러리,부관장,명욱,NAVER,,,,,
516,단맛,단맛,신맛,청량감,바디감,시나브로,레드,드라이,맛,그래프,약함,약함,약함,가벼움,강함,강함,강함,무거움,출처,:,주류,문화,컬럼니스트,&,전통주,갤러리,부관장,명욱,",",NAVER,,,
517,단맛,단맛,신맛,청량감,바디감,해미읍,성,딸기,와인,맛,그래프,약함,약함,약함,가벼움,강함,강함,강함,무거움,출저,:,한국,가양주,연구소,류인수,소장,VER,,,,,,
518,동정춘 맛 그래프,동정,춘,맛,그래프,단맛,약함,신맛,청량감,바디감,가벼움,약함,약함,강함,강함,강함,무거움,출처,:,한국,가양주,연구소,류인수,소장,NAVER,,,,,,,,
519,단맛,단맛,신맛,청량감,바디감,주몽,복분자주,맛,그래프,낮음,낮음,낮음,무거움,높음,높음,높음,가벼움,출처,:,한국,가양주,연구소,류인수,소,NAVER,,,,,,,,
520,향,향,바디감,목넘김,추사,40,맛,그래프,약함,가벼움,부드러움,강함,무거움,거침,출처,:,한국,가양주,연구소,류인수,소장,NAVER,,,,,,,,,,,
521,도문대작 생막걸리 맛 그래프,도문,대작,생,막걸리,맛,그래프,단맛,약함,신맛,청량감,바디감,가벼움,약함,약함,강함,강함,강함,무거움,출처,:,한국,가양주,연구소,류인수,소장,NAVER,,,,,,
522,소백산 검은콩 막걸리 맛 그래프,소백산,검은,콩,막걸리,맛,그래프,단맛,신맛,청량감,바디감,낮음,낮음,낮음,무거움,높음,높음,높음,가벼움,출처,:,한국,가양주,연구소,류인수,소장,AVER,,,,,,
523,단맛,단맛,신맛,청량감,바디감,약함,약함,약함,우곡,생주,맛,그래프,가벼움,강함,강함,강함,무거움,출저,:,한국,가양주,연구소,류인수,소장,VER,,,,,,,,
524,단맛,단맛,신맛,청량감,바디감,가덕,순쌀,막걸리,맛,그래프,약함,약함,약함,가벼움,강함,강함,강함,무거움,출처,:,주류,문화,컬럼니스트,&,전통주,갤러리,부관장,명욱,NAVER,,,,
525,단맛,단맛,신맛,청량감,바디감,약함,약함,약함,가벼움,해파,랑,맛,그래프,강함,강함,강함,무거움,출저,:,한국,가양주,연구소,류인수,소장,JER,,,,,,,,
526,향,향,맛,약함,추사,백,25,맛,그래프,균형감,드라이,바디감,가벼움,목넘김,부드러움,강함,스위트,무거움,거침,출처,:,전진,아,",",이재욱,소믈리에,,,,,,,
527,향,향,바디감,하향주,증류주,맛,그래프,약함,가벼움,목넘김,부드러움,강함,무거움,거침,출처,:,한국,가양주,연구소,류인수,소장,VER,,,,,,,,,,,
528,민속주안동소주800 맛 그래프,민속주,안동,소주,800,맛,그래프,향기,약함,맛,바디감,드라이,라이트,강함,스위트,헤비,출처,:,한국,가양주,연구소,류인수,소장,NAVER,,,,,,,,,
529,향,향,바디감,마주,소곡주,맛,그래프,약함,가벼움,목넘김,부드러움,강함,무거움,거침,출처,:,주류,문화,컬럼니스트,&,세종,사이버,대학교,명욱,교수,NAVER,,,,,,,
530,김포특주 맛 그래프,김포,특주,맛,그래프,단맛,신맛,청량감,바디감,가벼움,약함,약함,약함,강함,강함,강함,무거움,출처,:,주류,문화,컬럼니스트,&,전통주,갤러리,부관장,명욱,NAVER,,,,,
531,단맛,단맛,신맛,청량감,바디감,메,로니아,맛,그래프,낮음,낮음,낮음,무거움,높음,높음,높음,가벼움,출처,:,한국,가양주,연구소,류인수,소장,AVER,,,,,,,,
532,향,향,바디감,해방,주,38,%,맛,그래프,약함,가벼움,목넘김,부드러움,강함,무거움,거침,출처,:,한국,가양주,연구소,류인수,소장,NAVER,,,,,,,,,
533,단맛,단맛,신맛,청량감,바디감,석탄,주,약주,맛,그래프,약함,약함,약함,가벼움,강함,강함,강함,무거움,출처,:,주류,문화,컬럼니스트,&,전통주,갤러리,부관장,명욱,VER,,,,
534,단맛,단맛,신맛,정,고집,나주,배,약주,15,%,맛,그래프,청량감,바디감,약함,약함,약함,가벼움,강함,강함,강함,무거움,출처,:,주류,문화,컬럼니스트,&,전통주,갤러리,부관장,명욱,NAVER
535,예담은 한산소곡화주 맛 그래프,예담,은,한산,소곡,화주,맛,그래프,향기,약함,맛,바디감,드라이,라이트,강함,스위트,헤비,출처,:,한국,가양주,연구소,류인수,소장,NAVER,,,,,,,,
536,고창선운산 땡큐블루베리주 맛 그래프,고창,선운산,땡큐,블루,베리,주,맛,그래프,단맛,약함,신맛,청량감,바디감,가벼움,약함,약함,강함,강함,강함,무거움,출처,:,한국,가양주,연구소,류인수,소장,NAVER,,,,
537,컨츄리 산머루와인(드라이) 그래프,컨츄리,산머루,와인,(,드라이,),그래프,단맛,신맛,바디감,목넘김,낮음,낮음,낮음,무거움,높음,높음,높음,가벼움,출처,:,한국,가양주,연구소,류인수,소장,AVER,,,,,
538,단맛,단맛,신맛,청량감,장수,오미자,주,맛,그래프,약함,약함,약함,바디감,가벼움,강함,강함,강함,무거움,출처,:,주류,문화,컬럼니스트,&,세종,사이버,대학교,명욱,교수,",",NAVER,,
539,삼양춘 생탁주 맛 그래프,삼양,춘,생,탁주,맛,그래프,단맛,신맛,청량감,바디감,가벼움,약함,약함,약함,강함,강함,강함,무거움,출처,:,한국,가양주,연구소,류인수,소장,NAVER,,,,,,
540,향,향,바디감,안동,소주,느낌,30,맛,그래프,약함,가벼움,목넘김,부드러움,강함,무거움,거침,출처,:,한국,가양주,연구소,류인수,소장,PIAVER,,,,,,,,,
541,감그린 아이스와인 맛 그래프,감,그린,아이스,와인,맛,그래프,단맛,신맛,청량감,바디감,가벼움,약함,약함,약함,강함,강함,강함,무거움,출처,:,주류,문화,컬럼니스트,&,전통주,갤러리,부관장,명욱,NAVER,,,
542,고도리 복숭아와인 맛 그래프,고도리,복숭아,와인,맛,그래프,단맛,약함,신맛,청량감,바디감,가벼움,약함,약함,강함,강함,강함,무거움,출처,:,주류,문화,컬럼니스트,&,전통주,갤러리,부관장,명욱,NAVER,,,,
543,단맛,단맛,신맛,청량감,신선,주,백주,맛,그래프,균형감,약함,약함,약함,바디감,가벼움,강함,강함,강함,무거움,출처,:,전진,아,",",이재욱,소믈리에,,,,,,,
544,단맛,단맛,신맛,청량감,바디감,오메,기술,맛,그래프,낮음,낮음,낮음,무거움,높음,높음,높음,가벼움,출처,:,한국,가양주,연구소,류인수,소장,AVER,,,,,,,,
545,단맛,단맛,신맛,청량감,바디감,약함,약함,약함,연천,연주,맛,그래프,가벼움,강함,강함,강함,무거움,출처,:,주류,문화,컬럼니스트,&,세종,사이버,대학교,명욱,교수,VER,,,,
