,제품명,주종,도수,용량,가격,원재료,제조사
0,가덕순쌀막걸리,탁주,6%,750ml,13500750ml*9병,"국내산쌀,효모,조효소재,물엿,아스파탐,정제수",농업회사법인명세주가(주)
1,가을빛레드와인,과실주,14%,750ml,35000,포도(캠벨얼리),예인화원
2,가평잣막걸리,탁주,6%,750ml,1450,"쌀,정제수,쌀입국,잣,효모,정제효소등",가평우리술
3,감보드카,일반증류주,32%,375ml,14000,감(국내산)100%,양촌감영농조합법인
4,감그린레귤러,과실주,12%,750ml,18000,감(국내산),청도감와인(주)
5,감그린스페셜,과실주,12%,750ml,25000,감(국내산),청도감와인(주)
6,감그린아이스와인,과실주,10%,375ml,89000,감(국내산),청도감와인(주)
7,감사,약주,14%,375ml,15000,"쌀(국내산경기미100%),누룩,정제수",술샘
8,감아락25도_500ml,일반증류주,25%,500ml,26000,"감증류원액,쌀(국내산)",(주)배상면주가
9,감악산머루주,과실주,12%,360ml,360ml*4본28000,"국내산산머루원액78.5%,주정",산머루농원영농조합법인
10,감이슬,일반증류주,23%,375ml,10000,감(국내산)100%,양촌감영농조합법인
11,감자술13%,약주,13%,700ml,14000,"백미(국내산),감자(국내산),누룩,효모,정제수",오대서주양조
12,감홍로백자_700ml,일반증류주,40%,700ml,75000,"쌀(70%),조(30%),7가지약재(용안육,계피,진피,정향,생강,감초,지초)",농업회사법인(주)감홍로
13,감홍로청자_700ml,일반증류주,40%,700ml,90000,"쌀(70%),조(30%),8가지약재(용안육,계피,진피,방품,정향,생각,감초,지초)",농업회사법인(주)감홍로
14,강소주,일반증류주,50%,"200ml/1,800ml",110001800ml,"국내산쌀,정제수",내국양조
15,강쇠_370ml,살균약주,13%,370ml,2500,"쌀,누룩,오가피",농업회사법인(유)술소리
16,걍즐겨,탁주,8%,600ml,6000,"찹쌀(국내산),멥살(국내산),누룩,석류,히비스커스,정제수",디오케이브루어리
17,겨울소주25,증류식소주,25%,360ml,10000,"증류원액(국내산쌀),효모,효소,정제수",두이술공방
18,경기전,기타주류,5%,1000ml,270001000ml*3병,"보리(국내산),맥아(국내산),호프펠렛,효모,정제효소제,정제수",농업회사법인동문거리양조장(주)(전주술로시티)
19,계룡백일주12년_600ml,리큐르,40%,600ml,150000,"찹쌀,백미,누룩,재리종국화꽃,오미자,진달래,재래종솔잎",계룡백일주
20,계룡백일주16도_700ml*2,약주,16%,700ml*2개,37000,"찹쌀,백미,누룩,재리종국화꽃,오미자,진달래,재래종솔잎",계룡백일주
21,계룡백일주30도_400ml*2,리큐르,30%,400ml*2개,40000,"찹쌀,백미,누룩,재리종국화꽃,오미자,진달래,재래종솔잎",계룡백일주
22,계룡백일주40도_600ml*2,리큐르,40%,600ml*2개,80000,"찹쌀,백미,누룩,재리종국화꽃,오미자,진달래,재래종솔잎",계룡백일주
23,계룡산산삼주금수강산21%,일반증류주,21%,740ml,110000,"산양산삼,정제주,주정",농업회사법인한국산삼(주)
24,계룡산산삼주금수강산40%,일반증류주,40%,740ml,150000,"산양산삼,정제주,주정",농업회사법인한국산삼(주)
25,고구마아락_500ml,증류식소주,40%,500ml,25000,"보리,고구마,정제수",농업회사법인배상면주가고창LB
26,고도리레드와인스위트,과실주,12%,750ml,22000,MBA머루포도(경북영천),고도리와이너리
27,고도리복숭아와인,과실주,6.5%,750ml,32000,복숭아(경북영천),고도리와이너리
28,고도리화이트와인드라이,과실주,10.5%,750ml,22000,거봉포도(경북영천),고도리와이너리
29,고도리화이트와인스위트,과실주,10.5%,750ml,22000,거봉포도(경북영천),고도리와이너리
30,고소리술,소주,40%,375ml,25000,"쌀,차조,입국,누룩,효모,효소,정제수,스테비올배당체",제주샘영농조합법인
31,고소리술,소주,40%,700ml,45000,"쌀,차조,입국,누룩,효모,효소,정제수,스테비올배당체",제주샘영농조합법인
32,고운달백자,일반증류주,52%,500ml/200ml,360000500ml180000200ml,오미자(문경산),농업회사법인(주)제이엘
33,고운달오크,일반증류주,52%,500ml/200ml,360000500ml180000200ml,오미자(문경산),농업회사법인(주)제이엘
34,고창복분자주300,과실주,13%,300ml,50000300ml*20병,"복분자과실,주정,효모,구연산,정제수",농업회사법인고창선운산(유)
35,고창선운산땡큐블루베리주,과실주,13%,300ml,60000300ml*20병,"블루베리과실,주정,효모,구연산,정제수",농업회사법인고창선운산(유)
36,고창복분자주1800,과실주,15%,"1,800ml",27000,"복분자과실,주정,효모,구연산,정제수",농업회사법인고창선운산(유)
37,공주애오디와인,과실주,15%,375ml,6000,"국내산오디,정제수,주정,과당,효모",농업회사법인사곡양조원
38,구기홍주14,약주,14%,360ml/750ml,360ml10000750ml16000,"쌀,국,구기자추출액,올리고당,효모,효소,아세설팜칼륨,정제수",두이술공방
39,구름을벗삼아,탁주,6%,750ml,1500,"정제수,찹쌀·백미(국내산햅쌀100%),입국등",문경주조
40,귀감,일반증류주,25%,350ml,25000,"감귤과즙(제주산),백설탕,액상효모,스테비올배당체,무수아황산",농업회사법인(주)시트러스
41,그랑꼬또M56,과실주,12%,750ml,21000,포도(캠벨얼리),그린영농조합법인
42,그랑꼬또M5610,과실주,10%,750ml,56000,포도(캠벨얼리),그린영농조합법인
43,그랑꼬또레드와인,과실주,12%,750ml,35000,포도(캠벨얼리),그린영농조합법인
44,그랑꼬또로제와인,과실주,12%,750ml,21000,포도(캠벨얼리),그린영농조합법인
45,그랑꼬또청수_750ml,과실주,12%,750ml,60000,포도(청수),그린영농조합법인
46,그랑꼬또화이트와인,과실주,12%,750ml,40000,포도(캠벨얼리),그린영농조합법인
47,그랑티그르S1974_375ml,과실주,12%,750ml,40000,포도(캠벨얼리100%),월류원
48,그랑티그르CE2002,과실주,12%,750ml,40000,포도(캠벨얼리100%),월류원(오드린)
49,그랑티그르M1988,과실주,12%,750ml,40000,"포도(캠벨얼리),오미자",월류원(오드린)
50,금산인삼주_375ml,약주,12.5%,375ml,12000375ml*3병,"쌀,인삼,누룩,정제수등",농업회사법인(주)금산인삼주
51,수삼단본23도_720ml,일반증류주,23%,720ml,32000,"쌀,인삼,누룩,정제수등",농업회사법인(주)금산인삼주
52,수삼단본43도_720ml,일반증류주,43%,720ml,42000,"쌀,인삼,누룩,정제수등",농업회사법인(주)금산인삼주
53,금정산성막걸리_750ml,탁주,8%,750ml,19000750ml*10병,"백미,밀누룩,정제수,아스파탐",(유)금정산성토산주
54,기다림16,탁주,9%,750ml,11000,"찹쌀(국내산),흑미(국내산),곡자(밀누룩국내산),정제수",농업회사법인(주)제이케이크래프트
55,기다림25,탁주,8%,750ml,9900,"백미(국내산),찹쌀(국내산),곡자(밀누룩국내산),정제수",농업회사법인(주)제이케이크래프트
56,기다림34,탁주,12%,500ml,15000,"멥쌀(국내산),찹쌀(국내산),곡자(밀누룩국내산),정제수",농업회사법인(주)제이케이크래프트
57,기다림맑은술,약주,15%,500ml,25000,"멥쌀(국내산),찹쌀(국내산),곡자(밀누룩국내산),정제수",농업회사법인(주)제이케이크래프트
58,김천과하주16도_700ml,약주,16%,700ml,20000,"찹쌀,누룩,샘물,황국잎",김천과하주
59,김천과하주23도_700ml,기타주류,23%,700ml,22000,"멥쌀,누룩,샘물,황국잎",김천과하주
60,김포막걸리,탁주,6%,750ml,1200,"쌀,누룩,정제수",김포양조
61,김포별주,살균약주,13%,500ml,4000,"쌀,옥수수전분,국,효모,젖산,효소제,정제수",김포양조
62,김포약주PET,살균약주,11%,750ml,9000,"옥수수전분,밀,국,효모,젖산,효소제,정제수",김포양조
63,김포약주유리병,살균약주,11%,750ml,10000,"옥수수전분,밀,국,효모,젖산,효소제,정제수",김포양조
64,김포예주프리미엄,살균약주,13%,750ml,15000,"국내산쌀,국,효모,젖산,정제수",김포양조
65,김포특주,약주,15%,375ml,3000,"국내산쌀,효모,정제효소,정제수,프락토올리고당",김포금쌀탁주영농조합법인
66,까메오막걸리,살균탁주,6%,550ml,5000,"정제수(지장수),쌀,효모,누룩,과당등",낙천
67,나루생막걸리11.5%,탁주,11.5%,500ml,11000,"쌀(국내산),국,효모,정제수",한강주조
68,나루생막걸리6%,탁주,6%,935ml,7000,"쌀(국내산),국,효모,정제수",한강주조
69,남산애레드와인,과실주,14%,750ml,45000,"포도(캠벨얼리,MBA,산머루)",예인화원
70,남산애포트와인,과실주,18.5%,750ml,55000,"포도(캠벨얼리,MBA,산머루)",예인화원
71,내장산복분자주지통1호,과실주,16%,700ml,18000,"복분자,주정,정제수,설탕등",내장산복분자영농조합
72,녹고의눈물_700ml,기타주류,16%,500ml,23000,섬오가피,농업회사법인(주)토향
73,소곡화주_480ml,리큐르,41%,480ml,45000,"찹쌀,누룩,백미,정제수",녹천주조장
74,소곡화주_500ml,리큐르,41%,500ml,22000,"찹쌀,누룩,백미,정제수",녹천주조장
75,녹파주,약주,15%,375ml,35000,"국내산찹쌀,멥쌀,누룩,정제수",농업회사법인(주)솔송주
76,뉴트로,탁주,8%,600ml,6000,"찹쌀(국내산),멥살(국내산),누룩,레몬,라임,잉글리쉬블랙퍼스트,정제수",디오케이브루어리
77,느낌19.8,증류식소주,19.8%,360ml,4000,"백미(국내산),누룩,효모,정제수",농업회사법인명품안동소주(주)
78,느낌30,증류식소주,30%,360ml,6500,"백미(국내산),누룩,효모,정제수",농업회사법인명품안동소주(주)
79,느린마을막걸리,탁주,6%,750ml,2300,"쌀,국,효모,정제수",배상면주가
80,능이주,살균약주,13%,375ml,12000,"국내산쌀,능이농충액,누룩,정제수",내국양조
81,니모메,약주,11%,375ml,36000375ml*3병,"쌀(국내산),감귤진피,정제수",제주샘영농조합법인
82,다래와인3004_375ml,과실주,8%,375ml,10000,참다래,영농조합법인오름주가
83,다래와인7004D_750ml,과실주,12%,750ml,28000,참다래,영농조합법인오름주가
84,다래와인7004S_750ml,과실주,8%,750ml,18000,참다래,영농조합법인오름주가
85,다랭이팜생막걸리(백미),탁주,6%,750ml,4000,"쌀,7분도유기농현미,누룩,효모등",다랭이팜
86,다랭이팜생막걸리(흑미),탁주,6%,750ml,4000,"남해산유기농현미,누룩,효모등",다랭이팜
87,다랭이팜유자막걸리,탁주,6%,750ml,4000,"남해산유기농유자원액,누룩,효모등",다랭이팜
88,담솔40%,리큐르,40%,500ml,22000,"정제수,국내산쌀,국내산송순농축액(송순33%,정제수67%)5.24%,누룩,조제종국,효모",명가원영농조합법인
89,담양죽력고,일반증류주,25%,350ml,13000,"정제수,쌀(국내산),누룩,죽력,계피,석창포,생강,효모",추성고을
90,담은,생막걸리,6%,750ml,15000,"쌀(국내산),입국,효모,고과당,정제효소제,정제수",(주)1932포천일동막걸리
91,당당하리,과실주,15%,375ml,16000선물세트3입,"쌀(국산),홍마늘(국산),감초(국산),개량누룩(국산),효모,정제효소제,정제수,복분자(국산),설탕,올리고당,DL-사과산,구연산,무수아황산,이산화항,밀함유",농업회사법인(주)세찬제조사
92,대관령복분자주_400ml,과실주,16%,400ml,13000,국내산복분자,농업회사법인(주)홍지원
93,대대포생막걸리,탁주,6%,750ml,3500,"백미(국내산,무기농무농약),벌꿀(국내산),정제수",농업회사법인(주)죽향도가
94,대윤가야곡왕주_300ml,약주,13%,300ml,4000,"쌀,누룩,효모,물엿,정제수",농업회사법인대윤가야곡주조(주)
95,대잎생동동주,탁주,6%,1700ml,2500,"쌀(국내산),좁쌀,정제효소,젖산,효모,아스파탐,영지,생각,정제수",농업회사법인(주)죽향도가
96,대작생막걸리,탁주,6%,750ml,2000,"쌀(국내산),조제종국효모,정제효소,올리고당,스테비텐후레쉬(천영감미료),정제수",대작영농조합법인
97,대통대잎술십오야,약주,15%,700ml,16000,"쌀,누룩,갈근,구기자,솔잎,진피등",추성고을
98,도구막걸리,탁주,6%,750ml,15000750ml*9병,"밀(외국산),쌀(국내산,외국산),물엿,효모,조제종국,정제효소제,아스파탐,젖산",동해명주
99,도깨비술11%,탁주,11%,750ml,12000,"멥쌀(국내산),누룩,효모,정제수",농업회사법인(주)도깨비양조장
100,도깨비술7%,탁주,7%,750ml,8000,"멥쌀(국내산),누룩,효모,정제수",농업회사법인(주)도깨비양조장
101,도깨비술9%,탁주,9%,750ml,10000,"멥쌀(국내산),누룩,효모,정제수",농업회사법인(주)도깨비양조장
102,도로시머루주,과실주,12%,500ml,25000,"국내산산머루원액78.5%,주정",산머루농원영농조합법인
103,도문대작생막걸리,탁주,10%,750ml,3000,"강릉쌀,누룩,갯방풍나물,정제수",방풍도가
104,독산53,증류식소주,53%,250ml,25000,"쌀(국내산),국,효모,정제수",농업회사법인오산양조(주)
105,동강더덕주_360ml,리큐르,20%,360ml,3500,"더덕,대추구기자,감초,원지",영월더덕영농조합법인
106,동몽,약주,17%,500ml,30000,"홍천쌀,정제수,단호박,국(밀누룩)",예술
107,동정춘,탁주,8%,500ml,18000,"쌀,누국,정제수",농업회사법인(주)산수
108,동학1957,청주,13%,375ml/700ml,375ml3500700ml7200,"쌀(국내산),구연산,효모,젖산,정제효소제,국,주정,정제수",고헌정영농조합법인
109,동해동동주,탁주,6%,750ml,15000750ml*9병,"쌀(국내산,외국산),물엿,효모,조제종국,정제효소제,아스파탐,젖산",동해명주
110,두레앙22,일반증류주,22%,375ml,5000,거봉포도원액,농업회사법인(주)두레양조
111,두레앙브랜디_750ml,브랜디,35%,750ml,70000,거봉포도원액,농업회사법인(주)두레양조
112,두레앙와인_750ml,과실주,12%,750ml,15000,거봉포도원액,농업회사법인(주)두레양조
113,두레앙증류주_750ml,일반증류주,35%,750ml,35000,거봉포도원액,농업회사법인(주)두레양조
114,두리향,증류식소주,43%,500ml,36000,"국내산찹쌀,누룩,정제수",케이소주(전주가양주연구소)
115,두유노,탁주,6%,600ml,6000,"찹쌀(국내산),멥살(국내산),누룩,밀가루",디오케이브루어리
116,라이스퐁당13,약주,13%,500ml,15000,"찹쌀(국내산),누룩,정제수(음양곽,감초)",농업회사법인(주)벗드림
117,라이스퐁당17,약주,17%,500ml,18000,"찹쌀(국내산),누룩,정제수(음양곽,감초)",농업회사법인(주)벗드림
118,레돔내추럴스파클링로제와인,과실주,7.5%,750ml,38000,포도(99.99%),농업회사법인작은알자스
119,레돔시드르,과실주,6%,750ml,32000,사과(100%),농업회사법인작은알자스
120,려(驪)고구마증류소주25도,증류식소주,25%,500ml,백화점35000원,고구마(여주산100%),(농)국순당여주명주(주)
121,려(驪)고구마증류소주40도,증류식소주,40%,500ml,백화점35000원,고구마(여주산100%),(농)국순당여주명주(주)
122,려(驪)증류소주25도,증류식소주,25%,375ml/500ml,30000,"고구마(여주산100%),쌀(여주산100%)",(농)국순당여주명주(주)
123,로얄안동소주18년_600ml,증류식소주,45%,600ml,72000,"국내산쌀,입국",농업회사법인유토피아(주)
124,르깔롱,리큐르,16%,500ml,35000,"정제수,주정,고과당,죽력,메론후레바,레이지라임,코코넛향,윌튼스카이아이싱칼라",추성고을
125,마셔블랑,일반증류주,12%,750ml,20000,"감귤과즙(한라봉),백설탕,액상효모,무수아황산",농업회사법인(주)시트러스
126,마주소곡주,약주,16%,500ml,17000,"찹쌀(국내산),백미(국내산),모싯잎,우리밀누룩,정제수,효모",옥순가소곡주마주
127,마주소화곡주,일반증류주,41%,500ml,25000,"찹쌀(국내산),백미(국내산),모싯잎,우리밀누룩,정제수,홍고추",옥순가소곡주마주
128,막시모40,일반증류주,40%,500ml,49000,"오미자(국내산)증류원액,오미자(국내산)원액,정제수",농업회사법인(주)착한농부
129,만강에비친달,탁주,10%,500ml,12000,"홍천쌀,정제수,단호박,곡자(밀누룩)",예술
130,맑은문희주,약주,13%,750ml,36000,"유기농찹쌀(국산),멥쌀(국산),전통누룩(우리밀),정제수",문경주조
131,맑은내일Winery단감명작,과실주,7%,750ml,20000,"단감(국내산_창녕),정제수,설탕,효소제,무수구연산,효모,무수아황산(산아방지제),소브산(보존료)",농업회사법인우포의아침주식회사
132,맑은내일발효막걸리,탁주,7%,"750ml/1,000ml",750ml22001000ml6500,"쌀(국내산),누룩,효소,아스파탐,정제수",농업회사법인우포의아침(주)
133,맑은내일우포,살균약주,12%,325ml/500ml,325ml5000500ml7000,"쌀(국내산),옥수수전분,효모,누룩,양파,정제수",농업회사법인우포의아침(주)
134,맑은술해밀,약주,15%,500ml,25000,"쌀,누룩,정제수",내변산양조장
135,매실막걸리_750ml,살균탁주,7%,750ml,3500,"쌀,매실과즙",농업회사법인(주)백운주가
136,매실원주15도_300ml,리큐르,15%,300ml,6000,"매실주원액,발효주정,정제수,꿀",더한주류
137,매실향기담은술,약주,14%,500ml,6000,"국내산쌀,효모,조효소재,물엿,아스파탐,정제수",농업회사법인명세주가(주)
138,머루이야기_375ml,과실주,12%,375ml,6000,국내산산머루,농업회사법인산들벗(주)
139,머르드서드라이,과실주,13.5%,750ml,35000,국내산산머루100%,산머루농원영농조합법인
140,머르드서스위트,과실주,12%,750ml,30000,국내산산머루100%,산머루농원영농조합법인
141,메로니아,기타주류,4%,750ml,2000,"쌀,국,효모,젖산,멜론향,물엿등",배혜정도가
142,메밀로,일반증류주,45%,500ml,150000,"국내산쌀,메밀,누룩,정제수",농업회사법인두루(주)
143,면천두견주360ml,약주,18%,360ml,32000360ml*4병,"국내산찹쌀,누룩,진달래꽃",(주)면천두견주
144,면천두견주700ml,약주,18%,700ml,30000700ml*2병,"국내산찹쌀,누룩,진달래꽃",(주)면천두견주
145,면천두견주900ml,약주,18%,900ml,120000900ml*2병,"국내산찹쌀,누룩,진달래꽃",(주)면천두견주
146,명술_375ml,리큐르,20%,375ml,30000,"산양산삼,정제주,주정",대농바이오우리산삼
147,안동소주22도_360ml,증류식소주,22%,360ml,27000360ml*6병,"쌀(국내산),누룩,정제수",명인안동소주
148,안동소주양반탈_800ml,증류식소주,45%,800ml,35000,"쌀(국내산),누룩,정제수",명인안동소주
149,안동소주호리병_800ml,증류식소주,45%,800ml,30000,"쌀(국내산),누룩,정제수",명인안동소주
150,명인홍삼주_375ml,약주,12.5%,375ml,12000375ml*3병,"쌀,홍삼,누룩,정제수등",농업회사법인(주)금산인삼주
151,명작복분자_375ml,과실주,13%,375ml,78000375ml*12병,"복분자,효모,주정,정제수,과당,구연산",(농)국순당고창명주(주)
152,명품진도홍주_375ml,일반증류주,38%,375ml,20000,"쌀,보리,누룩,지초,정제수",대대로영농조합법인
153,모월로,증류식소주,25%,500ml,25000,"쌀(국내산),누룩,정제수",협동조합주담
154,모월연,약주,13%,500ml,18000,"쌀(국내산),누룩,정제수",협동조합주담
155,모월인,증류식소주,41%,500ml,40000,"쌀(국내산),누룩,정제수",협동조합주담
156,모월청,약주,16%,500ml,21000,"쌀(국내산),누룩,정제수",협동조합주담
157,모을동주소주,증류식소주,43%,350ml,15000,"쌀(국내산),조제종국효모,정제효소,정제수",대작영농조합법인
158,모을동주약주,약주,13%,375ml,13000,"쌀(국내산),조제종국효모,정제효소,정제수",대작영농조합법인
159,무주구천동머루와인_750ml,과실주,12%,750ml,25000,국내산산머루,덕유양조
160,무주구천동산머루주_750ml,과실주,16%,750ml,15000,국내산산머루,덕유양조
161,문경바람백자25%,일반증류주,25%,750ml/375ml,30000750ml16000375ml,사과(문경산),농업회사법인(주)제이엘
162,문경바람백자40%,일반증류주,40%,750ml/375ml,40000750ml24000375ml,사과(문경산),농업회사법인(주)제이엘
163,문경바람오크,일반증류주,40%,750ml/375ml,44000750ml28000375ml,사과(문경산),농업회사법인(주)제이엘
164,문배술헤리티지23도_375ml,증류식소주,23%,375ml,50000375ml*9병,"메조,찰수수,쌀",문배주양조원
165,문배술헤리티지25_375ml,증류식소주,25%,375ml,55000375ml*9병,"메조,찰수수,쌀",문배주양조원
166,문배술헤리티지40도_200ml,증류식소주,40%,200ml,48000200ml*4병,"메조,찰수수,쌀",문배주양조원
167,문희'문경오미자수제전통주',전통수제탁주,12%,"700ml,500ml",21000/18000,"햇찹쌀100%(국내산),전통누룩,오미자(문경동로산)",문경주조(전통술체험관)
168,문희'햇찹쌀수제전통주',전통수제탁주,13%,500ml,15000,"유기농찹쌀(국산),멥쌀(국산),전통누룩(우리밀),정제수",문경주조
169,문희'햇찹쌀수제전통주',전통수제탁주,13%,700ml,18000,"유기농찹쌀(국산),멥쌀(국산),전통누룩(우리밀),정제수",문경주조
170,미르25,증류식소주,25%,375ml,18000,"쌀(국내산경기미100%),누룩,정제수",술샘
171,미르40,증류식소주,40%,375ml,23000,"쌀(국내산경기미100%),누룩,정제수",술샘
172,미생막걸리,탁주,6%,750ml,1100,"국내산쌀,누룩,효모,정제효소,정제수",김포금쌀탁주영농조합법인
173,미소생막걸리,탁주,7%,750ml,1500,"쌀(국내산),누룩,정제수",울진술도가
174,미소아이스,과실주,12%,375ml,40000,"포도,산화방지제,효모등",도란원
175,미인약주,약주,15%,500ml,25000,"찹쌀,누룩,정제수",최행숙전통주가
176,미인탁주,탁주,10%,500ml,15000,"찹쌀,누룩,정제수",최행숙전통주가
177,민속주안동소주_400ml,증류식소주,45%,400ml,28000,"쌀(국내산),누룩,정제수",민속주안동소주
178,민속주안동소주_600ml,증류식소주,45%,600ml,28000,"쌀(국내산),누룩,정제수",민속주안동소주
179,민속주안동소주_800ml,증류식소주,45%,800ml,33500,"쌀(국내산),누룩,정제수",민속주안동소주
180,바나나주,기타주류,4%,750ml,1700,"쌀,국,정제수,바나나농축액,조제종국,효모,물엿등",조은술세종
181,바랑탁,탁주,15%,375ml,18000,"찹쌀(국내산),맵쌀(국내산),누룩,소맥분,정제수",농업회사법인(주)금계당
182,밤꽃향기,약주,13.5%,375ml,4000,"국내산쌀,밤,누룩,정제수",농업회사법인사곡양조원
183,방문주약주,약주,15%,500ml,7000,"국내산찹쌀,누룩,정제수",케이소주(전주가양주연구소)
184,방문주탁주,탁주,15%,500ml,6000,"국내산찹쌀,누룩,정제수",케이소주(전주가양주연구소)
185,배꽃담은연생막걸리,탁주,10%,720ml,20000,"국내산쌀,누룩,효모,젖산,연잎,정제수",(주)농업회사법인술빚는전가네
186,배도가로아19레드,일반증류주,19%,350ml,10000,사과(국내산),주식회사배혜정농업회사법인
187,배도가로아40도옐로우_350ml,일반증류주,40%,350ml,20000,"쌀(국산),배(국산)",배혜정도가
188,백년향,탁주,10%,500ml,33000500ml*3병,"국내산쌀,누룩,정제수",(주)농업회사법인추연당
189,백련맑은술,약주,12%,375ml,7000,"백미,정제수,물엿,과당,누룩,백련잎,누룩등",신평양조장
190,백련생막걸리Misty,탁주,7%,750ml,3000,"백미,정제수,물엿,과당,누룩,백련잎,누룩등",신평양조장
191,백련생막걸리snow,탁주,6%,750ml,1600,"백미,연잎,정제수,종국,효모,아스파탐,물엿등",신평양조장
192,백운복분자와인_300ml,기타주류,11%,360ml,7000,"쌀,토종복분자과즙",농업회사법인(주)백운주가
193,백운복분자주_360ml,기타주류,13%,360ml,7000,"쌀,토종복분자과즙",농업회사법인(주)백운주가
194,백이주,과실주,35%,800ml,30000,"쌀(국산),홍마늘액(국산),감초(국산),개량누룩(국산),효모,정제효소제,정제수,밀함유",농업회사법인(주)세찬제조사
195,백자주,탁주,10%,500ml,18000,"국내산찹쌀,멥쌀,잣,누룩,정제수",농업회사법인(주)산수
196,뱅꼬레레드_375ml,과실주,12%,375ml,25000,양조용포도(경북영천),(주)한국와인
197,뱅꼬레로제_375ml,과실주,11.5%,375ml,23000,양조용포도(경북영천),(주)한국와인
198,뱅꼬레아이스_375ml,과실주,12%,375ml,90000,양조용포도(경북영천),(주)한국와인
199,뱅꼬레화이트_375ml,과실주,11%,375ml,23000,양조용포도(경북영천),(주)한국와인
200,베베마루캠벨로제_375ml,과실주,12%,375ml,20000,포도(캠벨얼리100%),월류원
201,베베마루캠벨로제스위트_375ml,과실주,10%,375ml,20000,포도(캠벨얼리100%),월류원
202,별바랑,약주,17.5%,375ml,27000,"찹쌀(국내산),맵쌀(국내산),누룩(1%),정제수",농업회사법인(주)금계당
203,병영설성동동주,탁주,6%,1700ml,2500,"쌀(국내산),전분,효모,누룩,정제수",병영양조장
204,병영설성생막걸리,탁주,6%,750ml,3500,"쌀(국내산),효모,누룩,정제수",병영양조장
205,병영설성사또,일반증류주,40%,700ml,40000,"쌀(국내산),효모,누룩,정제수",병영양조장
206,병영소주,증류식소주,40%,700ml,59400,"정제수,보리증류식소주원액(보리:국내산)",병영주조장
207,복분자아락_500ml,일반증류주,40%,500ml,40000,"복분자증류원액(국내산),정제수",농업회사법인배상면주가고창LB
208,복분자음_375ml,과실주,12%,375ml,6000,"복분자(국내산),정제수",농업회사법인배상면주가고창LB
209,명가원복분자술,과실주,16%,750ml,20000,"복분자37.65%,주정,정제수,구연산,호박산,정제식염,액상과당,효모,설탕",명가원영농조합법인
210,복분자주360,과실주,16%,360ml,6000,"복분자,주정,정제수,설탕등",내장산복분자영농조합
211,복순도가손막걸리,탁주,6.5%,935ml,12000,복순도가,김정식
212,복숭아와인,과실주,12%,500ml,20000,"복숭아(국내산),백설탕,효모,메타중아황산칼륨",영농조합법인금이산농원
213,볼빨간막걸리10,탁주,10%,500ml,7000,"찹쌀(국내산),누룩,정제수",농업회사법인(주)벗드림
214,볼빨간막걸리7,탁주,7%,500ml,5000,"찹쌀(국내산),누룩,정제수",농업회사법인(주)벗드림
215,봉하쌀생막걸리,탁주,6%,750ml,2000,"쌀(국내산),정제효소,젖산,효모,아스파탐,정제수",농업회사법인(주)죽향도가
216,부안참뽕막걸리_950ml,살균탁주,6%,950ml,2000,"쌀(국내산),오디,종국,정제수,누룩,효모,아스파탐",내변산(동진주조)
217,부안참뽕와인_750ml,과실주,13%,750ml,18000,"오디(국내산),정제수,주정",내변산(동진주조)
218,부자10,살균탁주,10%,375ml,5000,"쌀,정제수,고과당,효모등",배혜정도가
219,불소곡주_700ml,리큐르,43%,700ml,30000,"찹쌀,누룩,백미,정제수,야국,메주콩,생강,홍고추",한산소곡주
220,붉은원숭이,살균탁주,10.8%,375ml,7000,"쌀(국내산경기미100%),누룩,홍국,정제수",술샘
221,블루베리이야기_375ml,과실주,12%,375ml,6000,"국내산산머루50%,블루베리50%",농업회사법인산들벗(주)
222,사과와인,과실주,12%,500ml,20000,"사과(국내산),백설탕,효모,메타중아황산칼륨",영농조합법인금이산농원
223,산내울복분자주,리큐르,16%,750ml,20000,"복분자,설탕,주정,정제수,과당",거창사과원예농협
224,산내울사과애주,리큐르,16%,750ml,14000,"사과,설탕,주정,정제수,과당",거창사과원예농협
225,산내울오미자주,리큐르,16%,750ml,20000,"오미자,설탕,주정,정제수,과당",거창사과원예농협
226,산막생유막걸리_750ml,탁주,6%,750ml,1200,"국내산쌀,소맥분,종국,효모",농업회사법인신탄진주조(주)
227,산막대덕주_600ml,약주,13%,600ml,20000,"국내산쌀,우리밀누룩",농업회사법인신탄진주조(주)
228,산정호수동정춘막걸리,탁주,6%,720ml,20000,"국내산쌀,누룩,정제수",(주)농업회사법인술빚는전가네
229,삼선,탁주,10%,500ml,15000,"국내산쌀,누룩,정제수",농업회사법인두루(주)
230,삼양춘생약주,약주,15%,500ml,20000,"강화섬쌀,전통누룩,정제수",송도향전통주조
231,삼양춘생탁주,탁주,12.5%,500ml,12000,"강화섬쌀,전통누룩,정제수",송도향전통주조
232,삼양춘청주,청주,15%,500ml,16800,"강화섬쌀,정제수,백국,황국,전통누룩,토종효모",송도향전통주조
233,생청주막걸리,탁주,6%,750ml,1500,"쌀,소맥분,국,조제종국,효모,물엿등",조은술세종
234,샤토미소랑,과실주,12%,375ml,20000,청포도,도란원
235,샤토미소레드프리미엄드라이,과실주,13%,750ml,40000,"포도(MBA,산머루,캠벨얼리)",도란원
236,샤토미소스위트로제,과실주,12%,375ml,20000,"포도,산화방지제,효모,설탕등",도란원
237,샤토미소스위트,과실주,12%,750ml,20000,"포도,산화방지제,효모,설탕등",도란원
238,샤토미소영동,일반증류주,40%,200ml,30000,포도,도란원
239,샹스프랑보아즈,과실주,13%,500ml,150000500ml*10병,"복분자(고창산),구연산,과당,구연산,아스파탐,주정,정제수",(주)선운산복분자주흥진
240,서울의밤,리큐르,25%,375ml,7500,"매실증류주원액,벌꿀,포도당,노간주나무열매,정제수",더한주류
241,서주16%,약주,16%,400ml,45000400ml*2병,"백미(국내산),감자(국내산),누룩,효모,정제수",오대서주양조
242,석로주,약주,13%,720ml,34000,"국내산쌀,석이버섯,누룩,효모,정제수",석이원주조
243,석탄주약주,약주,15%,500ml,7000,"국내산찹쌀,누룩,정제수",케이소주(전주가양주연구소)
244,석탄주탁주,탁주,15%,500ml,6000,"국내산찹쌀,누룩,정제수",케이소주(전주가양주연구소)
245,선운산복분자와인,과실주,13%,300ml,6000,"복분자(고창산),구연산,과당,구연산,아스파탐,주정,정제수",(주)선운산복분자주흥진
246,선운산복분자주,과실주,16%,375ml,25000375ml*4병세트,"복분자(고창산),과당,구연산,아스파탐,무수아황산",(주)선운산복분자주흥진
247,선운산복분자주프리미엄,과실주,19%,700ml,40000,"복분자(고창산),과당,구연산,아스파탐,무수아황산",(주)선운산복분자주흥진
248,선운산의아침복분자막걸리_750ml,살균탁주,6%,750ml,28000500ml*12병,"복분자,쌀,효모,국,과당,구연산,젖산,정제수",(농)국순당고창명주(주)
249,선호생막걸리,탁주,6%,750ml,1700,"국내산쌀,누룩,효모,정제효소,천연감미료,정제수",김포금쌀탁주영농조합법인
250,설궁_700ml,기타주류,30%,700ml,,"자연산송이버섯,산양산삼,토종벌꿀",솔래원
251,설레온_375ml,증류식소주,40%,375ml,20000,"쌀,누룩,효모,정제수",농업회사법인대윤가야곡주조(주)
252,설련주,약주,16%,750ml,35000,"백련,찹쌀,멥쌀,누룩",영농조합법인석전상온전통주가
253,설성만월막걸리(유기농쌀100%),탁주,8%,750ml,4000,"정제수,유기농쌀국내산,누룩,유기농올리고당등",병영주조장
254,설하담,탁주,8%,950ml/475ml,7400950ml3900475ml,"국내산멥쌀100%,개량누룩,정제수,이산화탄소",리큐랩주식회사
255,성포생막걸리,탁주,6%,750ml,1100,"쌀(국내산),소맥분(미국산),전분당,정제수,무농약미나리추출액,정제효소,종국,효모,아스파탐",성포양조장
256,세우리,일반증류주,45%,700ml,250000,"산양삼,하수오,구기자,쌀",제주샘영농조합법인
257,세종쌀막걸리,살균탁주,6%,750ml,1500,"정제수,백미,소맥분,전분당,효모,젖산등",조은술세종
258,세종알밤주,기타주류,6%,750ml,1500,"정제수,백미,소맥분,알밤(국내산),전분당,효모,젖산등",조은술세종
259,세종오가닉,살균약주,13%,375ml,9000,"정제수,유기농백미,국,효모,정제효소,구연산",조은술세종
260,세종대왕어주약주,약주,15%,500ml,25900,"쌀(국내산),누룩,정제수",농업회사법인장희도가(주)
261,세종대왕어주탁주,탁주,13%,500ml,16900,"쌀(국내산),누룩,정제수",농업회사법인장희도가(주)
262,소나무와학_750ml,일반증류주,43%,750ml,39000,"쌀(국내산),솔잎,황기,당귀,효모,아스파탐",용두산조은술
263,소백산검은콩막걸리,탁주,6%,"1,500ml,1,200ml,750ml",3000/2500/1800,"백미,소맥분,검은콩,검은깨등",대강양조장
264,소백산생막걸리,탁주,6%,"1,700ml,750ml",1980,"쌀,정제수,소맥분,입국,효모등",대강양조장
265,소백산생만찬주,탁주,6%,750ml,1200,"정제수,쌀,소맥분,입국,효모,아스파탐등",대강양조장
266,소백산청동동주,약주,10%,"1,700ml",3000,"쌀,소맥분,누룩,주정,고과당,대추등",대강양조장
267,소양강생막걸리,탁주,6%,"750ml/1,700ml",1200/1800,"백미,소맥분,정제수,팽화미,아스파탐,물엿,정제수",소양강도가(구.천정양조장)
268,솔송주,살균약주,13%,375ml,7000,"정제수,백미(국내산),국내산송순농축액(송순33%,정제수67%)5.24%,누룩,조제종국,효모",명가원영농조합법인
269,송명섭막걸리,탁주,6%,900ml,3000,"국내산쌀,곡자,정제수",태인합동주조
270,송이주,살균약주,13%,375ml,12000,"국내산쌀,송이농충액,누룩,정제수",내국양조
271,송화백일주,리큐르,38%,500ml,45000,"쌀,찹쌀,누룩,산수유,오미자,구기자,솔잎,송화가루,꿀",송화양조사
272,순향주,약주,15%,375ml,56000375ml*3병,"국내산쌀,누룩,정제수",(주)농업회사법인추연당
273,술공방9.0생막걸리,탁주,9%,500ml,500ml5000,"쌀(국내산),밀누룩(국내산),국,효모,효소,올리고당",두이술공방
274,술그리다생탁주,탁주,10%,500ml,9000,"국내산쌀,누룩",농업회사법인(주)좋은술
275,술아국화주,약주,15%,375ml,36000375ml*2병,"국내산찹쌀,누룩,건조국화꽃,증류주,정제수",농업회사법인(주)술아원
276,술아막걸리,탁주,8%,450ml,21000450ml*3병,"국내산찹쌀,누룩,정제수",농업회사법인(주)술아원
277,술아매화주,약주,15%,375ml,36000375ml*2병,"국내산찹쌀,누룩,건조매화꽃,증류주,정제수",농업회사법인(주)술아원
278,술아순곡주,약주,20%,375ml,36000375ml*2병,"국내산찹쌀,누룩,증류주,정제수",농업회사법인(주)술아원
279,술아연화주,약주,15%,375ml,36000375ml*2병,"국내산찹쌀,누룩,건조연화꽃,증류주,정제수",농업회사법인(주)술아원
280,술예쁘다생탁주,탁주,13%,500ml,18000,"국내산쌀,누룩",농업회사법인(주)좋은술
281,술취한원숭이,생탁주,10.8%,375ml,7000,"쌀(국내산경기미100%),누룩,홍국,정제수",술샘
282,술헤는밤,탁주,8%,750ml,5900,"국내산쌀,누룩,정제수",농업회사법인두루(주)
283,스타베리오디_500ml,과실주,12%,500ml,28000,양조용포도(경북영천),(주)한국와인
284,시나브로드글로리아,과실주,12%,750ml,25000,포도(캠벨얼리),불휘농장
285,시나브로레드드라이,과실주,12%,750ml,25000,포도(캠벨얼리),불휘농장
286,시나브로레드스위트,과실주,12%,750ml,25000,포도(캠벨얼리),불휘농장
287,시나브로로제와인,과실주,10%,500ml,30000,포도(국내산_캠벨얼리),불휘농장
288,시나브로에뚜왈로제스파클링,과실주,5%,750ml,30000,포도(국내산_캠벨얼리),불휘농장
289,시나브로에뚜왈스파클링와인,과실주,5%,750ml,30000,포도(청수),불휘농장
290,시나브로화이트와인,과실주,11%,500ml,30000,청포도(청수),불휘농장
291,시인의마을우리쌀막걸리,탁주,10%,700ml,7900,"쌀(국내산),누룩,정제수,무감미료",이원양조장
292,신례명주,일반증류주,50%,750ml,99000,"감귤(제주산)100%,감귤증류주100%",농업회사법인(주)시트러스
293,신선주_750ml,살균약주,16%,750ml,19000,"쌀,능금,신선초,천궁,구기자,당귀솔잎,대추,인삼",용두산조은술
294,신선주백주,탁주,10%,500ml,15000,"청원생명쌀(청주산),정제수,찹쌀(국내산),전통누룩(국내산)(밀함유),약재(국화,쇠무릅,당귀,하수오,구기자,맥문동,인삼,육계(계피),숙지황,생지황)",농업회사법인(주)신선
295,신선주약주,약주,16%,500ml,25000,"찹쌀(국내산),전통누룩(국내산)(밀함유),약재(국화,쇠무릅,당귀,하수오,구기자,맥문동,인삼,육계(계피),숙지황,생지황)",농업회사법인(주)신선
296,신선주증류주,증류주,52%/42%/35%,375ml,60000,"찹쌀(국내산),전통누룩(국내산)(밀함유),약재(국화,쇠무릅,당귀,하수오,구기자,맥문동,인삼,육계(계피),숙지황,생지황)",농업회사법인(주)신선
297,심플리애플,기타주류,12%,350ml,9000,"쌀(국산),사과즙(국산),벌꿀(국산)",주식회사배혜정농업회사법인
298,아이싱자몽(iCingGrapefruit),탁주,4%,"350ml,300ml",CAN1300BOTTLE5000,"쌀,자몽엑기스",국순당
299,아이원막걸리,탁주,6%,750ml,1000,"쌀,밀,입국,누룩,정제수",이원양조장
300,아황주,약주,17%,500ml,23000,"찹쌀,멥쌀,누룩,정제수",최행숙전통주가
301,안동소주일품17도_350ml,증류식소주,17%,350ml,12000350ml*3병,"국내산쌀,입국",안동소주일품
302,안동소주일품21도_350ml,증류식소주,21%,350ml,13500350ml*3병,"국내산쌀,입국",안동소주일품
303,안동소주일품40도골드_500ml,증류식소주,40%,500ml,18000,"국내산쌀,입국",안동소주일품
304,안성마춤생막걸리,탁주,6%,"1,000ml",2000,"국내산쌀,누룩,효모,젖산,정제효소,정제수",한주양조
305,안양동동주,탁주,6%,800ml,1100,"쌀(국내산),찹쌀(국내산),전통누룩,정제수",안양주조장
306,애석,약주,15%,500ml,30000,"국내산쌀,누룩,정제수",농업회사법인두루(주)
307,애피소드상그리아,과실주,3.5%,500ml,21000500ml*6병,"포도와인,정제주정,정제수,포도농축액,고과당",(주)한국애플리즈
308,애피소드애플,과실주,3.5%,500ml,21000500ml*6병,"사과와인,정제주정,정제수,사과농축액,고과당",(주)한국애플리즈
309,애피소드호프,기타주류,3.5%,500ml,21000500ml*6병,"사과과즙,보리,쌀,홉",(주)한국애플리즈
310,야관문쌀막걸리_750ml,탁주,6%,750ml,1500,"쌀(국내산),종국,정제수,누룩,효모,야관문",지리산그린영농조합운봉주조
311,양촌생동동주,탁주,10%,750ml,36000원1박스15개입,"정제수,백미,효소제,효모등",양촌양조
312,양촌생막걸리,탁주,6%,750ml,30000원1박스20개입,"팽화미,소맥분,정제수,물엿,효소,국등",양촌양조
313,어우야,기타주류,16%,365ml,9900,"야관문(제주산),정제수,포도당,효모",왕지케양조장(제주본초협동조합)
314,여강,증류식소주,25%,375ml,20000,"국내산쌀,누룩,정제수",(주)농업회사법인추연당
315,여포의꿈(화이트),과실주(포도),12%,375ml,20000,국내산포도100%,여포와인농장
316,여포의꿈(레드드라이),과실주(포도),12%,750ml,20000,국내산포도100%,여포와인농장
317,여포의꿈(레드스위트),과실주(포도),12%,750ml,-,국내산포도100%,여포와인농장
318,연천아주,탁주,8%,750ml,6000,"쌀(국내산),누룩,정제수",농업회사법인연천양조(주)
319,연천연주,약주,12%,500ml,15000,"쌀(국내산),누룩,정제수",농업회사법인연천양조(주)
320,연천우주,일반증류주,22%,360ml,8500,"쌀(국내산),누룩,효모,효소,연천율무,정제수",농업회사법인연천양조(주)
321,영일만친구막걸리,탁주,6%,750ml,15000750ml*9병,"국내산쌀,물엿,우뭇가사리,효모,조제종국,정제효소제,아스파탐,젖산",동해명주
322,예담은한산소곡주_750ml,약주,16%,750ml,12000,"찹쌀,멥쌀,누룩,대두,구절초",한산예담은소곡주
323,예담은한산소곡화주_500ml,일반증류주,41%,500ml,30000,"찹쌀,멥쌀,누룩,대두,구절초",한산예담은소곡주
324,예밀와인레드드라이,과실주,13%,750ml,20000,포도(캠벨얼리),예밀2리영농조합법인
325,예밀와인레드스위트,과실주,12%,750ml,20000,포도(캠벨얼리),예밀2리영농조합법인
326,예밀와인로제,과실주,12%,750ml,20000,포도(캠벨얼리),예밀2리영농조합법인
327,예주_750ml,과실주,15%,750ml,29000,"복분자,주정,효모,정제수",용두산조은술
328,예천주사월24,일반증류주,24%,375ml,22000,"오미자(국내산)증류원액,건오미자(국내산)추출액,정제수",농업회사법인(주)착한농부
329,예천주사월365,일반증류주,36.5%,375ml,29000,"오미자(국내산)증류원액,건오미자(국내산)추출액,정제수",농업회사법인(주)착한농부
330,예천주복만월24,일반증류주,24%,350ml,12800,"복분자(국내산)증류원액,복분자(국내산)과즙,정제수",농업회사법인(주)착한농부
331,예천주복만월40,일반증류주,40%,350ml,19200,"복분자(국내산)증류원액,복분자(국내산)과즙,정제수",농업회사법인(주)착한농부
332,예화_750ml,약주,13%,750ml,10000,"쌀,누룩,효모,물엿,정제수",농업회사법인대윤가야곡주조(주)
333,옛날막걸리古,탁주,7.8%,750ml,2700원※,"배정제수,쌀(국산),국(밀),과당,효모/에탄올함량:7.8%",국순당
334,오가피와인,과실주,12%,500ml,20000,"오가피열매(국내산),백설탕,효모,메타중아황산칼륨",영농조합법인금이산농원
335,오곡진상주,탁주,7%,750ml,-,"쌀,밀,보리,옥수수,조등",대강양조장
336,오디랑,과실주,13%,330ml,4000,"오디(국산)18.2%,정제수,과당,주정,구연산,효모",국순당고창명주
337,오매락퍽_500ml,리큐르,40%,500ml,52000,"구운매실,배증류원액",(주)배상면주가
338,오매백주,탁주,12%,500ml,5000,"쌀(국내산),국,효모,정제수",농업회사법인오산양조(주)
339,오메기맑은술,약주,16%,500ml,25000,"좁쌀,햅쌀,정제수,누룩",제주술익는집
340,오메기술,약주,13%,375ml,13000,"쌀,차조,입국,누룩,효모,효소,청호,조릿대,감초,정제수",제주샘영농조합법인
341,오목대,기타주류,5%,1000ml,270001000ml*3병,"보리(국내산),맥아(국내산),말토텍스트린,호프펠렛,효모,정제효소제,정제수",농업회사법인동문거리양조장(주)(전주술로시티)
342,오미로제프리미어와인,과실주,12%,750ml,39000,오미자(문경산),농업회사법인(주)제이엘
343,오미시앙스페셜,과실주,12%,500ml,10000,"오미자,주정,설탕,효모",알에프
344,오미자생막걸리,생탁주,6.5%,750ml,2500,"정제수,백미(국내산),입국(쌀,밀),올리고당,물엿,허브(유기농),오미자2.4%(국내산,문경로동산),정제효소,아스파탐·아세셀펌칼륨(함성감미료,메닐알라닌함유)",문경주조
345,오산막걸리,탁주,6%,500ml,3000,"쌀(국내산),국,효모,정제수",농업회사법인오산양조(주)
346,오희스파클링막걸리,탁주,8.5%,500ml,36000500ml*2병,"백미,건오미자,조효소제,효모,정제수",문경주조
347,왕율주,일반증류주,25%,330ml,8000,"국내산쌀,밤,누룩,정제수",농업회사법인사곡양조원
348,왕피천을품은미소생막걸리,탁주,7%,750ml,1200,"쌀,누룩,정제수",울진술도가
349,우곡생주,탁주,10%,750ml,6500,"쌀(국내산),국,효모,정제수",배혜정도가
350,우도땅콩전통주,기타주류,6%,750ml,4000,"정제수,전분당,백미,국,땅콩분,효모,젖산등",조은술세종
351,양촌우렁이쌀손막걸리,탁주,7.5%,750ml,39000원1박스15개입,"쌀,정제수효모,정제효소,효소처리스테비아",양촌양조
352,운암1945,약주,12%,750ml,28000,"쌀(국내산),누룩,정제수",농업회사법인우포의아침주식회사
353,원매_750ml,리큐르,15%,750ml,35000,"매실원주액,매실청,꿀,카라멜,효소처리스테비아,정제수",더한주류
354,원매프리미엄_700ml,리큐르,20%,700ml,45000,"매실주원액,발효주정,정제수,꿀",더한주류
355,원조소곡화주_300ml,일반증류주,41%,300ml,14000,"찹쌀,멥쌀,누룩",원조소곡주
356,원조한산소곡주_750ml,약주,16%,750ml,12000,"찹쌀,멥쌀,누룩,대두,구절초",원조소곡주
357,월매쌀막걸리,살균탁주,6%,350ml,1200,"백미,말토올리고당,정제수",서울장수주식회사
358,유기농이도42,증류식소주,42%,750ml,42000,"유기농쌀(100%),정제수,증류원액,국,조제종국,효모등",조은술세종
359,유기농이도14,약주,14%,750ml,20000,"유기농쌀(국내산),우리밀누룩,조제종국,효모,정제수",농업회사법인조은술세종(주)
360,유자동동주,탁주,6%,750ml,1100,"쌀(국내산),소맥분(미국산),전분당,정제수,유자과즙,치자,정제효소,종국,효모,젖산,아스파탐",성포양조장
361,유자생막걸리_750ml,생탁주,5%,750ml,1800,"쌀,유자,정제수,고과당,효모등",배혜정도가
362,율무동동주,탁주,14%,750ml,14000,"쌀(국내산),누룩,효모,연천율무,정제수",농업회사법인연천양조(주)
363,은자골곶감생탁배기,탁주,6%,750ml,1500,"백미,소맥분,정제수,곶감분말,전분당,국,누룩,효소,아스파탐등",은척양조장
364,은자골생탁배기,탁주,5%,750ml,1500,"백미,소맥분,정제수,전분당,국,누룩,효소,아스파탐등",은척양조장
365,이강주2호,리큐르,25%,750ml,28000,"쌀,소맥분,정맥,배,생강,계피,울금,꿀",전주이강주
366,이강주375ml,리큐르,19%,375ml,4500,"쌀,소맥분,정맥,배,생강,계피,울금,꿀",전주이강주
367,이강주특7호,리큐르,25%,400mlX2,50000,"쌀,소맥분,정맥,배,생강,계피,울금,꿀",전주이강주
368,이도32,증류주,32%,750ml,37000,"물,증류원액(유기농쌀,국내산)",조은술세종
369,이동생쌀막걸리,탁주,6%,750ml,1300,"정제수,백미,팽화미,입국,아스파탐등",이동주조
370,이동쌀막걸리,살균탁주,6%,"1,200ml",1600,"정제수,백미,팽화미,입국,아스파탐등",이동주조
371,이상헌약주,약주,18%,500ml,45000,"아산쌀,국(국내산밀누룩),정제수",이가수불
372,이상헌탁주,탁주,19%,500ml,25000,"아산쌀,국(국내산밀누룩),정제수",이가수불
373,이화백주,탁주,6%,940ml,12000,"국내산햅쌀,전통누룩,정제수",이화백주순탁주
374,이화주,탁주,8%,100ml,6500,"쌀(국내산경기미100%),누룩,정제수",술샘
375,인천생소성주,탁주,6%,750ml,1200,"쌀,팽화미,정제수,국,효모,아스파탐,효소,이소말토올리고당",인천탁주
376,입장탁주_750ml,생탁주,6%,750ml,1200,"쌀,정제수,고과당,효모등",농업회사법인입장주조㈜
377,자두와인레드_750ml,과실주,12%,750ml,22000,피자두,자두사랑
378,자두와인화이트_750ml,과실주,12%,750ml,22000,후무사,자두사랑
379,자연담은복분자막걸리_360ml,살균탁주,6%,360ml,56000360ml*20병,"복분자,쌀,효모,국,과당,구연산,젖산,정제수",(농)국순당고창명주(주)
380,자연송이주_700ml,리큐르,18%,720ml,,자연송이버섯,솔래원
381,자희향,탁주,12%,500ml,16000,"찹쌀(국내산),멥쌀(국내산),누룩(국내산),정제수",자희자양
382,자희향국화주,약주,15%,500ml,20000,"찹쌀,멥쌀,누룩,정제수,국화",자희자양
383,자희향나비,탁주,8%,500ml,8000,"찹쌀(국내산),멥쌀(국내산),누룩(국내산),정제수",자희자양
384,장수생막걸리_750ml,탁주,6%,750ml,1200,"백미(국내산),말토올리고당",서울장수주식회사
385,장수오미자주,과실주,16.5%,360ml,5400,"오미자(국내산),정제수,주정,설탕,효모",농업회사법인(주)알에프
386,장홍삼장수막걸리_750ml,살균탁주,6%,750ml,2000,"백미,말토올리고당,홍삼분말",서울장수주식회사
387,정고집나주배약주15%,약주,15%,500ml,20000,"쌀,쌀가루(국내산),배착즙액(나주산),정제효소제,종국,젖산,효모",남도탁주
388,정고집나주배약주9%,약주,9%,500ml,18000,"쌀,쌀가루(국내산),배착즙액(나주산),정제효소제,종국,젖산,효모",남도탁주
389,정고집나주쌀생막걸리,탁주,6%,750ml,12000750ml*10병,"쌀,쌀가루(국내산),조제종국,정제효소,젖산,아스파탐,아세셀팜칼",남도탁주
390,정고집옛날생동동주,탁주,6%,"750ml/1,200ml",18000750ml*10병280001200m*10병,"쌀,쌀가루(국내산),조제종국,정제효소,젖산,아스파탐,아세셀팜칼",남도탁주
391,제주고소리술,증류식소주,40%,400ml,45000,"잡곡,누룩,정제수",제주술익는집
392,젤코바스페셜와인,과실주,11.5%,375ml/500ml/750ml,375ml17000500ml25000750ml36000,"국내산산머루,MBA포도",농업회사법인(주)젤코바와이너리
393,젤코바캠벨와인,과실주,13.5%,750ml,62500,"유기농캠벨포도,유기농설탕",농업회사법인(주)젤코바와이너리
394,젤코바프리미엄와인,과실주,12%,500ml/750ml,500ml33000750ml50000,"국내산산머루,MBA포도",농업회사법인(주)젤코바와이너리
395,조선주조사,청주,14%,300ml/700ml,300ml4000700ml9000,"쌀(국내산),입국,누룩,주정,정제수",농업회사법인우포의아침(주)
396,주몽복분자주_375ml,기타주류,16%,375ml,5000,"쌀,복분자",농업회사법인(유)술소리
397,주산지막걸리,탁주,6%,750ml,1200,"쌀(국내산),밀가루,누룩,입국,효모,고과당,물엿,아스파탐,삭카린나트륨,정제수",청송양조장
398,죽력고,일반증류주,32%,700ml,60000,"국내산쌀,죽력,누룩,정제수",태인합동주조
399,죽향생막걸리,탁주,6%,750ml,2000,"쌀(국내산),정제효소,젖산,효모,아스파탐,정제수",농업회사법인(주)죽향도가
400,줄포생막걸리_750ml,탁주,6%,750ml,1200,"쌀(국내산),종국정제수,누룩,효모,아스파탐",내변산(동진주조)
401,지란지교무화과탁주,탁주,12%,500ml,300002병,"찹쌀,멥쌀(국내산),전통누룩(국내산밀),정제수,무화과청,레드비트분말,밀함유",(유)친구들의술지란지교
402,지란지교약주,약주(생약주),17%,375ml/500ml,20000/25000,"찹쌀·멥쌀(국내산),전통누룩(국내산밀),정제수,밀함유",(유)친구들의술지란지교
403,지란지교탁주,탁주,13%,500ml,300002병,"탁주찹쌀(국내산),멥쌀(국내산),누룩(국내산),정제수",(유)친구들의술지란지교
404,지리산정담생쌀막걸리_750ml,탁주,6%,750ml,1500,"쌀(국내산),종국,정제수,누룩,효모",지리산그린영농조합운봉주조
405,지리산허브잎술_750ml,살균탁주,6%,750ml,1500,"쌀(국내산),종국,정제수,누룩,효모,국내산허브",지리산그린영농조합운봉주조
406,지장수생막걸리,탁주,6%,750ml,1300,"정제수(지장수),쌀,효모,누룩,과당등",낙천
407,지장수호박막걸리,살균탁주,6%,550ml,5000,"정제수(지장수),쌀,효모,누룩,과당등",낙천
408,지장수호박생막걸리,탁주,6%,750ml,1400,"정제수(지장수),쌀,효모,누룩,과당등",낙천
409,지평생쌀막걸리,탁주,5%,1.7L,2700,"쌀(국내산),정제수,국,효모,정제효소등",지평주조
410,지평생쌀막걸리,탁주,5%,700ml,1650,"쌀(국내산),정제수,국,효모,정제효소등",지평주조
411,지평생옛막걸리,탁주,5%,1.7L,2500,"밀,정제수,국,분말종국,효모,정제효소등",지평주조
412,진도홍주루비콘_375ml,리큐르,40%,375ml,10000,"쌀,누룩,지초,정제수",대대로영농조합법인
413,진맥소주22%,증류식소주,22%,375ml,22000,유기농우리밀100%,농업회사법인(주)밀과노닐다
414,진맥소주40%,증류식소주,40%,200ml/500ml,200ml22000500ml49000,유기농우리밀100%,농업회사법인(주)밀과노닐다
415,진맥소주53%,증류식소주,53%,200ml/500ml,200ml39000500ml88000,유기농우리밀100%,농업회사법인(주)밀과노닐다
416,진심홍삼주19도,일반증류주,19%,375ml,3000,"쌀,정제주정,인삼침출액,홍삼농축액,고과당등",태평주가
417,진쾌남,리큐르,25%,330ml,8500,"국내산쌀,밤,누룩,구기자,오미자,산수유,오가피,동충하초,정제수",농업회사법인사곡양조원
418,찰막걸리750ml,생막걸리,5.5%,750ml,1Box750ml*20병30000,"정제수,쌀,밀가루,찹쌀,입국,효모정제효소제,아스파탐",(주)1932포천일동막걸리
419,창원생탁주,탁주,6%,750ml,750ml1000,"쌀(국내산),누룩,효소,아스파탐,정제수",농업회사법인우포의아침(주)
420,천년담주,약주,15%,500ml,10000,"백미(국내산,무기농무농약),벌꿀(국내산),정제수",농업회사법인(주)죽향도가
421,천년전주생막걸리,생탁주,6%,750ml,1300,"정제수,쌀,소맥분,수쿠랄로스,효모,젖산,정제효소",(유)산에들에농업회사법인
422,천년주,일반증류주,25%,375ml,15000,"쌀(국내산),천년초(열매),조효소제,효모,젖산,정제효소,구연산,정제수",농업회사법인(주)영덕주조
423,천등산차례주,청주,11%,700ml,700ml5900,"쌀(국내산),구연산,효모,젖산,정제효소제,국,주정,정제수",고헌정영농조합법인
424,천마이야기_750ml,탁주,6%,750ml,1500,"팽화미,입국미,무주천마분말,오미자추출액",농업회사법인산들벗(주)
425,천마몽_375ml,리큐르,38%,375ml,15000,"쌀,누룩,효모,천마,정제수",덕유양조
426,천매_600ml,리큐르,30%,600ml,130000,"매실주원액,발효주정,정제수,꿀",더한주류
427,천비향오양주약주,약주,16%,500ml,40000,"국내산쌀,누룩",농업회사법인(주)좋은술
428,천비향오양주탁주,탁주,14%,500ml,18000,"국내산쌀,누룩",농업회사법인(주)좋은술
429,천비향화주,증류식소주,40%,375ml,50000,"국내산쌀,누룩",농업회사법인(주)좋은술
430,천안연미주_360ml,살균약주,13%,360ml,5000,"백미100%(국내산),한약재홍삼외6가지",농업회사법인입장주조㈜
431,천지주가생막걸리,생탁주,6%,750ml,1400,"쌀,정제수,국,효모등",(유)산에들에농업회사법인
432,청남대블루베리막걸리,탁주,6%,750ml,25000750ml*9병,"국내산쌀,블루베리엑기스,효모,조효소재,물엿,아스파탐,정제수",농업회사법인명세주가(주)
433,청명주500,약주,17%,500ml,23000,"국내산찹쌀,누룩,소맥분",중원당
434,청명주750,약주,17%,750ml,36000,"국내산찹쌀,누룩,소맥분",중원당
435,청산녹수꿀막걸리,탁주,8%,750ml,18000750ml*12병세트,"쌀(국내산),벌꿀(국내산),사과농축액,효모,정제효소",농업회사법인(주)청산녹수
436,청산녹수사미인주,탁주,8%,750ml,32000750ml*8병세트,"유기농햅쌀(국내산),벌꿀(국내산),입국,누룩,효모,정제수",농업회사법인(주)청산녹수
437,청산녹수생탁주,탁주,6%,750ml,12000750ml*12병세트,"쌀(국내산),사과농축액,효모,정제효소",농업회사법인(주)청산녹수
438,청세주,약주,18%,375ml,4000,쌀(100%),병영주조장
439,청송얼음골동동주,탁주,6%,"1,200ml",1800,"쌀(국내산),밀가루,누룩,입국,효모,아스파탐,청송사과액즙,정제수",청송양조장
440,청송주왕사과막걸리,탁주,6%,750ml,1500,"쌀(국내산),밀가루,누룩,입국,효모,아스파탐,청송사과액즙,정제수",청송양조장
441,청양둔송구기주_700ml,약주,16%,700ml,23000700ml*2병,"쌀,누룩,구기자,감초,두충껍질",청양둔송구기주
442,청진주,약주,16%,375ml,30000,"찹쌀,누룩,정제수",전통주연구개발원
443,청춘_750ml,청주,15%,750ml,20000,"쌀,누룩,정제수",농업회사법인신탄진주조(주)
444,초선의꿈(로제),과실주(포도),12%,375ml,20000,국내산포도100%,여포와인농장
445,추사로제,과실주,12%,375ml,20000,사과(국내산),예산사과와인(주)
446,추사애플와인_375ml,과실주,12%,375ml,20000,사과(국내산),예산사과와인(주)
447,추사40,일반증류주,40%,500ml,60000,사과(국내산),예산사과와인(주)
448,추사백25,일반증류주,25%,350ml,12000,"증류원액(사과증류원액,사과:국내산),정제수",예산사과와인
449,추사블루_375ml,과실주,12%,375ml,20000,블루베리(국내산),예산사과와인(주)
450,추성주,일반증류주,25%,700ml,80000,"쌀,정제수,누룩,오미자,구기자,상심자,갈근",추성고을
451,추시와인,기타주류,12.5%,750ml,16000,감(국내산)100%,양촌감영농조합법인
452,충주백주,일반증류주,35%,375ml,7800,"쌀증류원액(국내산),당귀,아스파탐,아세설팜K,구연산,정제수",고헌정영농조합법인
453,컨츄리산머루와인(드라이),과실주,14%,750ml,20000,국산산머루원액100%,컨츄리농원
454,컨츄리산머루와인(스위트),과실주,12%,750ml,20000,국산산머루원액100%,컨츄리농원
455,컨츄리캠벨(스위트),과실주,12%,750ml,15000,국산포도원액100%(캠벨얼리100%),컨츄리농원
456,"코이버펑크,머스캣베일리에이",과실주,12%,750ml,65000,와이너리재배포도100%,코이버펑크
457,"코이버펑크,샤르도네세미용블렌드",과실주,11%,750ml,65000,와이너리재배포도100%,코이버펑크
458,"코이버펑크,카베르네소비뇽",과실주,12%,750ml,와너리재배포도100%,코이버펑크,"고성찬,이금자,정재학"
459,쿨샷7.5,과실주,7.5%,300ml,60000300ml*20병,"복분자과실,주정,효모,구연산,정제수",농업회사법인고창선운산(유)
460,크라테레드와인드라이,과실주,11.5%,750ml,48000,산머루,수도산와이너리
461,크라테레드와인스위트,과실주,11.5%,750ml,48000,산머루,수도산와이너리
462,크라테로제와인,과실주,11.5%,375ml,18000,산머루,수도산와이너리
463,타미앙스,일반증류주,40%,500ml,50000,"쌀,정제수,누룩,오미자,구기자,상심자,갈근",추성고을
464,톡쏘는복분자막걸리,살균탁주,6%,750ml,1800,"쌀,정제수,쌀입국,복분자원액,효모등",가평우리술
465,톡쏘는알밤동동,기타주류,6%,350ml,1300,"쌀,정제수,입국,밤농축액,밤추출물등",가평우리술
466,톡한잔골드_500ml,리큐르,43%,500ml,49000,"찰보리90%,쌀10%,민들레분말,볶음보리",농업회사법인(유)대마주조
467,톡한잔소주_500ml,증류식소주,30%,500ml,10000,"찰보리90%,쌀10%",농업회사법인(유)대마주조
468,티나,리큐르,16%,750ml,54000,"딸기추출물,죽력,정제수,주정,액상과당(포도당),구연산,딸기향,망고향",추성고을
469,펀치쌀바나나_750ml,기타주류,4%,750ml,2000,"쌀(국내산),바나나농축액,효모,종곡,정제수,합성착향료,합성감미료",내변산(동진주조)
470,편백숲산소막걸리,탁주,5.2%,750ml,1900,"멥쌀,올리고당,사과농축액,누룩,아스파탐",농업회사법인(주)청산녹수
471,편백숲산소막걸리딸기스파클링,탁주,6.8%,940ml,41000,"멥쌀,찹쌀,누룩,딸기,올리고당",농업회사법인(주)청산녹수
472,편백숲산소막걸리순수령,탁주,5.8%,750ml,4000,"멥쌀,찹쌀,누룩",농업회사법인(주)청산녹수
473,평창머루주_360ml,과실주,16%,360ml,19500360ml*3병,국내산산머루,농업회사법인(주)홍지원
474,평창오디주_360ml,과실주,16%,360ml,19500360ml*3병,국내산오디,농업회사법인(주)홍지원
475,포엠레드드라이와인,과실주,12%,750ml,25000,"포도(국내산_MBA),머루(국내산)",갈기산포도농원(주)농업회사법인
476,포엠레드스위트와인,과실주,12%,750ml,25000,"포도(국내산_캠벨얼리,MBA)",갈기산포도농원(주)농업회사법인
477,포엠로제와인,과실주,12%,750ml,35000,포도(킹데라웨어),갈기산포도농원(주)농업회사법인
478,포엠화이트와인,과실주,12%,750ml,35000,청포도(청수),갈기산포도농원(주)농업회사법인
479,풍남문,기타주류,5%,1000ml,270001000ml*3병,"보리(국내산),맥아(국내산),호프펠렛,효모,정제효소제,정제수",농업회사법인동문거리양조장(주)(전주술로시티)
480,풍정사계동_375ml,증류식소주,"42%,25%",375ml,2500025%3500042%,"국내산찹살,향온곡",농업회사법인(유)화양
481,풍정사계추_500ml,탁주,12%,500ml,15000,"국내산찹살,향온곡",농업회사법인(유)화양
482,풍정사계춘_500ml,약주,15%,500ml,30000,"국내산찹살,향온곡",농업회사법인(유)화양
483,풍정사계하_500ml,약주,18%,500ml,35000,"국내산찹살,향온곡",농업회사법인(유)화양
484,필FEEL,증류식소주,40%,500ml,25000,"백미(국내산),누룩,효모,정제수",농업회사법인명품안동소주(주)
485,하향주,약주,17%,750ml,45000,"국내산찹쌀,누룩,정제수",하향주가영농조합법인
486,하향주증류주,일반증류주,45%,700ml,70000,"국내산찹쌀,누룩,정제수",하향주가영농조합법인
487,한비동충하초술,리큐르,35%,375ml/750ml,30000375ml50000750ml,"국내산쌀,누룩,가시오가피뿌리,동충하초,정제수",제천한약영농조합법인
488,한비무병장수술,리큐르,35%,375ml/750ml,30000375ml50000750ml,"국내산쌀,흑삼,인삼,오가피,오미자,구기자,복분자,차전자,토사자,산수유",제천한약영농조합법인
489,한비쌀소주,증류식소주,40%,375ml/750ml,30000375ml40000750ml,"국내산쌀,누룩,정제수",제천한약영농조합법인
490,한비오가피술,리큐르,35%,375ml/750ml,30000375ml50000750ml,"국내산쌀,누룩,가시오가피뿌리,정제수",제천한약영농조합법인
491,한산소곡주,살균약주,18%,360ml,6500,"찹쌀,누룩,백미,정제수,야국,메주콩,생강,홍고추",한산소곡주
492,한산소곡주,살균약주,18%,700ml,15000,"찹쌀,누룩,백미,정제수,야국,메주콩,생강,홍고추",한산소곡주
493,한산소곡주(살균주),살균약주,16%,750ml,12000,"찹쌀,누룩,백미,정제수",녹천주조장
494,한산소곡주_생주,약주,16%,750ml,12000,"찹쌀,누룩,백미,정제수",녹천주조장
495,한스오차드사과와인,과실주,11%,750ml,20000,국산사과원액100%,(주)한국애플리즈
496,한시울,증류식소주,40%,500ml,18000,"국내산쌀,누룩,효모,구연산,정제수",농업회사법인명세주가(주)
497,한주,증류식소주,35%,360ml,12000,"국내산쌀,밀누룩,정제수",한주양조
498,해미읍성딸기와인,과실주,12%,500ml,20000,"해미딸기(99.99%),아황산염,소르빈산염",농업회사법인해미읍성딸기와인(주)
499,해미읍성매실와인,과실주,12%,500ml,20000,"매실(80%),아황산염,소르빈산염",농업회사법인해미읍성딸기와인(주)
500,해미읍성모과와인,과실주,12%,500ml,20000,"모과(80%),아황산염,소르빈산염",농업회사법인해미읍성딸기와인(주)
501,해미읍성살구와인,과실주,12%,500ml,20000,"살구(80%),아황산염,소르빈산염",농업회사법인해미읍성딸기와인(주)
502,해방주18.8%,일반증류주,18.8%,375ml,12000375ml_188%,"쌀(국내산),해방풍(국내산),조효소제,효모,젖산,정세효소제,구연산",농업회사법인(주)영덕주조
503,해방주38%,일반증류주,38%,800ml,45000800ml38%,"쌀(국내산),해방풍(국내산),조효소제,효모,젖산,정제효소제,구연산",농업회사법인(주)영덕주조
504,해창생막걸리12도,탁주,12%,900ml,10000,"햅쌀,찹쌀,물,누룩",해창주조장
505,해창생막걸리6도,탁주,6%,900ml,3000,"햅쌀,찹쌀,물,누룩",해창주조장
506,해창생막걸리9도,탁주,9%,900ml,6000,"햅쌀,찹쌀,물,누룩",해창주조장
507,해파랑,약주,13%,375ml,10000,"쌀(국내산),해방풍(국내산),계량누룩,젖산,이소말토올리고당,정제수",농업회사법인(주)영덕주조
508,햇찹쌀이하늘수,탁주,6%,500ml,1100,"쌀(국내산),찹쌀(국내산),전통누룩,정제수",안양주조장
509,행운막걸리,탁주,6%,750ml,1100,"쌀(국내산),소맥분(미국산),전분당,정제수,정제효소,종국,효모,젖산,아스파탐",성포양조장
510,행운주,청주,12%,750ml,300ml3500500ml5000750ml9000,"백미(국내산),밀누룩(국내산),정제수,종국,효모,아스파탐",성포양조장
511,향수우리밀막걸리,탁주,9%,700ml,7900,"우리밀,누룩,정제수,무감미료",이원양조장
512,허니문와인,기타주류,10%,375ml,35000,국내산벌꿀,아이비영농조합법인
513,허니비와인_500ml,기타주류,8%,500ml,35000,국내산벌꿀,아이비영농조합법인
514,호담_300ml,리큐르,20%,300ml,18000,"산양산삼,정제수,주정",대농바이오우리산삼
515,호담산양산삼막걸리,탁주,6%,750ml,16000750ml*9병,"쌀(경기미),입국,산양산삼,정제수,아스파탐",대농바이오우리산삼
516,호담산양산삼주_375ml,약주,13%,375ml,4000,"산양산삼,정제주,주정",대농바이오우리산삼
517,호땅,기타주류,6%,750ml,2700,"쌀(국내산),국,효모,정제수,땅콩(국내산)",배혜정도가
518,호랑이생막걸리,탁주,6%,750ml,2200,"쌀,정제수,국,효모,젖산등",배혜정도가
519,호모루덴스,탁주,12%,500ml,12000,"쌀,누룩,정제수",농업회사법인(주)산수
520,혼디주,과실주,12%,330ml,8000,"감귤(제주산)100%,정제수,백설탕,구연산,무수아황산",농업회사법인(주)시트러스
521,홍로,증류주,45%,500ml,50000,"백련,찹쌀,멥쌀,누룩,자초",영농조합법인석전상온전통주가
522,홍삼인삼주,일반증류주,38%,750ml,70000,"쌀,정제주정,인삼침출액,홍삼농축액,고과당등",태평주가
523,홍삼진심인삼주(1set),일반증류주,19%,375ml,7000,"쌀,정제주정,인삼침출액,홍삼농축액,고과당등",태평주가
524,홍삼진심인삼주(2set),일반증류주,19%,375ml,14000,"쌀,정제주정,인삼침출액,홍삼농축액,고과당등",태평주가
525,홍삼명주375ml,기타주류,14%,375ml,12000,"홍삼추출액,효모,정백당,정제수",자연과인삼
526,홍삼명주500ml,기타주류,14%,500ml,16000,"홍삼추출액,효모,정백당,정제수",자연과인삼
527,홍천강탁주,탁주,11%,500ml,10000,"홍천쌀,정제수,국(밀누룩)",예술
528,화주,일반증류주,25%,375ml,13000,"국내산쌀,홍삼농축액,정제수",내국양조
529,황금보리소주17,증류식소주,17%,375ml,25000375ml*5병,"보리,누룩,정제수",황금보리(유)농업회사법인
530,황금보리소주25,증류식소주,25%,375ml,42500375ml*5병,"보리,누룩,정제수",황금보리(유)농업회사법인
531,황금보리소주40,증류식소주,40%,375ml,78500375ml*5병,"보리,누룩,정제수",황금보리(유)농업회사법인
532,황진이_375ml,살균약주,12%,375ml,3500,"쌀,오미자,산수유",농업회사법인(유)술소리
533,황칠주,기타주류,16%,365ml,9900,"황칠나무잎(제주산),정제수,포도당,효모",왕지케양조장(제주본초협동조합)
534,회곡생동동주,탁주,7%,"1,200ml",1300,"쌀,입국,누룩,아스파탐,효모,정제수,아세설팜칼륨",회곡양조장
535,회곡생막걸리,탁주,6%,750ml,1300,"쌀,입국,누룩,아스파탐,효모,정제수,아세설팜칼륨",회곡양조장
536,흑돈주,기타주류,16%,365ml,12000원,"황칠나무(제주산),정제수,포도당,효모",왕지케양조장(제주본초협동조합)
537,희양산막걸리15%,탁주,15%,500ml,9500,"쌀(국내산),누룩,정제수",두술도가
538,희양산막걸리9%,탁주,9%,750ml,8000,"쌀(국내산),누룩,정제수",두술도가
539,1000억막걸리프리바이오,탁주,5%,750ml,3500,"쌀(국내산),밀(국내산),누룩,정제수",(주)국순당
540,1000억유산균막걸리,탁주,5%,750ml,3200,"쌀(국내산),밀(국내산),누룩,정제수",(주)국순당
541,1932새싹땅콩햅쌀막걸리,생막걸리,6%,900ml,500ml-15000병제품900ml-20000PET제품,"쌀(국내산),땅콩농축액,입국,효모,고과당,정제효소제,정제수",(주)1932포천일동막걸리
542,1932새싹땅콩흑미막걸리,생막걸리,6%,900ml,500ml-15000병제품900ml-20000PET제품,"쌀(국내산),흑미(15%),땅콩농축액,입국,효모,고과당,정제효소제,정제수",(주)1932포천일동막걸리
543,33JU,일반증류주,18%,500ml/200ml,49000/23000,"산양산삼,주정,결정과당,효소처리스테비아,에리스리톨,호박산,꿀",농업회사법인33가주식회사
544,52C,일반증류주,17.50%,500ml,10000,"정제수,주정,쌀증류식소주원액,오이",농업회사법인(주)청산녹수
545,DMZ240km_450ml,기타주류,25%,450ml,,"자연송이버섯,브랜디원액,블랙커런트,벌꿀",솔래원
546,G12골디락스,탁주,12%,500ml,12000,"정제수,멥쌀(국내산),찹쌀(국내산),누룩,종국,효모,밀함유",농업회사법인(주)청산녹수
547,The찾을수록시리즈,과실주,"피치14%,모스카토14%,애플16%,감귤16%,생강16%,아메리카노14%",360ml,9000360ml*6병,"사과와인,정제수,정제주정외제품별농축액(복숭아,포도,사과,감귤,생강,커피향등)",(주)한국애플리즈
