,제품명,향기,단맛,신맛,청량감,바디감,목넘김,균형감
0,1000억막걸리프리바이오,,3.0,4.0,3.0,3.0,,
1,1000억유산균막걸리,,3.0,5.0,5.0,3.0,,
2,1932새싹땅콩햅쌀막걸리,,2.0,2.0,3.0,5.0,,
3,1932새싹땅콩흑미막걸리,,3.0,1.0,1.0,4.0,,
4,33JU,4.0,3.0,,,1.0,1.0,
5,52C,4.0,3.0,,,2.0,2.0,
6,가덕순쌀막걸리,,3.0,3.0,3.0,3.0,,
7,가을빛레드와인,,2.0,3.0,3.0,2.0,,
8,가평잣생막걸리,,2.0,2.0,3.0,3.0,,
9,감그린레귤러,,3.0,3.0,3.0,2.0,,
10,감그린스페셜,,3.0,3.0,3.0,3.0,,
11,감그린아이스와인,,4.0,2.0,2.0,4.0,,
12,감보드카,2.0,,,,3.0,4.0,
13,감사,,2.0,2.0,,2.0,4.0,
14,감아락 25,2.0,2.0,,,2.0,,
15,감악산머루주,,4.0,4.0,3.0,3.0,,
16,감이슬,2.0,,,,2.0,2.0,
17,감자술13%,,3.0,2.0,3.0,2.0,,
18,감홍로백자,3.0,3.0,,,4.0,,
19,감홍로청자,3.0,3.0,,,4.0,,
20,강소주,4.0,,,,3.0,2.0,
21,강쇠,,2.0,2.0,1.0,4.0,,
22,걍즐겨,,3.0,4.0,3.0,3.0,,
23,겨울소주25,4.0,,,,4.0,3.0,
24,계룡백일주12년,3.0,3.0,,,4.0,,
25,계룡백일주16%,,1.0,1.0,1.0,1.0,,
26,계룡백일주30%,2.0,2.0,,,3.0,,
27,계룡백일주40%,3.0,3.0,,,3.0,,
28,계룡산산삼주금수강산21%,2.0,,,,2.0,2.0,
29,계룡산산삼주금수강산40%,3.0,,,,3.0,3.0,
30,고구마아락,3.0,2.0,,,3.0,,
31,고도리레드와인스위트,,3.0,3.0,2.0,3.0,,
32,고도리복숭아와인,,4.0,3.0,3.0,2.0,,
33,고도리화이트와인드라이,,2.0,3.0,3.0,2.0,,
34,고도리화이트와인스위트,,4.0,3.0,3.0,2.0,,
35,고소리술,,2.0,0.0,3.0,3.0,,
36,고은달백자,3.0,,,,5.0,4.0,
37,고은달오크,4.0,,,,5.0,3.0,
38,고창선운산땡큐복분자주,,3.0,1.0,3.0,2.0,,
39,고창선운산땡큐블루베리주,,2.0,2.0,2.0,2.0,,
40,고창선운산복분자주특1호,,3.0,1.0,3.0,2.0,,
41,공주애오디와인,,3.0,2.0,3.0,1.0,,
42,구기홍주14,,3.0,1.0,2.0,3.0,,
43,구름을벗삼아,,3.0,3.0,3.0,3.0,,
44,옛날막걸리古,,2.0,2.0,1.0,4.0,,
45,귀감,3.0,,,,3.0,2.0,
46,그랑고또레드와인,,3.0,3.0,3.0,2.0,,
47,그랑꼬또로제와인,,2.0,3.0,1.0,3.0,,
48,그랑꼬또청수,,2.0,1.0,3.0,4.0,,
49,그랑꼬또화이트와인,,3.0,3.0,3.0,2.0,,
50,그랑꼬또M56,,2.0,3.0,1.0,3.0,,
51,그랑꼬또M5610,,4.0,3.0,3.0,2.0,,
52,그랑티그르CE2002,,3.0,2.0,2.0,3.0,,
53,그랑티그르M1988,,3.0,3.0,2.0,3.0,,
54,그랑티그르S1974,,1.0,3.0,2.0,4.0,,
55,금산인삼주,,1.0,4.0,2.0,4.0,,
56,금산인삼주수삼단본72023%,4.0,1.0,,,3.0,,
57,금산인삼주수삼단본72043%,4.0,1.0,,,4.0,,
58,금이산농원복숭아와인,,3.0,2.0,2.0,3.0,,
59,금이산농원사과와인,,3.0,2.0,2.0,3.0,,
60,금이산농원오가피와인,,3.0,2.0,2.0,3.0,,
61,금정산성막걸리,,1.0,3.0,2.0,3.0,,
62,기다림16,,2.0,4.0,2.0,3.0,,
63,기다림25,,2.0,4.0,2.0,2.0,,
64,기다림34,,3.0,3.0,3.0,3.0,,
65,기다림맑은술,,4.0,3.0,3.0,3.0,,
66,김천과하주16%,,1.0,2.0,1.0,2.0,,
67,김천과하주23%,1.0,1.0,,,2.0,,
68,김포막걸리,,2.0,2.0,3.0,1.0,,
69,김포별주,,3.0,1.0,1.0,3.0,,
70,김포약주,,1.0,2.0,1.0,2.0,,
71,김포약주,,1.0,2.0,1.0,2.0,,
72,김포예주,,2.0,1.0,1.0,4.0,,
73,김포특주,,4.0,4.0,2.0,2.0,,
74,까메오막걸리,,3.0,1.0,2.0,4.0,,
75,나루생막걸리11.5%,,4.0,1.0,1.0,5.0,,
76,나루생막걸리6%,,3.0,3.0,2.0,2.0,,
77,남산애레드와인,,3.0,3.0,3.0,2.0,,
78,남산애포트와인,,3.0,3.0,2.0,3.0,,
79,내장산복분자주,,1.0,3.0,,2.0,3.0,
80,내장산복분자주,,1.0,3.0,,2.0,3.0,
81,녹천소곡주480,3.0,2.0,,,4.0,,
82,녹천소곡화주500,3.0,2.0,,,3.0,,
83,녹천한산소곡주(살균),,4.0,1.0,1.0,2.0,,
84,녹천한산소곡주(생),,4.0,1.0,1.0,2.0,,
85,녹파주,,3.0,2.0,2.0,3.0,,
86,뉴트로,,4.0,4.0,4.0,3.0,,
87,느린마을막걸리,,3.0,1.0,3.0,2.0,,
88,능이주,,1.0,3.0,1.0,2.0,,
89,니모메,,2.0,1.0,1.0,2.0,,
90,다래와인3004,,2.0,2.0,1.0,2.0,,
91,다래와인7004D,,1.0,4.0,2.0,2.0,,
92,다래와인7004S,,2.0,2.0,1.0,4.0,,
93,다랭이팜생막걸리,,1.0,4.0,4.0,4.0,,
94,다랭이팜생막걸리(흑미),,1.0,5.0,2.0,2.0,,
95,다랭이팜유자막걸리,,1.0,5.0,2.0,4.0,,
96,담솔,,3.0,0.0,3.0,3.0,,
97,담양죽력고,4.0,,,,3.0,3.0,
98,담은,,3.0,1.0,1.0,4.0,,
99,당당하리,,4.0,2.0,2.0,2.0,,
100,대관령복분자주,,1.0,2.0,1.0,4.0,,
101,대대포생막걸리,,2.0,1.0,3.0,2.0,,
102,대윤가야곡왕주,,2.0,2.0,1.0,3.0,,
103,대잎생동동주,,1.0,2.0,3.0,2.0,,
104,대작생막걸리,,4.0,3.0,3.0,3.0,,
105,대통대잎술,,1.0,1.0,,2.0,4.0,
106,도구막걸리,,2.0,2.0,3.0,3.0,,
107,도깨비술11%,,4.0,4.0,3.0,5.0,,
108,도깨비술7%,,3.0,3.0,4.0,3.0,,
109,도깨비술9%,,3.0,3.0,3.0,4.0,,
110,도로시머루주,,4.0,4.0,3.0,3.0,,
111,도문대작생막걸리,,1.0,3.0,3.0,2.0,,
112,녹고의눈물,2.0,2.0,,,3.0,,
113,독산53,2.0,,,,3.0,5.0,
114,동강더덕주,3.0,3.0,,,2.0,,
115,동몽,,2.0,3.0,1.0,3.0,,
116,동정춘,,4.0,3.0,2.0,3.0,,
117,동정춘막걸리,,4.0,3.0,2.0,3.0,,
118,동학1957,,3.0,3.0,2.0,3.0,,
119,동해동동주,,2.0,1.0,3.0,2.0,,
120,두레앙22,1.0,,,,4.0,2.0,
121,두레앙브랜디,4.0,3.0,,,3.0,,
122,두레앙와인,,2.0,2.0,1.0,4.0,,
123,두레앙증류주,2.0,2.0,,,2.0,,
124,두리향,3.0,,,,4.0,3.0,
125,두유노,,2.0,3.0,3.0,3.0,,
126,라이스퐁당13,,3.0,2.0,1.0,3.0,,
127,라이스퐁당17,,3.0,3.0,1.0,4.0,,
128,레돔내추럴스파클링로제와인,,3.0,3.0,4.0,2.0,,
129,레돔시드르,,3.0,3.0,4.0,2.0,,
130,려(25%),3.0,1.0,,,1.0,,
131,려고구마증류소주25%,2.0,1.0,,,3.0,,
132,려고구마증류소주40%,2.0,2.0,,,3.0,,
133,로얄안동소주18년,1.0,3.0,,,4.0,,
134,르깔롱,4.0,,,,4.0,4.0,
135,마셔블랑,,3.0,3.0,3.0,2.0,,
136,마주소곡주,,4.0,3.0,2.0,4.0,,
137,마주소곡화주,3.0,,,,4.0,3.0,
138,막시모40,4.0,,,,3.0,3.0,
139,만강에비친달맛,,2.0,3.0,3.0,3.0,,
140,맑은내일발효막걸리,,3.0,3.0,3.0,4.0,,
141,맑은내일우포,,3.0,2.0,2.0,2.0,,
142,맑은내일Winery단감명작,,3.0,2.0,3.0,2.0,,
143,맑은문희주,,3.0,1.0,1.0,4.0,,
144,맑은술해밀,,3.0,2.0,2.0,2.0,,
145,매실막걸리,,3.0,2.0,1.0,5.0,,
146,매실원주15%,2.0,3.0,,,3.0,,
147,매실향기담은술,,3.0,3.0,3.0,3.0,,
148,머루이야기,,3.0,1.0,1.0,4.0,,
149,머르드서드라이,,2.0,4.0,3.0,4.0,,
150,머르드서스위트,,4.0,3.0,3.0,4.0,,
151,메로니아,,4.0,1.0,5.0,4.0,,
152,메밀로,3.0,,,,4.0,3.0,
153,면천두견주,,3.0,1.0,1.0,3.0,,
154,면천두견주,,3.0,1.0,1.0,3.0,,
155,면천두견주,,3.0,1.0,1.0,3.0,,
156,명가원복분자술,,3.0,1.0,,3.0,,
157,명술375,2.0,2.0,,,3.0,,
158,명인안동소주22,1.0,1.0,,,2.0,,
159,명인안동소주양반탈,1.0,1.0,,,3.0,,
160,명인안동소주호리병,1.0,1.0,,,3.0,,
161,명인홍삼주,,1.0,3.0,2.0,4.0,,
162,명작복분자,,3.0,1.0,1.0,5.0,,
163,명품진도홍주,3.0,3.0,,,3.0,,
164,모월로,3.0,,,,2.0,2.0,
165,모월연,,1.0,3.0,1.0,2.0,,
166,모월인,4.0,,,,3.0,3.0,
167,모월청,,1.0,3.0,2.0,3.0,,
168,모을동주소주,3.0,,,,4.0,4.0,
169,모을동주약주,,4.0,3.0,3.0,4.0,,
170,한비쌀소주,2.0,,,,2.0,3.0,
171,무주구천동머루와인,,2.0,2.0,1.0,3.0,,
172,무주구천동산머루주,,2.0,2.0,1.0,3.0,,
173,문경바람백자25%,3.0,,,,3.0,4.0,
174,문경바람백자40%,3.0,,,,4.0,4.0,
175,문경바람오크,4.0,,,,4.0,4.0,
176,문경주조오미자생막걸리,,2.0,3.0,2.0,4.0,,
177,문배술헤리티지23,2.0,1.0,,,1.0,,
178,문배술헤리티지25,2.0,1.0,,,1.0,,
179,문배술헤리티지40,2.0,2.0,,,3.0,,
180,문희'문경오미자수제전통주',,3.0,1.0,3.0,3.0,,
181,문희'햇찹쌀수제전통주',,3.0,1.0,2.0,3.0,,
182,문희'햇찹쌀수제전통주',,3.0,1.0,2.0,3.0,,
183,미르25s,,2.0,0.0,1.0,3.0,,
184,미르40s,,1.0,0.0,0.0,2.0,,
185,미생막걸리,,2.0,3.0,3.0,3.0,,
186,미소생막걸리,,3.0,3.0,3.0,2.0,,
187,미소아이스,,4.0,1.0,,3.0,2.0,
188,미인약주,,4.0,1.0,1.0,2.0,,
189,미인탁주,,3.0,1.0,1.0,3.0,,
190,민속주안동소주400,1.0,1.0,,,4.0,,
191,민속주안동소주600,1.0,1.0,,,4.0,,
192,민속주안동소주800,1.0,1.0,,,4.0,,
193,바랑탁,,4.0,2.0,1.0,4.0,,
194,밤꽃향기,,5.0,2.0,2.0,2.0,,
195,방문주약주,,2.0,3.0,3.0,3.0,,
196,방문주탁주,,2.0,3.0,3.0,4.0,,
197,배꽃담은연생막걸리,,3.0,3.0,4.0,2.0,,
198,배도가로아19레드,4.0,2.0,,,2.0,2.0,
199,배도가로아40옐로우,2.0,2.0,,,3.0,,
200,백년향,,3.0,3.0,2.0,3.0,,
201,백련맑은술,,2.0,2.0,1.0,4.0,,
202,백련생막걸리Misty,,2.0,3.0,4.0,4.0,,
203,백련생막걸리Snow,,2.0,2.0,2.0,4.0,,
204,백운복분자와인,,2.0,2.0,1.0,5.0,,
205,백운복분자주,,3.0,2.0,2.0,4.0,,
206,백이주,,2.0,2.0,1.0,3.0,,
207,백자주,,3.0,3.0,2.0,3.0,,
208,뱅꼬레레드와인,,3.0,4.0,2.0,2.0,,
209,뱅꼬레로제와인,,4.0,3.0,3.0,2.0,,
210,뱅꼬레아이스와인,,5.0,2.0,2.0,4.0,,
211,뱅꼬레화이트와인,,4.0,3.0,3.0,2.0,,
212,베베마루캠벨로제,,3.0,1.0,1.0,3.0,,
213,베베마루캠벨로제스위트,,2.0,2.0,1.0,3.0,,
214,별바랑,,4.0,2.0,2.0,4.0,,
215,병영설성동동주,,2.0,2.0,3.0,2.0,,
216,병영성사또,4.0,,,,3.0,3.0,
217,병영설성생막걸리,,3.0,2.0,2.0,2.0,,
218,병영소주,,3.0,0.0,3.0,4.0,,
219,복분자아락,3.0,2.0,,,3.0,,
220,복분자음,,2.0,2.0,1.0,3.0,,
221,복순도가손막걸리,,2.0,3.0,5.0,4.0,,
222,볼빨간막걸리10,,1.0,5.0,4.0,4.0,,
223,볼빨간막걸리7,,1.0,4.0,3.0,2.0,,
224,봉하쌀생막걸리,,1.0,2.0,3.0,2.0,,
225,부안참뽕막걸리,,2.0,1.0,3.0,3.0,,
226,부안참뽕와인,,3.0,2.0,1.0,4.0,,
227,부자막걸리,,4.0,1.0,1.0,2.0,,
228,불소곡주,3.0,2.0,,,4.0,,
229,붉은원숭이,,4.0,2.0,2.0,4.0,,
230,블루베리이야기,,3.0,1.0,1.0,3.0,,
231,산내울복분자주,,4.0,4.0,3.0,3.0,,
232,산내울사과애주,,4.0,4.0,3.0,2.0,,
233,산내울오미자주,,2.0,3.0,3.0,2.0,,
234,산막대덕주,,3.0,1.0,1.0,2.0,,
235,산막생유막걸리,,1.0,3.0,3.0,4.0,,
236,삼선,,1.0,4.0,2.0,2.0,,
237,삼양춘생약주,,2.0,1.0,1.0,2.0,,
238,삼양춘생탁주,,2.0,1.0,1.0,4.0,,
239,삼양춘청주,,3.0,4.0,2.0,3.0,,
240,샤토미소(스위트),,3.0,1.0,,3.0,4.0,
241,샤토미소(스위트로제),,3.0,1.0,,2.0,4.0,
242,샤토미소랑,,4.0,3.0,2.0,2.0,,
243,샤토미소레드프리미엄드라이,,2.0,3.0,2.0,3.0,,
244,샤토미소영동,3.0,,,,4.0,2.0,
245,샹스프랑보아즈,,4.0,3.0,3.0,2.0,,
246,서울의밤,4.0,,,,2.0,1.0,
247,서주16%,,3.0,2.0,3.0,3.0,,
248,석로주,,1.0,1.0,1.0,4.0,,
249,석탄주약주,,1.0,3.0,2.0,3.0,,
250,석탄주탁주,,2.0,3.0,3.0,4.0,,
251,선운산복분자와인,,4.0,4.0,3.0,2.0,,
252,선운산복분자주,,4.0,4.0,3.0,2.0,,
253,선운산복분자주프리미엄,,4.0,3.0,3.0,2.0,,
254,선운산의아침복분자막걸리,,2.0,2.0,1.0,4.0,,
255,선호생막걸리,,2.0,3.0,3.0,3.0,,
256,설궁,2.0,2.0,,,2.0,,
257,설레온,1.0,2.0,,,3.0,,
258,설련주,,2.0,4.0,2.0,3.0,,
259,설성유기농쌀막걸리(만월),,2.0,3.0,2.0,3.0,,
260,설하담,,3.0,1.0,4.0,2.0,,
261,성포생막걸리,,3.0,3.0,3.0,3.0,,
262,세우리,5.0,,,,4.0,3.0,
263,세종대왕어주약주,,3.0,1.0,1.0,3.0,,
264,세종대왕어주탁주,,3.0,3.0,1.0,2.0,,
265,세종쌀막걸리,,3.0,1.0,3.0,3.0,,
266,세종알밤주,,4.0,1.0,3.0,4.0,,
267,세종오가닉청주,,1.0,3.0,,1.0,3.0,
268,세종청주생막걸리,,2.0,1.0,3.0,3.0,,
269,소나무와학,3.0,4.0,,,4.0,,
270,소백산검은콩막걸리,,3.0,1.0,1.0,3.0,,
271,소백산생막걸리,,2.0,3.0,2.0,4.0,,
272,소백산생만찬주,,2.0,2.0,2.0,2.0,,
273,소백산오곡진상주맛그래프,,1.0,4.0,3.0,3.0,,
274,소백산청동동주,,2.0,1.0,2.0,2.0,,
275,소양강생막걸리,,1.0,3.0,2.0,3.0,,
276,솔송주,,2.0,1.0,,3.0,3.0,
277,송명섭막걸리,,1.0,3.0,3.0,3.0,,
278,송이주,,1.0,4.0,1.0,2.0,,
279,송화백일주,,,,3.0,3.0,3.0,
280,순향주,,2.0,2.0,2.0,2.0,,
281,술공방9,,3.0,2.0,1.0,3.0,,
282,술그리다생탁주,,2.0,1.0,1.0,1.0,,
283,술샘이화주,,4.0,1.0,0.0,1.0,,
284,술아국화주,,4.0,3.0,2.0,4.0,,
285,술아막걸리,,3.0,4.0,3.0,4.0,,
286,술아매화주,,5.0,3.0,2.0,4.0,,
287,술아순곡주,,5.0,3.0,2.0,5.0,,
288,술아연화주,,5.0,3.0,2.0,4.0,,
289,술예쁘다생탁주,,1.0,3.0,1.0,2.0,,
290,술취한원숭이,,4.0,2.0,2.0,2.0,,
291,술헤는밤,,2.0,4.0,2.0,3.0,,
292,스타베리오디와인,,3.0,4.0,3.0,3.0,,
293,시나브로드글로리아,,3.0,3.0,2.0,2.0,,
294,시나브로레드드라이,,2.0,3.0,3.0,3.0,,
295,시나브로레드스위트,,3.0,3.0,3.0,2.0,,
296,시나브로로제와인,,3.0,3.0,3.0,3.0,,
297,시나브로에뚜왈로제스파클링와인,,2.0,3.0,4.0,2.0,,
298,시나브로에뚜왈스파클링,,3.0,3.0,4.0,2.0,,
299,시나브로화이트와인,,4.0,4.0,4.0,3.0,,
300,시인의마을우리쌀막걸리,,2.0,3.0,3.0,4.0,,
301,신례명주,,,,4.0,4.0,2.0,
302,신선주,,3.0,3.0,2.0,4.0,,
303,신선주백주,,2.0,3.0,1.0,3.0,3.0,
304,신선주약주,,3.0,3.0,3.0,3.0,,
305,신선주증류주,4.0,,4.0,,3.0,2.0,
306,심플리애플,4.0,4.0,,,1.0,2.0,3.0
307,아이싱,,3.0,1.0,1.0,3.0,,
308,아이원막걸리,,3.0,3.0,3.0,2.0,,
309,아황주,,1.0,3.0,1.0,3.0,,
310,안동소주느낌19.8,2.0,,,,2.0,2.0,
311,안동소주느낌30,3.0,,,,3.0,3.0,
312,안동소주일품17,1.0,3.0,,,2.0,,
313,안동소주일품21,1.0,3.0,,,2.0,,
314,안동소주일품골드,1.0,3.0,,,3.0,,
315,안동소주필(Feel),3.0,,,,3.0,4.0,
316,안성맞춤생막걸리,,3.0,2.0,3.0,2.0,,
317,안양동동주,,3.0,3.0,3.0,3.0,,
318,애석,,4.0,1.0,3.0,3.0,,
319,애피소드상그리아,,4.0,4.0,4.0,2.0,,
320,애피소드애플,,4.0,4.0,4.0,2.0,,
321,애피소드호프,,4.0,4.0,4.0,2.0,,
322,야관문막걸리,,1.0,3.0,2.0,1.0,,
323,양촌생동동주,,2.0,3.0,2.0,2.0,,
324,양촌생막걸리,,2.0,2.0,3.0,2.0,,
325,어우야,2.0,,,,2.0,3.0,
326,여강,3.0,,,,3.0,3.0,
327,여포의꿈(레드드라이),,2.0,2.0,,2.0,2.0,
328,여포의꿈(레드스위트),,4.0,1.0,,3.0,2.0,
329,여포의꿈(화이트),,1.0,2.0,,2.0,2.0,
330,연천아주,,2.0,4.0,3.0,3.0,,
331,연천연주,,2.0,4.0,2.0,3.0,,
332,연천우주,3.0,,,,3.0,2.0,
333,영일만친구막걸리,,2.0,2.0,3.0,2.0,,
334,예담은한산소곡주,,4.0,1.0,1.0,3.0,,
335,예담은한산소곡화주,2.0,3.0,,,3.0,,
336,예밀와인레드드라이,,1.0,1.0,2.0,3.0,,
337,예밀와인로제,,1.0,1.0,2.0,3.0,,
338,예밀인레드스위트,,4.0,1.0,2.0,3.0,,
339,예주,,1.0,3.0,1.0,3.0,,
340,예천주만월24%,3.0,,,,2.0,2.0,
341,예천주만월40%,4.0,,,,4.0,3.0,
342,예천주사월,0.0,,,,,,
343,예천주사월36.5%,3.0,,,,2.0,3.0,
344,예화,,2.0,1.0,1.0,3.0,,
345,오디랑맛,,3.0,1.0,,1.0,3.0,
346,오매백주,,5.0,1.0,1.0,1.0,,
347,오메기맑은술,,1.0,5.0,1.0,3.0,,
348,오메기술,,2.0,2.0,1.0,3.0,,
349,오메락퍽,3.0,3.0,,,4.0,,
350,오미로제프리미어와인,,3.0,4.0,4.0,4.0,,
351,오미시앙스페셜,,1.0,3.0,,2.0,2.0,
352,오산막걸리,,2.0,4.0,2.0,3.0,,
353,오희스파클링막걸리,,1.0,3.0,3.0,2.0,,
354,왕율주,3.0,,,,3.0,3.0,
355,왕피천을품은미소생막걸리,,3.0,3.0,3.0,2.0,,
356,우곡생주,,4.0,2.0,2.0,5.0,,
357,우렁이쌀손막걸리,,4.0,1.0,3.0,2.0,,
358,운암1945,,3.0,3.0,,3.0,,3.0
359,원매,4.0,,,,3.0,1.0,
360,원매프리미엄,3.0,2.0,,,4.0,,
361,원조소곡주,3.0,,,,2.0,3.0,
362,원조소곡주,,3.0,1.0,4.0,2.0,,
363,월매쌀막걸리,,2.0,2.0,3.0,1.0,,
364,유기농이도,,2.0,0.0,0.0,3.0,,
365,유기농이도14,,3.0,3.0,3.0,2.0,,
366,유자동동주,,2.0,3.0,3.0,3.0,,
367,유자생막걸리,,2.0,3.0,3.0,5.0,,
368,율무동동주,,2.0,4.0,3.0,4.0,,
369,은자골곶감생탁배기,,1.0,1.0,3.0,5.0,,
370,은자골생탁배기,,1.0,3.0,3.0,3.0,,
371,이강주(19%),,2.0,0.0,2.0,4.0,,
372,이강주(25%),,2.0,0.0,2.0,2.0,,
373,이강주(25%),,2.0,0.0,2.0,2.0,,
374,이도32,2.0,2.0,,,2.0,3.0,3.0
375,이동생쌀막걸리,,1.0,3.0,3.0,4.0,,
376,이동쌀막걸리,,3.0,1.0,1.0,3.0,,
377,이상헌약주,,3.0,3.0,3.0,3.0,,
378,이상헌탁주,,2.0,3.0,3.0,3.0,,
379,이화백주,,3.0,3.0,4.0,3.0,,
380,인천생소성주,,1.0,2.0,1.0,2.0,,
381,입장탁주,,2.0,2.0,2.0,2.0,,
382,자두와인레드,,2.0,3.0,2.0,2.0,,
383,자두와인화이트,,2.0,3.0,2.0,4.0,,
384,자연담은복분자막걸리,,2.0,1.0,1.0,5.0,,
385,자연송이주,1.0,1.0,,,1.0,,
386,자희향국화주,,1.0,2.0,1.0,4.0,,
387,자희향나비생탁주,,2.0,1.0,2.0,2.0,,
388,자희향탁주,,2.0,2.0,1.0,3.0,,
389,장수생막걸리,,2.0,3.0,3.0,3.0,,
390,장수오미자주,,3.0,4.0,4.0,3.0,,
391,장홍삼장수막걸리,,1.0,4.0,3.0,5.0,,
392,전주술로시티경기전,,2.0,3.0,4.0,2.0,,
393,전주술로시티오목대,,2.0,3.0,4.0,3.0,,
394,전주술로시티풍남문,,2.0,3.0,4.0,2.0,,
395,정고집나주배약주15%,,4.0,2.0,3.0,2.0,,
396,정고집나주배약주9%,,4.0,2.0,3.0,3.0,,
397,정고집나주쌀생막걸리,,3.0,3.0,3.0,3.0,,
398,정고집옛날생동동주,,3.0,3.0,4.0,3.0,,
399,제주고소리술,4.0,,,,3.0,1.0,
400,젤코바스페셜,,2.0,4.0,2.0,3.0,,
401,젤코바캠벨와인,,3.0,4.0,2.0,3.0,,
402,젤코바프리미엄와인,,1.0,4.0,2.0,4.0,,
403,조선주조사,,3.0,3.0,2.0,3.0,,
404,조은술세종바나나,,3.0,1.0,3.0,4.0,,
405,주몽복분자주,,3.0,1.0,1.0,3.0,,
406,주산지막걸리,,2.0,1.0,2.0,2.0,,
407,주시락톡쏘는복분자막걸리,,5.0,1.0,3.0,5.0,,
408,죽력고,4.0,,,,3.0,2.0,
409,죽향생막걸리,,1.0,2.0,4.0,1.0,,
410,지란지교무화과탁주,,4.0,4.0,1.0,4.0,,4.0
411,지란지교약주,,4.0,4.0,,4.0,,4.0
412,지란지교탁주,,4.0,4.0,1.0,4.0,,4.0
413,지리산정담생막걸리,,1.0,3.0,2.0,1.0,,
414,지리산허브잎술,,1.0,2.0,2.0,1.0,,
415,지장수생막걸리,,3.0,2.0,3.0,3.0,,
416,지장수호박막걸리,,2.0,1.0,1.0,2.0,,
417,지장수호박생막걸리,,3.0,1.0,2.0,2.0,,
418,지평생막걸리쌀막걸리,,4.0,1.0,4.0,2.0,,
419,지평생막걸리쌀막걸리,,4.0,1.0,4.0,2.0,,
420,지평생막걸리옛막걸리,,4.0,1.0,2.0,2.0,,
421,진도홍주루비콘,3.0,3.0,,,3.0,,
422,진맥소주22%,3.0,,,,2.0,2.0,
423,진맥소주40%,4.0,,,,2.0,3.0,
424,진맥소주53%,4.0,,,,3.0,4.0,
425,진심홍삼인삼주19%,,1.0,0.0,0.0,3.0,,
426,진심홍삼인삼주38%,,1.0,0.0,0.0,2.0,,
427,진심홍삼주19,,3.0,1.0,1.0,2.0,,
428,진쾌남,3.0,,,,3.0,4.0,
429,찰막걸리,,2.0,2.0,3.0,2.0,,
430,창원생탁주,,3.0,3.0,3.0,3.0,,
431,천년담주,,2.0,1.0,1.0,4.0,,
432,천년전주생막걸리,,1.0,1.0,2.0,3.0,,
433,천년주밤,2.0,,,,2.0,3.0,
434,천등산차례주,,3.0,2.0,2.0,3.0,,
435,천마몽,2.0,3.0,,,3.0,,
436,천마이야기,,2.0,2.0,2.0,5.0,,
437,천매,3.0,2.0,,,4.0,,
438,천비향오양주약주,,2.0,2.0,1.0,3.0,,
439,천비향오양주탁주,,2.0,2.0,1.0,3.0,,
440,천비향화주,5.0,,,,2.0,4.0,
441,천안연미주,,2.0,3.0,4.0,2.0,,
442,천지주가햅쌀생막걸리,,3.0,2.0,2.0,5.0,,
443,청남대블루베리생막걸리,,3.0,2.0,3.0,2.0,,
444,청명주,,4.0,4.0,2.0,4.0,,
445,청명주,,4.0,4.0,2.0,4.0,,
446,청산녹수꿀막걸리,,1.0,2.0,3.0,4.0,,
447,청산녹수사미인주,,2.0,2.0,4.0,3.0,,
448,청산녹수생탁주,,1.0,3.0,3.0,3.0,,
449,청세주,,3.0,1.0,1.0,4.0,,
450,청송얼음골동동주,,2.0,3.0,4.0,2.0,,
451,청송주왕사과막걸리,,2.0,3.0,4.0,2.0,,
452,청양둔송구기주,,3.0,1.0,1.0,2.0,,
453,청진주,,2.0,2.0,1.0,1.0,,
454,청춘,,2.0,2.0,1.0,3.0,,
455,초선의꿈(로제),,1.0,3.0,,2.0,4.0,
456,추사40,5.0,,,,3.0,1.0,
457,추사로제,,2.0,3.0,2.0,1.0,,
458,추사백25,4.0,3.0,,,2.0,2.0,4.0
459,추사블루,,3.0,1.0,2.0,3.0,,
460,추사애플와인,,3.0,1.0,2.0,3.0,,
461,추성주,,2.0,0.0,3.0,2.0,,
462,추시와인,,3.0,2.0,2.0,3.0,,
463,줄포생막걸리,,2.0,2.0,3.0,4.0,,
464,충주백주,4.0,,,,3.0,2.0,
465,컨츄리산머루와인(드라이),,1.0,3.0,,3.0,4.0,
466,컨츄리산머루와인(스위트),,2.0,3.0,,2.0,2.0,
467,컨츄리와인캠벨얼리(스위트),,3.0,1.0,,3.0,4.0,
468,코이버펑크머스캣베일리에이,,3.0,3.0,3.0,4.0,,
469,코이버펑크샤르도네세미용블랜드,,2.0,4.0,4.0,3.0,,
470,코이버펑크카베르네소비뇽,,1.0,2.0,2.0,3.0,,
471,쿨샷7.5,,3.0,1.0,2.0,2.0,,
472,크라테레드와인드라이밤,,2.0,2.0,3.0,3.0,,
473,크라테레드와인스위트,,4.0,2.0,3.0,1.0,,
474,크라테로제와인,,4.0,1.0,3.0,3.0,,
475,타미앙스,,1.0,1.0,2.0,4.0,,
476,톡쏘는알밤동동,,4.0,1.0,3.0,3.0,,
477,톡한잔골드,3.0,3.0,,,4.0,,
478,톡한잔소주,2.0,2.0,,,3.0,,
479,티나(Tina),4.0,,,,5.0,4.0,
480,펀치바나나,,3.0,1.0,2.0,4.0,,
481,편백숲산소막걸리,,3.0,3.0,3.0,3.0,,
482,편백숲산소막걸리딸기스파클링,,3.0,2.0,5.0,3.0,,
483,편백숲산소막걸리순수령,,3.0,1.0,1.0,4.0,,
484,평창머루주,,1.0,3.0,1.0,4.0,,
485,평창오디주,,1.0,3.0,1.0,3.0,,
486,포엠레드드라이와인,,2.0,3.0,2.0,4.0,,
487,포엠레드스위트와인,,4.0,3.0,3.0,3.0,,
488,포엠로제와인,,4.0,3.0,3.0,3.0,,
489,포엠화이트와인,,4.0,4.0,4.0,3.0,,
490,풍정사계동,3.0,2.0,,,3.0,,
491,풍정사계추,,1.0,2.0,1.0,4.0,,
492,풍정사계춘,,2.0,1.0,1.0,3.0,,
493,풍정사계하,,4.0,1.0,1.0,3.0,,
494,하향주,,3.0,3.0,1.0,4.0,,
495,하향주증류주,3.0,,,,4.0,3.0,
496,한비동충하초술,4.0,,,,4.0,1.0,
497,한비무병장수술,5.0,,,,4.0,2.0,
498,한비오가피술,2.0,,,,3.0,2.0,
499,한산소곡주 365ml 중복,,3.0,1.0,,4.0,4.0,
500,한산소곡주 (700ml) 중복,,3.0,1.0,,4.0,4.0,
501,한스오차드사과와인,,4.0,3.0,2.0,2.0,,
502,한시울,4.0,,,,4.0,3.0,
503,한주,3.0,,,,3.0,3.0,
504,해미읍성딸기와인,,3.0,2.0,1.0,3.0,,
505,해미읍성매실와인,,5.0,1.0,2.0,4.0,,
506,해미읍성모과와인밤,,3.0,2.0,2.0,3.0,,
507,해미읍성살구와인,,3.0,2.0,2.0,3.0,,
508,해방주18.8%,2.0,,,,2.0,2.0,
509,해방주38%,3.0,,,,3.0,3.0,
510,해창12도생막걸리,,1.0,1.0,2.0,2.0,,
511,해창9도생막걸리,,1.0,1.0,2.0,2.0,,
512,해창찹쌀생막걸리,,1.0,1.0,3.0,2.0,,
513,해파랑,,3.0,1.0,1.0,3.0,,
514,햇찹쌀이하늘수,,3.0,3.0,3.0,3.0,,
515,행운막걸리,,3.0,1.0,1.0,4.0,,
516,행운주,,2.0,2.0,2.0,2.0,,
517,향수우리밀막걸리,,2.0,3.0,3.0,5.0,,
518,허니문와인,,4.0,2.0,2.0,2.0,,
519,허니비와인,,3.0,1.0,1.0,4.0,,
520,호담300,2.0,2.0,,,2.0,,
521,호담산양산삼막걸리,,1.0,3.0,3.0,1.0,,
522,호담산양산삼주,,1.0,1.0,1.0,3.0,,
523,호땅,,3.0,1.0,2.0,4.0,,
524,호랑이생막걸리,,4.0,1.0,2.0,2.0,,
525,호모루덴스,,1.0,2.0,2.0,4.0,,
526,혼디주,,4.0,3.0,3.0,2.0,,
527,홍로,4.0,,,,2.0,2.0,
528,홍삼명주 375ml,,1.0,3.0,,1.0,5.0,
529,홍삼명주500ml 중복,,1.0,3.0,,1.0,5.0,
530,홍천강탁주,,2.0,3.0,2.0,4.0,,
531,화주,2.0,,,,1.0,3.0,
532,황금보리소주40,3.0,,,,3.0,3.0,
533,황금보리소주17,2.0,,,,2.0,2.0,
534,황금보리소주25,3.0,,,,2.0,2.0,
535,황진이,,3.0,2.0,1.0,3.0,,
536,황칠주,2.0,,,,2.0,3.0,
537,회곡생동동주,,3.0,2.0,3.0,3.0,,
538,회곡생막걸리,,2.0,2.0,2.0,4.0,,
539,흑돈주,2.0,,,,2.0,3.0,
540,희양산막걸리15%,,3.0,4.0,1.0,5.0,,
541,희양산막걸리9%,,2.0,3.0,2.0,3.0,,
542,DMZ240km,1.0,2.0,,,3.0,,
543,g12골디락스,,2.0,2.0,2.0,3.0,,3.0
544,우도땅콩전통주,,4.0,1.0,3.0,3.0,,
545,The찾을수록시리즈,,4.0,2.0,3.0,2.0,,
