,index,제품명,향기,단맛,신맛,청량감,바디감,목넘김,균형감,주종,도수,용량,가격,원재료,원재료키워드,제조사,키워드(thesool),어울리는음식(thesool)
0,0,1000억막걸리프리바이오,,3.0,4.0,3.0,3,,,탁주,5,750ml,3500,"쌀,밀,누룩,정제수","쌀,밀,",(주)국순당,,
1,1,1000억유산균막걸리,,3.0,5.0,5.0,3,,,탁주,5,750ml,3200,"쌀,밀,누룩,정제수","쌀,밀,",(주)국순당,저도수,"적당한 감칠맛과 청량미가 있어 전, 회무침과 잘 어울린다."
2,2,1932새싹땅콩햅쌀막걸리,,2.0,2.0,3.0,5,,,탁주,6,900ml,,"쌀,땅콩농축액,입국,효모,고과당,정제효소제,정제수","쌀,땅콩,",(주)1932포천일동막걸리,,
3,3,1932새싹땅콩흑미막걸리,,3.0,1.0,1.0,4,,,탁주,6,900ml,,"쌀,흑미,땅콩농축액,입국,효모,고과당,정제효소제,정제수","쌀,땅콩,",(주)1932포천일동막걸리,,마늘새우
4,4,33JU,4.0,3.0,,,1,1.0,,증류주,18,500ml/200ml,,"산양산삼,주정,결정과당,효소처리스테비아,에리스리톨,호박산,꿀","꿀,삼,",농업회사법인33가주식회사,,
5,5,52C,4.0,3.0,,,2,2.0,,증류주,17.50,500ml,10000,"정제수,주정,쌀증류식소주원액,오이","쌀,",농업회사법인(주)청산녹수,,곱창구이
6,6,DMZ240km,1.0,2.0,,,3,,,기타주류,25,450ml,,"자연송이버섯,브랜디원액,블랙커런트,벌꿀","꿀,버섯,",솔래원,,
7,7,g12골디락스,,2.0,2.0,2.0,3,,3.0,탁주,12,500ml,12000,"정제수,멥쌀,찹쌀,누룩,종국,효모,밀함유","쌀,찹쌀,밀,",농업회사법인(주)청산녹수,무감미료,"닭백숙, 오리백숙, 편육, 새우젓, 겉절이"
8,8,The찾을수록시리즈,,4.0,2.0,3.0,2,,,과실주,"피치14,모스카토14,애플16,감귤16,생강16,아메리카노14",360ml,,"사과와인,정제수,정제주정외제품별농축액","사과,",(주)한국애플리즈,,식중주보다는 가벼운 식후주로 스낵 등과 즐기기 좋다.
9,9,가덕순쌀막걸리,,3.0,3.0,3.0,3,,,탁주,6,750ml,,"국내산쌀,효모,조효소재,물엿,아스파탐,정제수","쌀,",농업회사법인명세주가(주),,
10,10,가을빛레드와인,,2.0,3.0,3.0,2,,,과실주,14,750ml,35000,포도,"포도,",예인화원,,
11,11,가평잣생막걸리,,2.0,2.0,3.0,3,,,탁주,6,750ml,1450,"쌀,정제수,쌀입국,잣,효모,정제효소등","쌀,",가평우리술,,반찬으로 나오는 우리음식과 모두 잘 어울린다.
12,12,감그린레귤러,,3.0,3.0,3.0,2,,,과실주,12,750ml,18000,감,,청도감와인(주),이색전통주,가벼운 청포도향과 감 특유의 가벼운 탄닌감이 살아있는 맛이다. 감 특유의 떫은 맛이 있어 기름진 음식과도 궁합이 괜찮다. 다만 자극성 적은 소고기류가 좋다.
13,13,감그린스페셜,,3.0,3.0,3.0,3,,,과실주,12,750ml,25000,감,,청도감와인(주),이색전통주,감 본래의 맛을 잘 살린 와인으로 과육을 씹는 듯한 식감을 자랑하는 와인이다. 감 특유의 떫은 맛이 있어 기름진 음식과도 궁합이 괜찮다. 다만 자극성 적은 소고기류가 좋다.
14,14,감그린아이스와인,,4.0,2.0,2.0,4,,,과실주,10,375ml,89000,감,,청도감와인(주),이색전통주,"진한 감 특유의 맛을 자랑하는 와인으로 숙성을 거듭한 홍시와 같은 식감이다. 진한 맛을 자랑하는 만큼 다양한 치즈 류와도 궁합이 좋다. 가벼운 맛의 모짜렐라 치즈부터 까방베르, 스모키 치즈까지 다양한 조합을 이룬다."
15,15,감보드카,2.0,,,,3,4.0,,증류주,32,375ml,14000,감,,양촌감영농조합법인,,
16,16,감사,,2.0,2.0,,2,4.0,,약주/청주,14,375ml,15000,"쌀,누룩,정제수","쌀,",술샘,선물,"불고기,잡채"
17,17,감아락25,2.0,2.0,,,2,,,증류주,25,500ml,26000,"감증류원액,쌀","쌀,",(주)배상면주가,가을,맑고 투명하며 알코올향과 함께 농익은 과실향이 은은하게 올라온다. 입에 넣으면 아주 약한 단맛이 전체 술을 부드럽게 만들어주고 박하와 같이 시원한 맛이 혀에 자리를 잡아 술을 부드럽게 만들어 준다. 아주 편하게 즐길 수 있는 술이다. 견과류와 잘 어울린다.
18,18,감악산머루주,,4.0,4.0,3.0,3,,,과실주,12,360ml,,"국내산산머루원액,주정","머루,",산머루농원영농조합법인,,"갈비, 불고기와 곁들이면 입맛도 돋우고 느끼함도 해소해 줍니다."
19,19,감이슬,2.0,,,,2,2.0,,증류주,23,375ml,10000,감,,양촌감영농조합법인,과일류,양촌감영농조합법인에는 두 종류 감 증류주가 있다. 하나는 16% 감이슬 그리고 다른 하나는 PERSIMMON VODKA 32%이다. 감이슬은 맑고 투명한데 반해 PERSIMMON VODKA 는 아주 옅은 황금빛 미색을 가지고 있어 차이가 난다. 감이슬은 도수가 낮고 부드러워 누구나 편하게 마실 수 있는 증류주로 양념이 되지 않은 생선찜 등과 잘 어울린다.
20,20,감자술13,,3.0,2.0,3.0,2,,,약주/청주,13,700ml,14000,"백미,감자,누룩,효모,정제수","감자,",오대서주양조,선물,살짝 갈아놓은 감자에서 느낄 수 있는 식감이 있다. 맑은 연두빛의 개성 있는 색깔에 담백한 단맛이 느껴진다. 너무 맵고 짠 음식은 자칫 감자술의 은은한 맛이 가려질 수 있기 때문에 자극적이지 않은 안주를 추천합니다. 기름진 감자전하고 즐기면 딱 좋은 맛이다.
21,21,감홍로백자,3.0,3.0,,,4,,,증류주,40,700ml,75000,"쌀,조,가지약재","쌀,약재,",농업회사법인(주)감홍로,,
22,22,감홍로청자,3.0,3.0,,,4,,,증류주,40,700ml,90000,"쌀,조,가지약재","쌀,약재,",농업회사법인(주)감홍로,,
23,23,강소주,4.0,,,,3,2.0,,증류주,50,"200ml/1,800ml",,"국내산쌀,정제수","쌀,",내국양조,소용량,"알코올 향이 매우 강하고 여기에 미세하게 달콤한 향이 따라 올라온다. 국내에서는 보기 드물게 보리로만 제조된 리큐르이며, 보리 특유의 크림과 같은 맛을 느낄 수 있다. 도수가 높지만 단맛이 강해 입 안의 느낌과 마시고 난 후가 매우 깔끔하다."
24,24,강쇠,,2.0,2.0,1.0,4,,,약주/청주,13,370ml,2500,"쌀,누룩,오가피","쌀,오가피,",농업회사법인(유)술소리,,
25,25,걍즐겨,,3.0,4.0,3.0,3,,,탁주,8,600ml,6000,"찹쌀,멥살,누룩,석류,히비스커스,정제수","쌀,찹쌀,",디오케이브루어리,이색전통주,"발효시 석류즙과 히비스커스를 더해 술에 부족한 산미, 과실향을 보충했으며 베리향이 강조된 탁주이다."
26,26,겨울소주25,4.0,,,,4,3.0,,증류주,25,360ml,10000,"증류원액,효모,효소,정제수",,두이술공방,겨울,"일반적인 증류주에 비해 도수가 낮지만 곡물향과 찐 식물향이 강하게 올라온다. 입 안에서의 곡물의 향미가 강하고 입의 자극이 매우 부드럽다. 자신의 취향에따라 온도를 달리해 마시기 좋은 술이다. 곡향이 좋으면 실온에서 마시고, 싫다면 얼음을 넣어 마시면 좋다. 양념이 되어 있는 돼지볶음 등과 잘 어울린다."
27,27,경기전,,2.0,3.0,4.0,2,,,기타주류,5,1000ml,,"보리,맥아,호프펠렛,효모,정제효소제,정제수","보리,",농업회사법인동문거리양조장(주)(전주술로시티),탄산,"홉의 향이 아로마틱하게 올라온다. IPA를 추구한 맛이란 것을 그대로 알 수 있다. 경쾌함이 있는 천연탄산이 있으며, 후미에서 느껴지는 홉의 잔향이 매력적이다. 맥주에 어울리는 모든 안주와 음식궁합이 잘 맞는다."
28,28,계룡백일주12년,3.0,3.0,,,4,,,기타주류,40,600ml,150000,"찹쌀,백미,누룩,재리종국화꽃,오미자,진달래,재래종솔잎","쌀,찹쌀,오미자,꽃,솔잎,",계룡백일주,,
29,29,계룡백일주16,,1.0,1.0,1.0,1,,,약주/청주,16,700ml*2개,37000,"찹쌀,백미,누룩,재리종국화꽃,오미자,진달래,재래종솔잎","쌀,찹쌀,오미자,꽃,솔잎,",계룡백일주,,
30,30,계룡백일주30,2.0,2.0,,,3,,,기타주류,30,400ml*2개,40000,"찹쌀,백미,누룩,재리종국화꽃,오미자,진달래,재래종솔잎","쌀,찹쌀,오미자,꽃,솔잎,",계룡백일주,,
31,31,계룡백일주40,3.0,3.0,,,3,,,기타주류,40,600ml*2개,80000,"찹쌀,백미,누룩,재리종국화꽃,오미자,진달래,재래종솔잎","쌀,찹쌀,오미자,꽃,솔잎,",계룡백일주,,"갈비구이, 생선회"
32,32,계룡산산삼주금수강산21,2.0,,,,2,2.0,,증류주,21,740ml,110000,"산양산삼,정제주,주정","삼,",농업회사법인한국산삼(주),삼(蔘)류,"증류주에 산양산삼이 침출되어 있어 보는 즐거움과 함께 마실 수 있는 것이 특징이다. 같은 술에 계룡산산양산삼주는 21%로 도수를 낮춰 대중적으로 만들었고, 금수강산은 알코올 도수 40%로 오래 두고 약으로 마실 수 있는 술이다. 향을 맡는 것 보다는 입 안에 술을 넣으면 삼의 향이 강하게 느껴지며 마시고 난 후에는 삼의 쓴 여운이 길게 남는다. 삼계탕과 잘 어울린다."
33,33,계룡산산삼주금수강산40,3.0,,,,3,3.0,,증류주,40,740ml,150000,"산양산삼,정제주,주정","삼,",농업회사법인한국산삼(주),삼(蔘)류,"증류주에 산양산삼이 침출되어 있어 보는 즐거움과 함께 마실 수 있는 것이 특징이다. 같은 술에 계룡산산양산삼주는 21%로 도수를 낮춰 대중적으로 만들었고, 금수강산은 알코올 도수 40%로 오래 두고 약으로 마실 수 있는 술이다. 향을 맡는 것 보다는 입 안에 술을 넣으면 삼의 향이 강하게 느껴지며 마시고 난 후에는 삼의 쓴 여운이 길게 남는다. 삼계탕과 잘 어울린다."
34,34,고구마아락,3.0,2.0,,,3,,,증류주,40,500ml,25000,"보리,고구마,정제수","보리,고구마,",농업회사법인배상면주가고창LB,,
35,35,고도리레드와인스위트,,3.0,3.0,2.0,3,,,과실주,12,750ml,22000,MBA머루포도,"포도,머루,",고도리와이너리,,"육회, 수육, 불고기"
36,36,고도리복숭아와인,,4.0,3.0,3.0,2,,,과실주,6.5,750ml,32000,복숭아,"복숭아,",고도리와이너리,이색전통주,안주가 필요 없는 식후주로 디저트 대용으로 마실 수 있는 와인입니다.
37,37,고도리화이트와인드라이,,2.0,3.0,3.0,2,,,과실주,10.5,750ml,22000,거봉포도,"포도,",고도리와이너리,저도수,광어나 우럭 등 기름기가 적은 생선회
38,38,고도리화이트와인스위트,,4.0,3.0,3.0,2,,,과실주,10.5,750ml,22000,거봉포도,"포도,",고도리와이너리,저도수,"새벽 공기에서 느껴지는 풀잎 향, 감귤계의 시트러스한 향, 과하지 않은 단맛이 조화를 이룬 맛이다. 과일을 즐긴다는 느낌으로 굳이 안주가 없어도 충분히 즐길 수 있는 맛이다."
39,39,고소리술,,2.0,0.0,3.0,3,,,증류주,40,375ml,25000,"쌀,차조,입국,누룩,효모,효소,정제수,스테비올배당체","쌀,",제주샘영농조합법인,선물,"육류구이  독특한 향과 깔끔한 뒷맛의 증류식곡주는 입안을 깔끔하게 정리해주는 맛이라고 할 수 있는데, 안주로 고기를 씹으면서 고소한 풍미와 육즙을 즐기다가 깔끔하게 고소리술로 마무리하면 좋다."
40,40,고운달백자,3.0,,,,5,4.0,,증류주,52,500ml/200ml,,오미자,"오미자,",농업회사법인(주)제이엘,선물,"코 속부터 시작되는 잔잔한 오미자향, 머금고 난 이후에 뱃속에서 올라오는 은은한 오미자의 맛. 향과 맛 모두 일품이다. 술맛을 방해하지 않는 가벼운 샐러드나 견과류, 육포 등이 좋다. 소량을 마시더라도 얼음이나 탄산 등은 추가하지 않고 본연의 맛을 즐기기를 추천해 본다."
41,41,고운달오크,4.0,,,,5,3.0,,증류주,52,500ml/200ml,,오미자,"오미자,",농업회사법인(주)제이엘,선물,"잔잔한 초콜릿과 커피향, 그리고 마시고 난 다음에 느껴지는 기품 있는 오미자의 향. 부드럽게 넘어가는 목 넘김을 가지고 있다. 가벼운 안주류로 아몬드. 초콜릿, 올리브, 견과류, 육류로는 육포 등을 추천한다. 물론 과일 안주, 꿀물 등과 같이 마셔도 좋다. 알코올도수가 상당히 높지만 맛 자체를 즐기기 위해 소량을 마시더라도 온더록이나 탄산을 가미하지 않고 있는 그대로 즐기는 것이 본연의 맛을 그대로 즐길 수 있다."
42,42,고창선운산땡큐복분자주,,3.0,1.0,3.0,2,,,과실주,13,300ml,,"복분자과실,주정,효모,구연산,정제수","복분자,",농업회사법인고창선운산(유),소용량,붉은 흑진주처럼 술 빛이 매혹적이다. 아주 미세하게 쓴맛이 있지만 전체적으로 단맛이 중심을 잡고 있어 누구라도 편하게 마실 수 있다. 술을 입에 넣으면 매우 가볍고 목 넘김이 깔끔한 것이 특징이며 마시고 난 후에도 매우 산뜻하다. 장어 구이와 잘 어울린다.
43,43,고창선운산땡큐블루베리주,,2.0,2.0,2.0,2,,,과실주,13,300ml,,"블루베리과실,주정,효모,구연산,정제수","베리,",농업회사법인고창선운산(유),소용량,매혹적인 붉은 루비 색깔을 가지고 있고 블루베리 특유의 향과 맛이 그대로 느껴진다. 단맛과 신맛의 조화에 약간의 쓴맛이 오미를 완성시킨 술로 목 넘김이 가볍고 산뜻하다. 스테이크와 잘 어울린다.
44,44,고창선운산복분자주특1호,,3.0,1.0,3.0,2,,,과실주,15,"1,800ml",27000,"복분자과실,주정,효모,구연산,정제수","복분자,",농업회사법인고창선운산(유),,붉은 흑진주처럼 술 빛이 매혹적이다. 아주 미세하게 쓴맛이 있지만 전체적으로 단맛이 중심을 잡고 있어 누구라도 편하게 마실 수 있다. 술을 입에 넣으면 매우 가볍고 목 넘김이 깔끔한 것이 특징이며 마시고 난 후에도 매우 산뜻하다. 장어 구이와 잘 어울린다.
45,45,공주애오디와인,,3.0,2.0,3.0,1,,,과실주,15,375ml,6000,"국내산오디,정제수,주정,과당,효모","오디,",농업회사법인사곡양조원,,붉은 흑진주처럼 술 빛이 매혹적이다. 아주 미세하게 쓴맛이 있지만 전체적으로 단맛이 중심을 잡고 있어 누구라도 편하게 마실 수 있다. 술을 입에 넣으면 가볍고 목 넘김이 깔끔한 것이 특징이며 마시고 난 후에도 산뜻하다. 장어 구이와 잘 어울린다
46,46,구기홍주14,,3.0,1.0,2.0,3,,,약주/청주,14,360ml/750ml,,"쌀,국,구기자추출액,올리고당,효모,효소,아세설팜칼륨,정제수","쌀,구기자,",두이술공방,선물,"구기자, 맥문동이 들어간 약용주이며, 옅은 붉은 빛깔의 캐러멜색을 가진 술이다. 약재가 들어가 약재향이 있지만 술의 맛은 과실주 맛에 더 가깝게 느껴진다. 약주에 대한 편견이 있는 분들에게는 거부감 없이 마실 수 있는 술이다. 전체적으로 단맛과 산미의 조화가 잘 갖춰져 있고 씁쓸한 뒷맛이 매력적이다. 숯불에 구운 돼지고기와 잘 어울린다."
47,47,구름을벗삼아,,3.0,3.0,3.0,3,,,탁주,6,750ml,1500,"정제수,찹쌀·백미,입국등","쌀,찹쌀,",문경주조,무감미료,"해물파전, 김치전 등 전 요리와 잘 어울린다."
48,48,귀감,3.0,,,,3,2.0,,증류주,25,350ml,25000,"감귤과즙,백설탕,액상효모,스테비올배당체,무수아황산","귤,",농업회사법인(주)시트러스,과일류,"은은한 감귤 향이 매력적인 과실 증류주다. 알코올 맛보다는 입 속에서 느껴지는 가벼운 시트러스한 향이 좋다. 단맛도 뭉근히 돌며, 매끄러운 끝 맛을 자랑한다. 다만, 증류주 초보자 등은 바로 마시기보다는 온더록스 및 탄산수 등으로 즐기는 것이 좋다."
49,49,그랑꼬또레드와인,,3.0,3.0,3.0,2,,,과실주,12,750ml,35000,포도,"포도,",그린영농조합법인,,"삼겹살, 보쌈, 김치전, 아구찜 등"
50,50,그랑꼬또M56,,2.0,3.0,1.0,3,,,과실주,12,750ml,21000,포도,"포도,",그린영농조합법인,홈술,"붉은육류요리,바비큐,갈비찜"
51,51,그랑꼬또M5610,,4.0,3.0,3.0,2,,,과실주,10,750ml,56000,포도,"포도,",그린영농조합법인,,
52,52,그랑꼬또로제와인,,2.0,3.0,1.0,3,,,과실주,12,750ml,21000,포도,"포도,",그린영농조합법인,홈술,"한식,해산물,칼국수"
53,53,그랑꼬또청수,,2.0,1.0,3.0,4,,,과실주,12,750ml,60000,포도,"포도,",그린영농조합법인,파티,"한식, 중식, 양식, 해산물요리"
54,54,그랑꼬또화이트와인,,3.0,3.0,3.0,2,,,과실주,12,750ml,40000,포도,"포도,",그린영농조합법인,,
55,55,그랑티그르CE2002,,3.0,2.0,2.0,3,,,과실주,12,750ml,40000,포도,"포도,",월류원(오드린),,"캠벨포도 특유의 맑고 청아한 색을 가지고 있는 와인이다. 단맛은 적지만, 특유의 향과 잔잔한 물결과 같은 목 넘김을 가지고 있다. 탄닌감이 적어서 진한 육류보다는 산채 한정식과 같은 다양한 나물 요리가 잘 어울릴 것이다."
56,56,그랑티그르M1988,,3.0,3.0,2.0,3,,,과실주,12,750ml,40000,"포도,오미자","포도,오미자,",월류원(오드린),,"캠벨포도 특유의 맑고 청아한 색을 가지고 있는 와인이다. 다섯 가지 맛을 자아내는 오미자가 들어가 매우 독특한 끝 맛이 난다. 단맛은 적지만, 특유의 향과 잔잔한 물결과 같은 목 넘김을 가지고 있다. 탄닌감이 적어서 진한 육류보다는 산채 한정식과 같은 다양한 나물 요리가 잘 어울릴 것이다."
57,57,그랑티그르S1974,,1.0,3.0,2.0,4,,,과실주,12,750ml,40000,포도,"포도,",월류원,,
58,58,금산인삼주,,1.0,4.0,2.0,4,,,약주/청주,12.5,375ml,,"쌀,인삼,누룩,정제수등","쌀,삼,",농업회사법인(주)금산인삼주,,"고사리나물 고사리나물은 잘 삶아서 깨끗이 씻어 찬물에 하루 동안 불려 팬에 기름을 넉넉히 둘러 볶고, 간장으로 간을 한다. 고사리나물의 부드러운 식감과 구수함은 금산인삼주의 은은한 향과 풍미를 살려준다."
59,59,금산인삼주수삼단본23,4.0,1.0,,,3,,,증류주,23,720ml,32000,"쌀,인삼,누룩,정제수등","쌀,삼,",농업회사법인(주)금산인삼주,,
60,60,금산인삼주수삼단본43,4.0,1.0,,,4,,,증류주,43,720ml,42000,"쌀,인삼,누룩,정제수등","쌀,삼,",농업회사법인(주)금산인삼주,삼(蔘)류,"생선회  쫄깃한 식감과 고소한 맛의 생선회 한 점을 먹고 수삼500을 한모금하면 생선회의 비린 맛도 가시고, 인삼향이 오랫동안 입안에 머무른다."
61,61,금이산농원복숭아와인,,3.0,2.0,2.0,3,,,과실주,12,500ml,20000,"복숭아,백설탕,효모,메타중아황산칼륨","복숭아,",영농조합법인금이산농원,,
62,62,금이산농원사과와인,,3.0,2.0,2.0,3,,,과실주,12,500ml,20000,"사과,백설탕,효모,메타중아황산칼륨","사과,",영농조합법인금이산농원,,"예쁜 라벨 이미지를 가진 금이산 사과와인을 잔에 따르고 그 향을 맡으면 마치 사과 밭에 와 있는 듯 매우 신선한 사과 향을 느낄 수 있습니다. 잘 익은 사과에서 나오는 풍미 있는 향과 입 안에 가득한 향미, 그리고 적절한 산미가 술을 밸런스를 더해줍니다. 양념된 고기류와 잘 어울립니다."
63,63,금이산농원오가피와인,,3.0,2.0,2.0,3,,,과실주,12,500ml,20000,"오가피열매,백설탕,효모,메타중아황산칼륨","오가피,",영농조합법인금이산농원,이색전통주,"진한 흑진주의 색을 가진 보기 드문 오가피 열매를 이용한 술입니다. 오가피의 색과 향, 맛을 아주 잘 살린 술로 오미의 조화가 잘 갖춰진 술입니다. 술을 마시고 난 후에 약간의 산미와 쓴맛이 음식과의 조화를 잘 만들 수 있도록 해줍니다. 복날 삼계탕 등 보신 음식과 함께하기 좋은 술입니다."
64,64,금정산성막걸리,,1.0,3.0,2.0,3,,,탁주,8,750ml,,"백미,밀누룩,정제수,아스파탐","밀,",(유)금정산성토산주,홈술,"파전, 두부김치"
65,65,기다림16,,2.0,4.0,2.0,3,,,탁주,9,750ml,11000,"찹쌀,흑미,곡자,정제수","쌀,찹쌀,",농업회사법인(주)제이케이크래프트,무감미료,"기다림 16은 흑미가 들어가 독특한 색을 가지고 있으며, 색깔만큼이나 입 안의 느낌이 매우 부드럽다. 전체적으로 오미의 조화가 잘 갖춰져 있고 적절한 산미가 음식과의 조화를 잘 받쳐주는 술이다. 흰 막걸리와는 다른 재미를 느낄 수 있다. 동래파전과 함께 마시면 그만이다."
66,66,기다림25,,2.0,4.0,2.0,2,,,탁주,8,750ml,9900,"백미,찹쌀,곡자,정제수","쌀,찹쌀,",농업회사법인(주)제이케이크래프트,무감미료,술을 입에 넣으면 맛있는 산미가 입 전체를 채워 음식을 불러 들이는 맛이다. 여기에 고소한 곡물의 느낌이 함께 뒤섞여 오묘한 조화를 가지고 있다. 술을 마시고 난 후에 매우 깔끔하게 마무리가 되어 상쾌한 느낌을 받을 수 있다. 매운 잡채와 잘 어울린다.
67,67,기다림34,,3.0,3.0,3.0,3,,,탁주,12,500ml,15000,"멥쌀,찹쌀,곡자,정제수","쌀,찹쌀,",농업회사법인(주)제이케이크래프트,무감미료,입안의 향미가 일품이다. 물을 많이 혼합하지 않아 도수(12%)가 높지만 약간의 단맛이 술을 독하지 않고 부드러운 촉감을 느끼게 해준다. 마시고 난 뒤에 올라오는 산미가 기름진 음식들과의 궁합을 잘 만들어 주어 어느 하나 흠이 없는 술이다.
68,68,기다림맑은술,,4.0,3.0,3.0,3,,,약주/청주,15,500ml,25000,"멥쌀,찹쌀,곡자,정제수","쌀,찹쌀,",농업회사법인(주)제이케이크래프트,홈술,가을의 화창한 하늘에 비친 황금빛 논밭이 생각나는 색. 좋은 곡물로 만든 기분 좋은 잔향이 살짝 느껴진다. 맛을 보면 의외의 반전이 있는데 달콤함이 먼저 치고 나온다는 것. 그리고 산미가 뒤를 이어 후미로 남는다. 다양한 맛이 살아있어서 매칭되는 음식도 여러가지를 즐길 수 있다. 기름진 곱창전골부터 맑은 탕인 연포탕 등도 좋은 궁합이다.
69,69,김천과하주16,,1.0,2.0,1.0,2,,,약주/청주,16,700ml,20000,"찹쌀,누룩,샘물,황국잎","쌀,찹쌀,",김천과하주,,
70,70,김천과하주23,1.0,1.0,,,2,,,기타주류,23,700ml,22000,"멥쌀,누룩,샘물,황국잎","쌀,",김천과하주,고문헌,매운탕
71,71,김포막걸리,,2.0,2.0,3.0,1,,,탁주,6,750ml,1200,"쌀,누룩,정제수","쌀,",김포양조,,"신선한 발효향이 은은하게 올라오고 단맛과 신맛, 쓴맛 등 전체적으로 오미의 조화가 잘 갖춰져 있는 막걸리다. 일반적인 막걸리 알코올 도수로 자극적이지 않고 편하게 즐길 수 있으며, 입 안의 느낌과 목 넘김이 가볍고 산뜻하다. 파전과 잘 어울린다."
72,72,김포별주,,3.0,1.0,1.0,3,,,약주/청주,13,500ml,4000,"쌀,옥수수전분,국,효모,젖산,효소제,정제수","쌀,",김포양조,,"맑고 투명한 황금빛의 색을 가지고 있으며, 고소한 옥수수에 달콤함이 섞여 은은한 향이 올라온다. 입에 넣으면 단맛이 입 전체를 꽉 채우지만 시간이 지나면서 바로 사라지고 산미가 자리를 잡아 입 안을 깔끔하게 만들어 준다. 목 넘김이 깔끔하고 입 안이 상쾌한 것이 특징이다. 주꾸미 볶음과 잘 어울린다."
73,73,김포약주,,1.0,2.0,1.0,2,,,약주/청주,11,750ml,10000,"옥수수전분,밀,국,효모,젖산,효소제,정제수","밀,",김포양조,저도수,"맑고 투명한 황금빛의 색을 가지고 있으며, 단맛과 신맛 등의 조화가 잘 갖춰 있어 어느 맛 하나 튀지 않는다. 약주류 중에서는 알코올 도수가 낮아(11%) 입 안의 풍미와 목 넘김이 가볍게 느껴진다. 마시고 난 후에도 여운이 길지 않아 누구나 편하게 즐길 수 있는 술이다. 닭백숙 등 양념되지 않은 고기류와 잘 어울린다."
74,74,김포예주,,2.0,1.0,1.0,4,,,약주/청주,13,750ml,15000,"국내산쌀,국,효모,젖산,정제수","쌀,",김포양조,,"숭어회, 회무침, 매운탕 동의보감에 “숭어는 성이 평하고 맛은 달며 독이 없다. 사람의 장를 열어먹은 것을 통하게 하고 오장을 이롭게 할 뿐만아니라 살도 찌개하는 건강식품 구실도 한다. 이 물고기는 진흙을 먹는 까닭에 백가지 약이 기피할 것이 없다”고 되어있다. 숭어는 김포지역이 유명하며 찬바람이 불기 시작하는 11월부터 이듬해 2월까지가 식감이 가장 좋다."
75,75,김포특주,,4.0,4.0,2.0,2,,,약주/청주,15,375ml,3000,"국내산쌀,효모,정제효소,정제수,프락토올리고당","쌀,",김포금쌀탁주영농조합법인,,"첫인상은 진한 발효된 맛과 향, 뒷맛은 나풀거리는 가벼움. 결국 진함과 가벼움 모두가 공존하는 약주다. 향이 강한 편이라 진한 한국음식과 잘 어울린다. 감자탕, 김치찌개, 청국장, 매운 제육볶음 등이 대표적이다."
76,76,까메오막걸리,,3.0,1.0,2.0,4,,,탁주,6,550ml,5000,"정제수,쌀,효모,누룩,과당등","쌀,",낙천,혼술,미세하게 올라오는 캐러멜 향기에 산미가 적고 당도가 높고 초콜릿 맛이 나는 것이 특징이다. 다양한 야채와 과실이 혼합된 샐러드와 함께 마시면 좋다.
77,77,나루생막걸리11.5,,4.0,1.0,1.0,5,,,탁주,11.5,500ml,11000,"쌀,국,효모,정제수","쌀,",한강주조,파티,매콤한 쭈꾸미 볶음류
78,78,나루생막걸리6,,3.0,3.0,2.0,2,,,탁주,6,935ml,7000,"쌀,국,효모,정제수","쌀,",한강주조,파티,매콤한 쭈꾸미 볶음류
79,79,남산애레드와인,,3.0,3.0,3.0,2,,,과실주,14,750ml,45000,포도,"포도,",예인화원,,"진한 포도의 맛과 향이 그대로 농축돼있는 와인이다. 조금은 탁하지만 포도의 원액을 그대로 느낄 수 있는 색을 가지고 있으며, 시트러스 계열의 상큼한 산미가 뒤따라 온다. 단맛은 적지만, 목 넘김에서 올라오는 포도향이 기분을 좋게 한다. 긴 후미는 아니지만, 경쾌하고 자연스러운 한국와인 특유의 신선함이 살아있다. 시트러스 계열의 상큼 맛이 좋은 만큼 입맛을 돋우는 식전주로 추천한다."
80,80,남산애포트와인,,3.0,3.0,2.0,3,,,과실주,18.5,750ml,55000,포도,"포도,",예인화원,,
81,81,내장산복분자주,,1.0,3.0,,2,3.0,,과실주,16,360ml,6000,"복분자,주정,정제수,설탕등","복분자,",내장산복분자영농조합,,산뜻하게 올라오는 달콤한 과실향이 좋고 단맛은 적으나 적절한 산미와 쓴맛이 있고 아주 약한 타닌이 입안을 자극시킨다. 소고기와 잘 어울린다.
82,82,녹고의눈물,2.0,2.0,,,3,,,기타주류,16,500ml,23000,섬오가피,"오가피,",농업회사법인(주)토향,,투명한 갈색빛을 가지고 있으며 산뜻하면서도 고급스런 향기가 은은하게 올라온다. 입에 넣으면 처음에는 산미가 입 전체를 채우고 시간이 지나면서 독특한 쓴맛이 자리를 잡는다. 생선 조림과 잘 어울린다.
83,83,녹천소곡화주,3.0,2.0,,,3,,,기타주류,41,500ml,22000,"찹쌀,누룩,백미,정제수","쌀,찹쌀,",녹천주조장,,물처럼 맑고 투명하지만 상압증류기를 이용해 불에 그을린듯한 향이 강하게 올라온다. 알코올 도수에 비해 자극적이지는 않지만 술을 입에 넣으면 입술과 혀를 서서히 자극시킨다. 입 안에 탄 듯한 맛이 남는 것이 강한 남자 같은 술 같다. 전골류와 잘 어울린다.
84,84,녹천한산소곡주살균,,4.0,1.0,1.0,2,,,약주/청주,16,750ml,12000,"찹쌀,누룩,백미,정제수","쌀,찹쌀,",녹천주조장,,
85,85,녹천한산소곡주생,,4.0,1.0,1.0,2,,,약주/청주,16,750ml,12000,"찹쌀,누룩,백미,정제수","쌀,찹쌀,",녹천주조장,,
86,86,녹파주,,3.0,2.0,2.0,3,,,약주/청주,15,375ml,35000,"국내산찹쌀,멥쌀,누룩,정제수","쌀,찹쌀,",농업회사법인(주)솔송주,선물,"잔잔하고 은은한 향에서 출발하여, 매끄러운 단맛으로 끝나는 술. 튀지 않는 맛에서 기품이 느껴지는 술이다. 향에서 올라오는 은은한 맛을 즐기기 위하여 강하지 않은 음식을 추천하고 싶다. 특히 녹파주가 나오는 경남 함양에서는 드넓은 연꽃 밭에서 나오는 연잎밥이 유명한데, 같이 즐기기에 충분히 매력적인 궁합이다."
87,87,뉴트로,,4.0,4.0,4.0,3,,,탁주,8,600ml,6000,"찹쌀,멥살,누룩,레몬,라임,잉글리쉬블랙퍼스트,정제수","쌀,찹쌀,",디오케이브루어리,,
88,88,느린마을막걸리,,3.0,1.0,3.0,2,,,탁주,6,750ml,2300,"쌀,국,효모,정제수","쌀,",배상면주가,무감미료,새우 소금구이
89,89,능이주,,1.0,3.0,1.0,2,,,약주/청주,13,375ml,12000,"국내산쌀,능이농충액,누룩,정제수","쌀,",내국양조,홈술,옅은 호박 색깔의 술로 신선한 무화가 향이 올라오는 것이 특징이다. 술 맛은 산뜻한 산미가 중심을 이루고 있어 술이 묵직하지 않고 가볍게 느껴진다. 목넘김은 깔끔하고 먹고 난 후에도 산뜻함이 남아있어 양념된 음식보다는 버섯을 살짝 구어 함께 마시는 것이 좋다.
90,90,니모메,,2.0,1.0,1.0,2,,,약주/청주,11,375ml,,"쌀,감귤진피,정제수","쌀,귤,",제주샘영농조합법인,파티,진한 황금 빛깔의 약주로 귤 껍질(진피)과 찐 고구마의 향이 가득 올라오는 것이 특징이다. 은은한 단맛이 전체적인 술 맛을 맛있게 만들고 산미가 적고 술이 가벼워 누구나 편하게 즐길 수 있는 술이다. 목 넘김이 가볍고 마시고 난 후의 느낌이 산뜻하다. 흰 살 생산 회와 잘 어울린다.
91,91,다래와인3004,,2.0,2.0,1.0,2,,,과실주,8,375ml,10000,참다래,"다래,",영농조합법인오름주가,저도수,진한 황색 빛깔의 술로 푹 익은 다래에서 나는 진한 과실향이 올라온다. 입에 넣으면 점도 있으면서 묵직하게 입 안 전체를 채우고 단맛과 신맛의 조화가 잘 갖춰져 있다. 목넘김이 매우 부드럽고 먹고 난 후에 잡맛이 없이 깔끔하다. 소고기 구이와 잘 어울린다.
92,92,다래와인7004D,,1.0,4.0,2.0,2,,,과실주,12,750ml,28000,참다래,"다래,",영농조합법인오름주가,,맑은 담황색을 가지고 있으며 처음 발효향이 강하게 올라오기 때문에 시음하기 전에 산소와의 접촉을 많이 하고 시음하는 것이 좋은 술이다. 단맛이 거의 없고 산미가 술 맛 전체를 이끌어간다. 목넘김은 깔끔하고 술이 전체적으로 가볍다. 스파게티와 같은 면 요리와 잘 어울린다.
93,93,다래와인7004S,,2.0,2.0,1.0,4,,,과실주,8,750ml,18000,참다래,"다래,",영농조합법인오름주가,저도수,맑은 황금색을 가지고 있으며 달콤하고 묵직한 향을 느낄 수 있다. 시음하기 전에 산소와의 접촉을 많이 하고 시음하는 것이 좋다. 단맛과 신맛이 잘 조화되어 있으며 산미로 인해 술맛이 매우 깔끔하게 느껴진다. 음식과 함께 편하게 먹을 수 있는 테이블 와인으로 적합하다.
94,94,다랭이팜생막걸리,,1.0,4.0,4.0,4,,,탁주,6,750ml,4000,"쌀,분도유기농현미,누룩,효모등","쌀,",다랭이팜,무감미료,"된장쌈밥, 멍게비빔밥"
95,95,다랭이팜생막걸리흑미,,1.0,5.0,2.0,2,,,탁주,6,750ml,4000,"남해산유기농현미,누룩,효모등",,다랭이팜,,
96,96,다랭이팜유자막걸리,,1.0,5.0,2.0,4,,,탁주,6,750ml,4000,"남해산유기농유자원액,누룩,효모등",,다랭이팜,,"아구포, 유자해물화덕피자"
97,97,담솔,,3.0,0.0,3.0,3,,,기타주류,40,500ml,22000,"정제수,국내산쌀,국내산송순농축액,누룩,조제종국,효모","쌀,",명가원영농조합법인,,"삼겹살 구이, 돼지양념 단호박찜  돼지양념단호박찜은 양념한 돼지고기를 익힌 후 속을 파낸 단호박에 넣고 찜솥에서 찌는 음식인데 삼겹살구이 등 고기 한 점을 먹고 담솔 한잔을 머금으면 솔향기와 담솔의 쌉싸름 한끝 맛에 의해 고기의 텁텁함이 사라진다."
98,98,담양죽력고,4.0,,,,3,3.0,,증류주,25,350ml,13000,"정제수,쌀,누룩,죽력,계피,석창포,생강,효모","쌀,생강,계피,",추성고을,고문헌,"죽력을 이용한 증류주로 식물을 찐 향과 계피향이 묵직하게 올라온다. 입 안에서는 둥글둥글하게 자극적이지 않고 목넘김 또한 부드럽다. 술을 마시고 난 후, 입 안에 느껴지는 죽력과 석창포의 느낌이 그대로 전해지는 듯 하다. 10~15도 사이에서 마시는 것이 좋다. 약재를 넣어 푹 익힌 오리백숙과 잘 어울린다."
99,99,담은,,3.0,1.0,1.0,4,,,탁주,6,750ml,15000,"쌀,입국,효모,고과당,정제효소제,정제수","쌀,",(주)1932포천일동막걸리,선물,매콤한 해물찜
100,100,당당하리,,4.0,2.0,2.0,2,,,과실주,15,375ml,,"쌀,홍마늘,감초,개량누룩,효모,정제효소제,정제수,복분자,설탕,올리고당,DL-사과산,구연산,무수아황산,이산화항,밀함유","쌀,복분자,사과,밀,감초,",농업회사법인(주)세찬제조사,베리류,"장어, 육고기"
101,101,대관령복분자주,,1.0,2.0,1.0,4,,,과실주,16,400ml,13000,국내산복분자,"복분자,",농업회사법인(주)홍지원,,진한 검붉은 색깔을 가지고 있으며 신선한 과실향이 올라온다. 신맛과 단맛의 조화가 잘 갖춰져 있으며 첫 맛은 진하고 시간이 지날수록 가벼워진다. 술을 마시고 난 후에는 알코올에 의해 자극적인 맛이 입 안에 남아 안주를 당기게 한다. 보쌈과 잘 어울린다.
102,102,대대포생막걸리,,2.0,1.0,3.0,2,,,탁주,6,750ml,3500,"백미,벌꿀,정제수","꿀,",농업회사법인(주)죽향도가,선물,"시원하고 아삭한 오이소박이, 오이 달걀 볶음, 소고기 오이 볶음"
103,103,대윤가야곡왕주,,2.0,2.0,1.0,3,,,약주/청주,13,300ml,4000,"쌀,누룩,효모,물엿,정제수","쌀,",농업회사법인대윤가야곡주조(주),홈술,맑은 담황색의 술이다. 푹 익은 곡물에서 나오는 조청향이 있다. 단맛과 신맛의 조화가 잘 갖춰져 있고 술맛이 튀지 않는다. 목넘김이 깔끔하고 알코올에 의한 맛이 식도를 자극시킨다. 술을 마시고 난 후에 술의 쓴맛이 기분 좋게 입 안을 자극시킨다. 쭈꾸미 볶음과 잘 어울린다.
104,104,대잎생동동주,,1.0,2.0,3.0,2,,,탁주,6,1700ml,2500,"쌀,좁쌀,정제효소,젖산,효모,아스파탐,영지,생각,정제수","쌀,",농업회사법인(주)죽향도가,,
105,105,대작생막걸리,,4.0,3.0,3.0,3,,,탁주,6,750ml,2000,"쌀,조제종국효모,정제효소,올리고당,스테비텐후레쉬,정제수","쌀,",대작영농조합법인,,
106,106,대통대잎술,,1.0,1.0,,2,4.0,,약주/청주,15,700ml,16000,"쌀,누룩,갈근,구기자,솔잎,진피등","쌀,구기자,솔잎,",추성고을,파티,기분을 좋게 하는 옅은 꽃향이 올라오고 맑은 단맛과 산미 등 오미의 균형이 잘 갖춰져 있다. 바디감과 목넘김이 가볍고 대나무 통으로 마시는 재미가 있다. 스테이크와 잘 어울린다.
107,107,도구막걸리,,2.0,2.0,3.0,3,,,탁주,6,750ml,,"밀,쌀,물엿,효모,조제종국,정제효소제,아스파탐,젖산","쌀,밀,",동해명주,,
108,108,도깨비술11,,4.0,4.0,3.0,5,,,탁주,11,750ml,12000,"멥쌀,누룩,효모,정제수","쌀,",농업회사법인(주)도깨비양조장,파티,"닭강정, 통돼지보쌈"
109,109,도깨비술7,,3.0,3.0,4.0,3,,,탁주,7,750ml,8000,"멥쌀,누룩,효모,정제수","쌀,",농업회사법인(주)도깨비양조장,파티,"부드러운 아이보리 컬러가 인상적인 막걸리다. 잘 익은 누룩향에 사과향, 배향이 뭉근히 올라온다. 첫 느낌은 단맛과 신맛이 좋은 조화를 이루고 있으며, 마무리는 미세한 새콤함으로 마무리된다. 식중주 막걸리로 손색이 없으며, 좀 더 단맛을 즐기고 싶다면 1주일 정도 냉장고에서 숙성해서 즐기면 단맛이 적어지는 만큼 또 다른 맛을 만날 수 있다. 단양에서 만들어지는 만큼 마늘 정식 등과 즐기면 좋으며, 쏘가리 매운탕, 메기 매운탕 등의 민물고기 요리와 곤드레 밥 등의 나물 요리에도 좋은 매칭을 보인다."
110,110,도깨비술9,,3.0,3.0,3.0,4,,,탁주,9,750ml,10000,"멥쌀,누룩,효모,정제수","쌀,",농업회사법인(주)도깨비양조장,파티,"부드러운 아이보리 컬러가 인상적인 막걸리다. 잘 익은 누룩향에 사과향, 배향이 뭉근히 올라온다. 첫 느낌은 단맛과 신맛이 좋은 조화를 이루고 있으며, 마무리는 미세한 새콤함으로 마무리된다. 식중주 막걸리로 손색이 없으며, 좀 더 단맛을 즐기고 싶다면 1주일 정도 냉장고에서 숙성해서 즐기면 단맛이 적어지는 만큼 또 다른 맛을 만날 수 있다. 단양에서 만들어지는 만큼 마늘 정식 등과 즐기면 좋으며, 쏘가리 매운탕, 메기 매운탕 등의 민물고기 요리와 곤드레 밥 등의 나물 요리도 좋은 매칭을 보인다."
111,111,도로시머루주,,4.0,4.0,3.0,3,,,과실주,12,500ml,25000,"국내산산머루원액,주정","머루,",산머루농원영농조합법인,선물,"머루 특유의 검붉은 색을 가지고 있다. 향에서 느껴지는 달콤한 향이 이 술이 가진 스위트함을 느끼게 해 준다. 첫 느낌은 단맛으로 시작되지만 마지막은 식욕을 불러오는 산미로 잘 마무리된다. 파주의 술인 만큼 임진강에서 잡히는 메기, 참게 요리에 삼계탕, 오리백숙 등의 보양식과도 잘 어울린다."
112,112,도문대작생막걸리,,1.0,3.0,3.0,2,,,탁주,10,750ml,3000,"강릉쌀,누룩,갯방풍나물,정제수","쌀,",방풍도가,,"튀지 않고 은은하게 올라오는 곡물 발효향이 좋고, 단맛이 적고 적절한 산미가 입 안의 느낌을 매우 깔끔하게 만들어 준다. 타 막걸리에 비해 도수가 높지만(10%) 자극적이지 않고 목 넘김이 부드럽다. 갈비찜과 잘 어울린다."
113,113,독산53,2.0,,,,3,5.0,,증류주,53,250ml,25000,"쌀,국,효모,정제수","쌀,",농업회사법인오산양조(주),소용량,곡물로 빚은 술을 증류한 전통 증류주로 진한 소주의 맛을 원한다면 독산53을 마셔봐야 한다. 향은 강하지 않지만 입 안에서의 느낌이 매우 강하다. 술을 마시고 난 후에 아주 긴 여운이 남는 술이다. 여성보다는 소주를 좋아하는 남성분들에게 추천하고 싶은 술이다. 차게해서 마시는 것이 좋다. 양념 돼지 갈비와 잘 어울린다.
114,114,동강더덕주,3.0,3.0,,,2,,,기타주류,20,360ml,3500,"더덕,대추구기자,감초,원지","구기자,감초,",영월더덕영농조합법인,,연한 담갈색의 빛깔로 더덕의 향이 은은하게 입안에 감돈다. 집에서 담든 더덕주와는 달리 더덕향과 알코올 도수가 과하지 않게 적절하게 매치되어 가볍게 마실 수 있다. 더덕양념구이와 함께 하면 더욱 좋다.
115,115,동몽,,2.0,3.0,1.0,3,,,약주/청주,17,500ml,30000,"홍천쌀,정제수,단호박,국","쌀,",예술,명절,두부전골
116,116,동정춘,,4.0,3.0,2.0,3,,,탁주,8,500ml,18000,"쌀,누국,정제수","쌀,",농업회사법인(주)산수,고문헌,"동정춘은 옛 문헌에서 명주로 불린 술로 술을 빚을 때 거의 물이 들어가지 않아 술을 빚기가 여간 어려운 술이다. 발효과정에서 얻어지는 술의 양이 매우 적어서 그 만큼 값비싼 술이다. 동정춘에 대한 기록은 동정춘에 대한 기록은 《조선무쌍신식요리제법, 1924》과 《임원십육지, 1827년경》에서 찾을 수 있다. 인공첨가물이 들어가지 않은 자연 발효에 의한 향과 맛이 아주 좋아 고급방향주로 취급되는 술이다."
117,117,동정춘막걸리산정호수,,5.0,1.0,4.0,4,,,탁주,6,720ml,20000,"국내산쌀,누룩,정제수","쌀,",(주)농업회사법인술빚는전가네,선물,포천의 맑은 물로 빚어지는 술로 마치 꿀을 먹는 것처럼 달콤합니다. 조선시대 고문헌에 등장하는 동정춘은 쌀과 물의 비율에서 쌀 양이 물에 비해 극단적으로 많기 때문에 단맛이 매우 강하게 납니다. 입 안에도 감도는 꿀같은 단맛이 매력적인 술입니다. 떡 등과 함께 마시면 좋습니다.
118,118,동학1957,,3.0,3.0,2.0,3,,,약주/청주,13,375ml/700ml,,"쌀,구연산,효모,젖산,정제효소제,국,주정,정제수","쌀,",고헌정영농조합법인,선물,"깨끗한 담황색인 청주다. 코끝에서 뭉근하게 느껴지는 쌀 향이 특징으로 느껴진다. 입안에 머금은 순간 담백함이 먼저 시작되며, 이내 쌀 특유의 부드러운 단맛과 가벼운 산미로 마무리된다. 어디 하나 모난 곳이 없어 밸런스가 좋은 술이라고 할 수 있다. 식중주로 좋은 역할을 하는 술이며, 다채로운 한식과 잘 어울리는 스타일이다. 세심한 매칭보다는 부담 없이 어울리는 스타일로 한정식 등과 함께 즐기면 이 술을 충분히 즐길 수 있다."
119,119,동해동동주,,2.0,1.0,3.0,2,,,탁주,6,750ml,,"쌀,물엿,효모,조제종국,정제효소제,아스파탐,젖산","쌀,",동해명주,무감미료,"돼지고기수육, 두부김치, 해물파전"
120,120,두레앙22,1.0,,,,4,2.0,,증류주,22,375ml,5000,거봉포도원액,"포도,",농업회사법인(주)두레양조,과일류,"향이 있는 명품 술로 삽겹살, 소고기, 생선 구이 등에 최적입니다."
121,121,두레앙브랜디,4.0,3.0,,,3,,,증류주,35,750ml,70000,거봉포도원액,"포도,",농업회사법인(주)두레양조,,
122,122,두레앙와인,,2.0,2.0,1.0,4,,,과실주,12,750ml,15000,거봉포도원액,"포도,",농업회사법인(주)두레양조,가성비,"육류, 치즈"
123,123,두레앙증류주,2.0,2.0,,,2,,,증류주,35,750ml,35000,거봉포도원액,"포도,",농업회사법인(주)두레양조,과일류,"다양한 채소와 함께하는 고기류와 함께 차게해서 드시면 포도 향과 증류주의 깔끔함을 즐길 수 있습니다. 
알코올 도수가 높아 거부감이 있다면 얼음을 넣어서 천천희 희석되도록하면 한결 부드럽습니다."
124,124,두리향,3.0,,,,4,3.0,,증류주,43,500ml,36000,"국내산찹쌀,누룩,정제수","쌀,찹쌀,",케이소주(전주가양주연구소),고문헌,"전형적인 증류식 소주의 투명색. 구수한 누룽지 향이 느껴지는 좋은 곡물의 향이다. 알코올 도수가 높아 거부감이 있을 수 있지만, 끝에서 느껴지는 기분 좋은 단맛이 있으며, 목 넘김 역시 매끈하며 부드러운 좋은 맛이다. 알코올 도수가 43%나 되는 만큼, 얼음이나 소다와 같이 즐겨도 좋을 듯하며, 육전 및 갈비찜 등 진한 요리와도 잘 어울리는 맛이다."
125,125,두유노,,2.0,3.0,3.0,3,,,탁주,6,600ml,6000,"찹쌀,멥살,누룩,밀가루","쌀,찹쌀,밀,",디오케이브루어리,,
126,126,라이스퐁당13,,3.0,2.0,1.0,3,,,약주/청주,13,500ml,15000,"찹쌀,누룩,정제수","쌀,찹쌀,",농업회사법인(주)벗드림,홈술,"생선회, 과일, 스테이크"
127,127,라이스퐁당17,,3.0,3.0,1.0,4,,,약주/청주,17,500ml,18000,"찹쌀,누룩,정제수","쌀,찹쌀,",농업회사법인(주)벗드림,,
128,128,레돔내추럴스파클링로제와인,,3.0,3.0,4.0,2,,,과실주,7.5,750ml,38000,포도,"포도,",농업회사법인작은알자스,파티,"상큼한 포도 향이 그대로 느껴지는 충주의 스파클링 와인. 코르크를 열면 &quot;펑&quot;하는 소리가 샴페인을 그대로 떠오르게 한다. 가볍고 경쾌한 느낌이 신선하다는 이미지를 그대로 느끼게 해 준다. 여운은 길지 않지만, 잔잔한 과실향이 입안을 맴돈다. 식전주로도 좋지만, 단맛이 과하지 않아 식중주로도 충분히 쓰일 수 있다."
129,129,레돔시드르,,3.0,3.0,4.0,2,,,과실주,6,750ml,32000,사과,"사과,",농업회사법인작은알자스,파티,"돼지고기,피자, 샌드위치"
130,130,려25,3.0,1.0,,,1,,,증류주,25,375ml/500ml,30000,"고구마,쌀","쌀,고구마,",(농)국순당여주명주(주),선물,포도를 증류한 브랜디에서 나는 향긋한 향기가 물씬 올라와 기분을 좋게 만들어 준다. 술을 입에 넣으면 마치 맑은 청주를 마시는 느낌이다. 도수가 높지만 매우 부드럽고 술을 마시고 난 후에 자극적이지 않아 누구나 편하게 마실 수 있는 술이다. 양념이 과하지 않은 음식과 잘 어울린다.
131,131,려고구마증류소주25,2.0,1.0,,,3,,,증류주,25,500ml,,고구마,"고구마,",(농)국순당여주명주(주),,
132,132,려고구마증류소주40,2.0,2.0,,,3,,,증류주,40,500ml,,고구마,"고구마,",(농)국순당여주명주(주),,
133,133,로얄안동소주18년,1.0,3.0,,,4,,,증류주,45,600ml,72000,"국내산쌀,입국","쌀,",농업회사법인유토피아(주),,"삼겹살찜  통삼겹살을 된장, 청주, 재래간장, 마늘을 섞은 양념장에 하루정도 재워 숙성시킨 후 찜통에 쪄낸 삼겹살찜은 육질이 부드럽고 돼지고기의 누린내도 제거되어 로얄 안동소주의 독특한 향미를 잘 즐길 수 있다."
134,134,르깔롱,4.0,,,,4,4.0,,기타주류,16,500ml,35000,"정제수,주정,고과당,죽력,메론후레바,레이지라임,코코넛향,윌튼스카이아이싱칼라",,추성고을,과일류,맑은 에메랄드 빛깔을 가진 술로 멜론 향기가 진하게 올라온다. 도수가 높지만 단맛이 강해 목넘김이 매우 깔끔하고 입 안에 느껴지는 달콤한 코코넛의 느낌이 술을 계속 마시게 만들어 준다. 아주 차게 마시는 것 보다는 온도가 올라가면서 느껴지는 다양한 향을 즐기면서 마시기 좋은 술이다. 특별한 안주보다는 열대과일과 아주 잘 어울린다.
135,135,마셔블랑,,3.0,3.0,3.0,2,,,증류주,12,750ml,20000,"감귤과즙,백설탕,액상효모,무수아황산","귤,",농업회사법인(주)시트러스,,
136,136,마주소곡주,,4.0,3.0,2.0,4,,,약주/청주,16,500ml,17000,"찹쌀,백미,모싯잎,우리밀누룩,정제수,효모","쌀,찹쌀,밀,",옥순가소곡주마주,선물,"다소 짙은 담황색을 가진 약주다. 향에서는 가벼운 새콤함이 올라오지만, 맛을 보는 순간 찹쌀이 주는 매끈함과 단맛이 그대로 올라오며 가벼운 신맛으로 마무리하며 식욕을 돋운다. 전체적으로 귀하게 빚었다는 느낌이 들며, 찹쌀의 단맛이 다소 강한 만큼 식전주나 식후주로 추천한다. 맛이 강한 음식과 함께 먹으면 이 술의 맛을 잘 못 느낄 수 있기 때문에 가급적 담백한 산채 요리 등이 잘 어울린다."
137,137,마주소곡화주,3.0,,,,4,3.0,,증류주,41,500ml,25000,"찹쌀,백미,모싯잎,우리밀누룩,정제수,홍고추","쌀,찹쌀,밀,",옥순가소곡주마주,선물,"증류주답게 무색투명한 색을 그대로 가지고 있다. 조용할 듯 한 이 술의 매력은 향부터 시작하는데, 잘 익은 누룽지향을 그대로 내뿜는다는 것. 그리고 이 향이 마시고 난 후에도 입속에 계속 남는다. 첫맛은 식혜와 같은 담백한 단맛으로 시작하며, 살짝 새콤함도 스쳐가지만, 이내 짙은 증류식 소주의 묵직한 향이 아래부터 올라온다. 증류식 소주 초심자에게는 다소 어려울 수 있으나 적응되면 더욱 매력적으로 다가오는 맛이다. 서천에서 만들어지는 술인 만큼 서천의 명물인 아귀찜 등이 잘 어울리며, 얼음이나 차가운 탄산수를 넣어 즐기는 것도 추천해 본다."
138,138,막시모40,4.0,,,,3,3.0,,증류주,40,500ml,49000,"오미자증류원액,오미자원액,정제수","오미자,",농업회사법인(주)착한농부,베리류,옅은 담황색의 증류주로 달콤한 사탕과 박하 향기가 코를 자극시킨다. 도수가 높지만 적절한 단맛이 증류주를 부드럽게 만들어주고 입 안에 꽉 차는 시원한 느낌이 매우 좋다. 술을 마시고 난 후에 느껴지는 맛있는 쓴맛은 음식과의 조화를 잘 만들어 준다. 양념 불고기와 잘 어울린다.
139,139,만강에비친달,,2.0,3.0,3.0,3,,,탁주,10,500ml,12000,"홍천쌀,정제수,단호박,곡자","쌀,",예술,선물,걸쭉한 찌개류
140,140,맑은내일Winery단감명작,,3.0,2.0,3.0,2,,,과실주,7,750ml,20000,"단감,정제수,설탕,효소제,무수구연산,효모,무수아황산,소브산",,농업회사법인우포의아침주식회사,과일류,"식전주로 추천드리며 샐러드와 해산물처럼 가벼운 음식과 추천드립니다. 
케이크, 마카롱과 같은 디저트 등과 함께 드시는 것도 함께 추천드립니다."
141,141,맑은내일발효막걸리,,3.0,3.0,3.0,4,,,탁주,7,"750ml/1,000ml",,"쌀,누룩,효소,아스파탐,정제수","쌀,",농업회사법인우포의아침(주),탄산,"족발,모듬전"
142,142,맑은내일우포,,3.0,2.0,2.0,2,,,약주/청주,12,325ml/500ml,,"쌀,옥수수전분,효모,누룩,양파,정제수","쌀,",농업회사법인우포의아침(주),홈술,"약주 특유의 담황색을 가지고 있지만 한약 향 등은 전혀 느껴지지 않는 맑은술이다. 옥수수에서 나오는 듯 한 고소함이 있으며, 입속에 머금는 순간 적절한 부드러움이 느껴진다. 단맛, 신맛 등의 조화가 잘 이뤄져 있어서 부담되지 않는 맛과 향을 가지고 있다. 집안에서 홈술로 즐기기 좋은 술이며, 김치찌개, 된장찌개 등 일상의 음식과 즐기기 좋다."
143,143,맑은문희주,,3.0,1.0,1.0,4,,,약주/청주,13,750ml,36000,"유기농찹쌀,멥쌀,전통누룩,정제수","쌀,찹쌀,",문경주조,파티,담황색의 술 빛에 수정과 향이 난다. 밀가루에서 나온듯한 맑은 산미와 벌꿀의 단맛이 술을 묵직하게 만들어 입 안을 자극시킨다. 여운이 오래간다. 봄에 나는 나물 무침과 잘 어울린다.
144,144,맑은술해밀,,3.0,2.0,2.0,2,,,약주/청주,15,500ml,25000,"쌀,누룩,정제수","쌀,",내변산양조장,,가벼운 멜론향으로 시작하는 색 다른 느낌이 있는 술이다. 미끈한 목 넘김에 진하지 않은 신맛과 잔잔한 여운으로 마무리되는 달콤한 맛이 특징이다. 약주 주종이 보통 단맛이 도는데 함께하는 음식은 생선요리 등과 같이 담백한 맛에 잘 어울린다.
145,145,매실막걸리,,3.0,2.0,1.0,5,,,탁주,7,750ml,3500,"쌀,매실과즙","쌀,",농업회사법인(주)백운주가,,아이보리 색의 막걸리로 과실 껍질에서 나는 향과 곡물의 고소한 향이 함께 올라온다. 청량한 맑은 단맛을 가지고 있으며 매실맛은 술을 마시고난 후에 살짝 올라온다. 매실을 이용했지만 산미는 적다. 더덕구이 등이 잘 어울린다.
146,146,매실원주15,2.0,3.0,,,3,,,기타주류,15,300ml,6000,"매실주원액,발효주정,정제수,꿀","꿀,",더한주류,,
147,147,매실향기담은술,,3.0,3.0,3.0,3,,,약주/청주,14,500ml,6000,"국내산쌀,효모,조효소재,물엿,아스파탐,정제수","쌀,",농업회사법인명세주가(주),,"여름 과실인 매실이 들어간 만큼 상큼한 청량감이 느껴진다. 약주계열이지만 곡주 및 약재의 느낌은 거의 느껴지지 않는다. 다만 후미에서 느껴지는 곡물의 향은 있다. 잘 익은 매실을 청주에 담은 그 느낌 그대로다. 소고기 전골 등, 육류와 잘 어울린다."
148,148,머루이야기,,3.0,1.0,1.0,4,,,과실주,12,375ml,6000,국내산산머루,"머루,",농업회사법인산들벗(주),소용량,"돼지 등갈비찜  갈비찜은 담백한 고기에 견과류, 야채까지 골고루 들어가는 보양식이다. 머루이야기한잔이 양념과 재료들이 잘 어우러진 갈비찜의 맛을 더욱 돋워주고, 머루이야기의 매혹적인 잔향이 여운을 남겨 좋다"
149,149,머르드서드라이,,2.0,4.0,3.0,4,,,과실주,13.5,750ml,35000,국내산산머루,"머루,",산머루농원영농조합법인,,
150,150,머르드서스위트,,4.0,3.0,3.0,4,,,과실주,12,750ml,30000,국내산산머루,"머루,",산머루농원영농조합법인,,
151,151,메로니아,,4.0,1.0,5.0,4,,,기타주류,4,750ml,2000,"쌀,국,효모,젖산,멜론향,물엿등","쌀,",배혜정도가,과일류,메론향이 첨가되어 기타주류로 분류되어 있으며 과일맛 막걸리에 맞게 매우 달콤하고 산미가 적으며 탄산에 의한 청량미가 강하다. 마치 메론으로 만든 스파클링 와인을 마시는 듯하다. 식사를 다 한 후에 디저트 술로 좋다.
152,152,메밀로,3.0,,,,4,3.0,,증류주,45,500ml,150000,"국내산쌀,메밀,누룩,정제수","쌀,밀,",농업회사법인두루(주),선물,국내산 메밀을 원료로 만든 이색적인 술이다. 알코올이 45%로 높고 입안에 술을 머금고 있으면 휘발하면 매우 다채로운 향과 맛을 전해 준다. 목넘김 이후에도 입안에 묵직하고 힘 있게 잔향이 오래도록 남는다. 숙성을 좀 더 한다면 메밀 향과의 조화가 기대되는 술이다. 시원한 복지리탕이 생각난다.
153,153,면천두견주,,3.0,1.0,1.0,3,,,약주/청주,18,360ml,,"국내산찹쌀,누룩,진달래꽃","쌀,찹쌀,꽃,",(주)면천두견주,선물,면천두견주는 짙은 담황색을 띄고 있으며 진달래향과 함께 손에 닿으면 끈적할 정도로 단 맛이 일품이다. 알코올 도수가 18도로 발효 약주 가운데서는 비교적 높은 편이지만 알코올 향을 느낄 수 없을 정도로 부드럽게 목을 넘어간다. 신맛과 누룩향이 거의 없어 약주 특유의 맛을 기피했던 젊은 층이 좋아할 맛이다. 진달래 화전이나 은행구이 등 담백한 음식과 곁들이면 좋다.
154,154,명가원복분자술,,3.0,1.0,,3,,,과실주,16,750ml,20000,"복분자,주정,정제수,구연산,호박산,정제식염,액상과당,효모,설탕","복분자,",명가원영농조합법인,,여름에 잘 익은 과실향이 올라오고 단맛이 있고 신맛은 적으며 뒤에 남는 쓴맛이 음식과 잘 어울리게 합니다. 불고기와 잘 어울립니다.
155,155,명술,2.0,2.0,,,3,,,기타주류,20,375ml,30000,"산양산삼,정제주,주정","삼,",대농바이오우리산삼,,
156,156,명인안동소주22,1.0,1.0,,,2,,,증류주,22,360ml,,"쌀,누룩,정제수","쌀,",명인안동소주,,간고등어 구이
157,157,명인안동소주양반탈,1.0,1.0,,,3,,,증류주,45,800ml,35000,"쌀,누룩,정제수","쌀,",명인안동소주,선물,알코올도수가 높지만 신선한 향이 올라온다. 술을 입에 넣으면 크림과 같은 부드러움이 입 안 전체를 채워주고 알코올이 혀를 자극시킨다. 목넘김이 좋고 술을 마시고 난 후에 여운이 짧다. 간고등어 구이와 잘 어울린다.
158,158,명인안동소주호리병,1.0,1.0,,,3,,,증류주,45,800ml,30000,"쌀,누룩,정제수","쌀,",명인안동소주,선물,"육회, 회, 갈비살"
159,159,명인홍삼주,,1.0,3.0,2.0,4,,,약주/청주,12.5,375ml,,"쌀,홍삼,누룩,정제수등","쌀,삼,",농업회사법인(주)금산인삼주,선물,진한 황금빛의 술에 연하게 인삼향이 올라온다. 술을 마시고 난 첫 맛은 달고 그 뒤로 인삼의 특유의 쓴맛이 거부감 없이 퍼진다. 술은 전체적으로 가볍고 쓴맛이 술 맛을 이끌어 간다. 술을 마시고 난 후에 고소함이 입안에 즐거움을 준다. 양념갈비와 잘 어울린다.
160,160,명작복분자,,3.0,1.0,1.0,5,,,과실주,13,375ml,,"복분자,효모,주정,정제수,과당,구연산","복분자,",(농)국순당고창명주(주),,장어구이  장어는 단백질과 지방이 풍부한 고칼로리식품으로 여름과 가을철의 원기회복에 좋다. 복분자주의 향긋한 맛과 달콤한 향은 장어구이와 궁합이 잘 맞으며 고창 특산품인 풍천장어구이와 함께 하면 더욱 좋다.
161,161,명품진도홍주,3.0,3.0,,,3,,,증류주,38,375ml,20000,"쌀,보리,누룩,지초,정제수","쌀,보리,",대대로영농조합법인,,
162,162,모월로,3.0,,,,2,2.0,,증류주,25,500ml,25000,"쌀,누룩,정제수","쌀,",협동조합주담,,
163,163,모월연,,1.0,3.0,1.0,2,,,약주/청주,13,500ml,18000,"쌀,누룩,정제수","쌀,",협동조합주담,선물,
164,164,모월인,4.0,,,,3,3.0,,증류주,41,500ml,40000,"쌀,누룩,정제수","쌀,",협동조합주담,파티,
165,165,모월청,,1.0,3.0,2.0,3,,,약주/청주,16,500ml,21000,"쌀,누룩,정제수","쌀,",협동조합주담,,
166,166,모을동주소주,3.0,,,,4,4.0,,증류주,43,350ml,15000,"쌀,조제종국효모,정제효소,정제수","쌀,",대작영농조합법인,,
167,167,모을동주약주,,4.0,3.0,3.0,4,,,약주/청주,13,375ml,13000,"쌀,조제종국효모,정제효소,정제수","쌀,",대작영농조합법인,,"기분 좋은 담황색을 띠고 있는 약주다. 마치 하늘에서 내리는 꽃비와 같은 경쾌한 색이다. 새콤한 맛에서 시작하지만 이내 뭉근한 터치감이 입속을 장식하고 마무리는 부드러운 단맛으로 마무리되는 느낌이 이 술이 가진 고급성을 그대로 나타낸다. 뭉근한 맛으로 안주 없이 술만 즐겨도 충분한 매력이 있으며, 음식과 같이 즐긴다면 비교적 자극이 적은 잡채 및 경단 등을 추천한다. 차갑게 마시는 것을 추천하며, 입속에 남는 찹쌀 특유의 단맛이 매력적이다."
168,168,무주구천동머루와인,,2.0,2.0,1.0,3,,,과실주,12,750ml,25000,국내산산머루,"머루,",덕유양조,,육류로 만든 음식
169,169,무주구천동산머루주,,2.0,2.0,1.0,3,,,과실주,16,750ml,15000,국내산산머루,"머루,",덕유양조,가성비,육류로 만든 음식
170,170,문경바람백자25,3.0,,,,3,4.0,,증류주,25,750ml/375ml,,사과,"사과,",농업회사법인(주)제이엘,과일류,"살짝 알코올도수는 낮으나 사과향을 즐기기에는 충분히 좋은 수준이다. 가벼운 안주류로 아몬드, 초콜릿, 올리브, 견과류, 육류로는 육포 등을 추천한다. 물론 과일 안주, 꿀물 등과 같이 마셔도 좋다. 가볍게 탄산 및 얼음을 넣은 온더록 형태도 식중주 형태로 즐겨도 충분히 매력적이다."
171,171,문경바람백자40,3.0,,,,4,4.0,,증류주,40,750ml/375ml,,사과,"사과,",농업회사법인(주)제이엘,과일류,"머금고 난 이후에 코로 올라오는 뭉근한 사과향, 그리고 상쾌함이 마실 수록 개성이 느껴지는 증류주이다. 가벼운 안주류로 아몬드, 초콜릿, 올리브, 견과류, 육류로는 육포 등을 추천한다. 물론 과일안주, 꿀물 등과 같이 마셔도 좋다. 가볍게 탄산 및 얼음을 넣은 온더록 형태도 나쁘지 않다."
172,172,문경바람오크,4.0,,,,4,4.0,,증류주,40,750ml/375ml,,사과,"사과,",농업회사법인(주)제이엘,과일류,"진한 오크향 속에서 피어 오르는 물결같은 사과향이 특징이다. 가벼운 안주류로 아몬드. 초콜릿, 올리브, 견과류, 육류로는 육포 등을 추천한다. 물론 과일 안주, 꿀물"
173,173,문경주조오미자생막걸리,,2.0,3.0,2.0,4,,,탁주,6.5,750ml,2500,"정제수,백미,입국,올리고당,물엿,허브,오미자,정제효소,아스파탐·아세셀펌칼륨","오미자,",문경주조,,"산뜻한 오미자 특유의 산미 향이 코를 자극시키며, 오미자의 특징인 오미의 조화가 잘 갖춰진 색이 아름다운 막걸리입니다. 소고기 구이와 잘 어울립니다."
174,174,문배술헤리티지23,2.0,1.0,,,1,,,증류주,23,375ml,,"메조,찰수수,쌀","쌀,",문배주양조원,,
175,175,문배술헤리티지25,2.0,1.0,,,1,,,증류주,25,375ml,,"메조,찰수수,쌀","쌀,",문배주양조원,선물,복지리
176,176,문배술헤리티지40,2.0,2.0,,,3,,,증류주,40,200ml,,"메조,찰수수,쌀","쌀,",문배주양조원,선물,활어회
177,177,문희문경오미자수제전통주,,3.0,1.0,3.0,3,,,탁주,12,"700ml,500ml",,"햇찹쌀,전통누룩,오미자","쌀,찹쌀,오미자,",문경주조(전통술체험관),,
178,178,문희햇찹쌀수제전통주,,3.0,1.0,2.0,3,,,탁주,13,500ml,15000,"유기농찹쌀,멥쌀,전통누룩,정제수","쌀,찹쌀,",문경주조,,
179,179,미르25,,2.0,0.0,1.0,3,,,증류주,25,375ml,18000,"쌀,누룩,정제수","쌀,",술샘,파티,"중화요리, 김치찌개, 삼겹살"
180,180,미르40,,1.0,0.0,0.0,2,,,증류주,40,375ml,23000,"쌀,누룩,정제수","쌀,",술샘,,
181,181,미생막걸리,,2.0,3.0,3.0,3,,,탁주,6,750ml,1100,"국내산쌀,누룩,효모,정제효소,정제수","쌀,",김포금쌀탁주영농조합법인,탄산,"일반 쌀 막걸리에 비해 단맛이 적은 드라이한 맛이다. 개운한 맛의 칼칼함이 특징. 덕분에 다양한 음식과 식중주로 잘 어울리는 막걸리이다. 단맛이 적어 달콤하고 매운 음식과 잘 어울릴 수 있다. 닭도리탕, 감자탕 등이 추천 메뉴다."
182,182,미소생막걸리,,3.0,3.0,3.0,2,,,탁주,7,750ml,1500,"쌀,누룩,정제수","쌀,",울진술도가,,대게 또는 홍게찜
183,183,미소아이스,,4.0,1.0,,3,2.0,,과실주,12,375ml,40000,"포도,산화방지제,효모등","포도,",도란원,,검붉은 색에 포도껍질향이 강하게 올라온다. 산미가 없고 단맛이 강하며 묵직한 바디감을 가지고 있다. 목넘김도 매우 부드럽다. 술이 곧 안주다.
184,184,미인약주,,4.0,1.0,1.0,2,,,약주/청주,15,500ml,25000,"찹쌀,누룩,정제수","쌀,찹쌀,",최행숙전통주가,선물,"맑은 황금색의 술로 잘 익은 과일향이 올라오는 것이 특징이며, 전체적으로 깔끔한 산미를 가지고 있다. 단맛이 적고 신맛이 많아 술은 매우 가볍고 목 넘김이 깔끔하다. 술을 마시고 난 후에도 잔여 맛이 남지 않아 산뜻한 느낌을 준다. 골뱅이나 홍어 무침 등 약간 산뜻한 맛이 있는 음식과 잘 어울린다."
185,185,미인탁주,,3.0,1.0,1.0,3,,,탁주,10,500ml,15000,"찹쌀,누룩,정제수","쌀,찹쌀,",최행숙전통주가,무감미료,"우리밀누룩을 사용해 연해 아이보리 색을 가지고 있으며, 완전 발효 후에 술을 걸러 탄산에 의한 청량감은 적으나 크림처럼 매우 부드러운 곡물 맛을 가지고 있는 것이 특징이다. 술을 입에 넣으면 처음 단맛이 느껴지지만 오래가지 않고 곡물의 부드러움이 입 전체를 감싸주면서 산뜻한 신맛이 음식을 당기게 만들어 준다. 돼지고기 등의 수육과 잘 어울린다."
186,186,민속주안동소주,1.0,1.0,,,4,,,증류주,45,400ml,28000,"쌀,누룩,정제수","쌀,",민속주안동소주,,알코올도수가 높고 부드러운 곡향이 올라온다. 술을 입에 넣으면 알코올이 입 안 전체를 채우고 혀를 오그라들게 할 정도로 자극을 준다. 술을 마시고 난 후에 쓴맛이 오랜 여운을 갖게 한다. 안동갈비와 잘 어울린다.
187,187,바랑탁,,4.0,2.0,1.0,4,,,탁주,15,375ml,18000,"찹쌀,맵쌀,누룩,소맥분,정제수","쌀,찹쌀,",농업회사법인(주)금계당,소용량,"진한 아이보리 빛깔의 술로 잘 익은 술에서 오는 캐러멜 맛이 입 전체를 감싼다. 단맛이 주를 이루지만 적절한 산미가 술의 느끼함을 없애주고, 찹쌀의 진한 여운이 오래 남는 술이다. 다른 막걸리에 비해 도수(15%)가 높아 음식먹을 때 약주잔에 한잔씩 하기 딱 좋은 술이다. 불고기가 생각나는 술이다."
188,188,밤꽃향기,,5.0,2.0,2.0,2,,,약주/청주,13.5,375ml,4000,"국내산쌀,밤,누룩,정제수","쌀,밤,",농업회사법인사곡양조원,,"잘 익은 밤에서 느껴지는 특유의 고소한 밤향이 특징이다. 초콜릿을 녹여 놓은듯한 질감이 밤향과 잘 어우러진 맛이다. 구운 밤하고도 잘 어울리며, 지역의 유명 음식인 공주국밥하고도 좋은 매칭이다."
189,189,방문주약주,,2.0,3.0,3.0,3,,,약주/청주,15,500ml,7000,"국내산찹쌀,누룩,정제수","쌀,찹쌀,",케이소주(전주가양주연구소),선물,"옅은 황금색을 가진 방문주로 진한 과실향 보다는 신선한 곡물의 향이 떠오르는 느낌이다. 단맛은 배제되어 있지만, 후미에서 느껴지는 독특한 맛이 있다. 단맛이 적은 만큼 달콤한 음식과 잘 어울릴 듯하다. 배즙으로 듬뿍 들어간 한우 불고기, 잘 구워낸 떡갈비 등도 잘 어울리는 음식이다."
190,190,방문주탁주,,2.0,3.0,3.0,4,,,탁주,15,500ml,6000,"국내산찹쌀,누룩,정제수","쌀,찹쌀,",케이소주(전주가양주연구소),선물,"잔잔한 아이보리 컬러를 가진 방문주 탁주는 과실향과 곡물향, 그리고 잘 익은 누룩향을 골고루 갖춘 밸런스 좋은 맛을 가지고 있다. 역시 특유의 단맛은 배제되어 있으며, 생주 특유의 산미를 가지고 있다. 식중주로도 좋은 역할을 할 듯하며, 잡채, 육전 등 기름진 요리와 잘 어울릴 듯하다."
191,191,배꽃담은연생막걸리,,3.0,3.0,4.0,2,,,탁주,10,720ml,20000,"국내산쌀,누룩,효모,젖산,연잎,정제수","쌀,",(주)농업회사법인술빚는전가네,,
192,192,배도가로아19레드,4.0,2.0,,,2,2.0,,증류주,19,350ml,10000,사과,"사과,",주식회사배혜정농업회사법인,,
193,193,배도가로아40옐로우,2.0,2.0,,,3,,,증류주,40,350ml,20000,"쌀,배","쌀,",배혜정도가,과일류,곡물과 과실향이 알코올과 함께 동시에 올라온다. 알코올 도수가 높지만 술을 입에 넣으면 부드럽게 퍼지고 입술과 혀를 자극시키지 않아 숙성이 잘 된 술이라는 것을 알 수 있다. 첫 맛은 은은하고 중간에 강하고 그 후에 부드럽게 마무리 된다. 갈치젓 등 젓갈류와 잘 어울린다.
194,194,백년향,,3.0,3.0,2.0,3,,,탁주,10,500ml,,"국내산쌀,누룩,정제수","쌀,",(주)농업회사법인추연당,무감미료,"조개찜, 전복구이"
195,195,백련맑은술,,2.0,2.0,1.0,4,,,약주/청주,12,375ml,7000,"백미,정제수,물엿,과당,누룩,백련잎,누룩등",,신평양조장,선물,수박향이 나며 첫맛은 맑고 경쾌하다. 단맛과 신맛의 균형이 잘 갖춰져 있으며 고소한 뒷맛을 가지고 있다. 어묵요리와 잘 어울린다.
196,196,백련생막걸리Misty,,2.0,3.0,4.0,4,,,탁주,7,750ml,3000,"백미,정제수,물엿,과당,누룩,백련잎,누룩등",,신평양조장,선물,"스테이크 프리미엄 막걸리인 하얀연꽃 백련 생 막걸리는 스테이크와도 거부감 없이 잘 어울리며 감자, 당근, 콩, 옥수수, 시금치 같은 채소요리를 곁들이고 소스 없이 같이 마시면 백련 생 막걸리의 담백한 맛이 은은하게 입안을 채운다."
197,197,백련생막걸리Snow,,2.0,2.0,2.0,4,,,탁주,6,750ml,1600,"백미,연잎,정제수,종국,효모,아스파탐,물엿등",,신평양조장,,
198,198,백운복분자와인,,2.0,2.0,1.0,5,,,기타주류,11,360ml,7000,"쌀,토종복분자과즙","쌀,복분자,",농업회사법인(주)백운주가,베리류,검붉은 색깔을 가지고 있으며 신선한 과실향이 올라온다. 단맛과 신맛의 조화가 잘 갖춰져 있으며 목넘김 또한 매우 가볍고 깔끔하다. 전체적으로 고소한 맛이 입안을 채운다. 탕수육 등 중국 음식과 잘 어울린다.
199,199,백운복분자주,,3.0,2.0,2.0,4,,,기타주류,13,360ml,7000,"쌀,토종복분자과즙","쌀,복분자,",농업회사법인(주)백운주가,베리류,"낙지볶음, 해물찜낙지는 쓰러진 소에게 먹이면 벌떡 일어난다는 옛말처럼 보양 음식으로 좋다. 기운을 돕고 피로를 풀어주는 복분자주에 해산물 요리를 안주로 하면 건강식으로도 그만이다. 해물찜은 각종 해산물과 야채를 양념한 음식으로 매콤한 양념 맛을 달콤한 복분자주가 중화시켜 주어 궁합이 잘 맞는다."
200,200,백이주,,2.0,2.0,1.0,3,,,과실주,35,800ml,30000,"쌀,홍마늘액,감초,개량누룩,효모,정제효소제,정제수,밀함유","쌀,밀,감초,",농업회사법인(주)세찬제조사,명절,"해산물, 육고기, 과일, 견과류 등"
201,201,백자주,,3.0,3.0,2.0,3,,,탁주,10,500ml,18000,"국내산찹쌀,멥쌀,잣,누룩,정제수","쌀,찹쌀,",농업회사법인(주)산수,,"진한 아이보리 색을 가지고 있으며 독특한 단맛의 향이 은은하게 올라온다. 새콤달콤한 맛이 입을 꽉 채우고 잣 달인 물을 이용해 입 안의 풍미가 좋다. 목 넘김이 깔끔하고 마시고 난 후에 남는 술의 여운이 길다. 골뱅이, 소라 등 무침류와 잘 어울린다."
202,202,뱅꼬레레드와인,,3.0,4.0,2.0,2,,,과실주,12,375ml,25000,양조용포도,"포도,",(주)한국와인,,"불고기, 수육, 어복쟁반"
203,203,뱅꼬레로제와인,,4.0,3.0,3.0,2,,,과실주,11.5,375ml,23000,양조용포도,"포도,",(주)한국와인,선물,신선한 샐러드와 잘 어울리며 쌈 요리 등 한국 고유의 음식과도 잘 어울립니다.
204,204,뱅꼬레아이스와인,,5.0,2.0,2.0,4,,,과실주,12,375ml,90000,양조용포도,"포도,",(주)한국와인,,와인 맛 본연의 맛을 느끼기 위해 가벼운 샐러드와의 매칭을 추천합니다.
205,205,뱅꼬레화이트와인,,4.0,3.0,3.0,2,,,과실주,11,375ml,23000,양조용포도,"포도,",(주)한국와인,저도수,"다양한 소스로 만든 음식, 유럽식 요리, 생선요리, 과일 샐러드 등과의 매칭을 추천합니다."
206,206,베베마루캠벨로제,,3.0,1.0,1.0,3,,,과실주,12,375ml,20000,포도,"포도,",월류원,,진한 붉은색을 가진 술이며 산소와의 접촉을 많이 해서 마시는 것이 좋다. 단맛이 입 전체를 채우고 뒤에 산미가 올라와 입 안을 깔끔하게 만들어준다. 목넘김은 매우 부드럽고 다 마신 후에도 잡맛이 없다. 맛있게 마실 수 있는 술이다. 케이크 등 디저트 음식과 함께하면 좋다.
207,207,베베마루캠벨로제스위트,,2.0,2.0,1.0,3,,,과실주,10,375ml,20000,포도,"포도,",월류원,저도수,진한 붉은빛을 가지고 있으며 같은 회사 ‘로제’보다 단맛이 적고 단맛과 신맛의 조화가 잘 갖춰져 있다. 적절한 산미가 입 안에 침이 고이게 하고 뒷맛이 매우 깔끔하다. 와인에 재워 놓았던 붉은 고기와 함께하면 맛있게 즐길 수 있다.
208,208,별바랑,,4.0,2.0,2.0,4,,,약주/청주,17.5,375ml,27000,"찹쌀,맵쌀,누룩,정제수","쌀,찹쌀,",농업회사법인(주)금계당,파티,"진한 아이보리 빛깔의 술로 잘 익은 술에서 오는 캐러멜 맛이 입 전체를 감싼다. 단맛이 주를 이루지만 적절한 산미가 술의 느끼함을 없애주고, 찹쌀의 진한 여운이 오래 남는 술이다. 다른 막걸리에 비해 도수(15%)가 높아 음식먹을 때 약주잔에 한잔씩 하기 딱 좋은 술이다. 불고기가 생각나는 술이다."
209,209,병영설성동동주,,2.0,2.0,3.0,2,,,탁주,6,1700ml,2500,"쌀,전분,효모,누룩,정제수","쌀,",병영양조장,무감미료,"묵은 김치 볶음, 담치국, 두부김치와 잘 어울립니다."
210,210,병영설성생막걸리,,3.0,2.0,2.0,2,,,탁주,6,750ml,3500,"쌀,효모,누룩,정제수","쌀,",병영양조장,무감미료,새우 간장 절임이나 남도 한정식과 잘 어울립니다.
211,211,병영설성사또,4.0,,,,3,3.0,,증류주,40,700ml,40000,"쌀,효모,누룩,정제수","쌀,",병영양조장,베리류,"삼겹살구이, 장어구이  장어에 많이 함유되어있는 비타민A는 신체저항력을 강화시키고 면역력을 높이는데 도움을 준다. 오디와 복분자향이 삼겹살과 장어의 이취를 제거해주며 양념이 없는 깔끔한 구이가 술 맛과 향을 제대로 느끼게 해준다."
212,212,병영소주,,3.0,0.0,3.0,4,,,증류주,40,700ml,59400,"정제수,보리증류식소주원액","보리,",병영주조장,,증류 과정에서 나온 고소한 향과 단향이 은은하게 올라옵니다. 단맛이 전체적인 술 맛을 이끌어 도수가 높지만 목넘김을 부드럽게 만듭니다. 명란젓과 잘 어울립니다.
213,213,복분자아락,3.0,2.0,,,3,,,증류주,40,500ml,40000,"복분자증류원액,정제수","복분자,",농업회사법인배상면주가고창LB,,
214,214,복분자음,,2.0,2.0,1.0,3,,,과실주,12,375ml,6000,"복분자,정제수","복분자,",농업회사법인배상면주가고창LB,홈술,"생선요리, 전"
215,215,복순도가손막걸리,,2.0,3.0,5.0,4,,,탁주,6.5,935ml,12000,복순도가,,김정식,파티,"파전, 치킨, 보쌈, 족발, 해산물 등 다채로운 페어링이 가능합니다."
216,216,볼빨간막걸리10,,1.0,5.0,4.0,4,,,탁주,10,500ml,7000,"찹쌀,누룩,정제수","쌀,찹쌀,",농업회사법인(주)벗드림,홈술,진한 살색을 갖고 있는 술로 볼빨간막걸리7도에 비해 물 희석량이 적고 도수가 높고 전체적인 맛 또한 진한 산미가 매력적입니다. 술을 마시고 난 후에 아주 고소한 곡물의 느낌이 혀에 남아 긴 여운을 줍니다. 야채와 함께 곁들인 양지수육무침과 잘 어울입니다.
217,217,볼빨간막걸리7,,1.0,4.0,3.0,2,,,탁주,7,500ml,5000,"찹쌀,누룩,정제수","쌀,찹쌀,",농업회사법인(주)벗드림,홈술,"치즈,나물,보쌈,피자"
218,218,봉하쌀생막걸리,,1.0,2.0,3.0,2,,,탁주,6,750ml,2000,"쌀,정제효소,젖산,효모,아스파탐,정제수","쌀,",농업회사법인(주)죽향도가,,봉하쌀 생막걸리는 봉하쌀로 빚은 연한 살색의 막걸리입니다. 단맛보다는 은은한 산미가 매력적인 술이라 한 번 마시면 계속 마시게 됩니다. 첫 맛은 곡물이 두번째는 산뜻함이 세번째는 텁텁함이 술의 흐름을 만들어 줍니다. 술을 마시고 난 후에 여운이 길고 깨끗합니다. 홍어무침과 잘 어울립니다.
219,219,부안참뽕막걸리,,2.0,1.0,3.0,3,,,탁주,6,950ml,2000,"쌀,오디,종국,정제수,누룩,효모,아스파탐","쌀,오디,",내변산(동진주조),,"매운 볶음요리, 부침개"
220,220,부안참뽕와인,,3.0,2.0,1.0,4,,,과실주,13,750ml,18000,"오디,정제수,주정","오디,",내변산(동진주조),선물,"스테이크, 생선회"
221,221,부자10,,4.0,1.0,1.0,2,,,탁주,10,375ml,5000,"쌀,정제수,고과당,효모등","쌀,",배혜정도가,무감미료,
222,222,불소곡주,3.0,2.0,,,4,,,기타주류,43,700ml,30000,"찹쌀,누룩,백미,정제수,야국,메주콩,생강,홍고추","쌀,찹쌀,생강,",한산소곡주,고문헌,"수육  삶은 돼지고기는 기름기가 빠져 담백하게 먹을 수 있고, 소곡주의 깊은 맛의 여운을 즐기기에 좋다"
223,223,붉은원숭이,,4.0,2.0,2.0,4,,,탁주,10.8,375ml,7000,"쌀,누룩,홍국,정제수","쌀,",술샘,이색전통주,바베큐
224,224,블루베리이야기,,3.0,1.0,1.0,3,,,과실주,12,375ml,6000,"국내산산머루,블루베리","머루,베리,",농업회사법인산들벗(주),,투명한 검붉은 빛을 가지고 있으며 신선한 베리향이 올라옵니다. 입에 넣으면 맛있는 단맛이 술 맛을 이끌어가며 산미는 매우 적습니다. 목넘김은 매우 부드럽고 술을 마시고 난 후에는 알코올의 진한 여운이 남습니다. 숯불구이와 잘 어울립니다.
225,225,산내울복분자주,,4.0,4.0,3.0,3,,,기타주류,16,750ml,20000,"복분자,설탕,주정,정제수,과당","복분자,",거창사과원예농협,베리류,여름에 얼음과 탄산수를 넣고 마시면 더할 나위 없이 시원한 술입니다.
226,226,산내울사과애주,,4.0,4.0,3.0,2,,,기타주류,16,750ml,14000,"사과,설탕,주정,정제수,과당","사과,",거창사과원예농협,과일류,여름에 얼음과 탄산수를 넣고 마시면 더할 나위 없이 시원한 술입니다.
227,227,산내울오미자주,,2.0,3.0,3.0,2,,,기타주류,16,750ml,20000,"오미자,설탕,주정,정제수,과당","오미자,",거창사과원예농협,선물,"색이 아름다운 산내울 오미자주는 생선 회, 편육 냉채 등과 잘 어울린다."
228,228,산막대덕주,,3.0,1.0,1.0,2,,,약주/청주,13,600ml,20000,"국내산쌀,우리밀누룩","쌀,밀,",농업회사법인신탄진주조(주),,"도토리묵 무침, 두부요리 도토리는 피로회복 및 숙취에 효과가 있고 소화기능을 촉진시키며 입맛을 돋우어준다. 약리효과, 해독작용, 노폐물분해, 피부미용에 좋은 지장수로 만든 대덕주에 새콤매콤한 도토리묵무침과 두부요리로 건강까지 생각해보자."
229,229,산막생유막걸리,,1.0,3.0,3.0,4,,,탁주,6,750ml,1200,"국내산쌀,소맥분,종국,효모","쌀,",농업회사법인신탄진주조(주),탄산,아이보리 색을 가지고 있으며 곡물향과 상큼한 향이 섞여 올라옵니다. 입에 넣으면 탄산이 입 전체를 자극시키고 그 뒤로 상큼한 맛이 느껴집니다. 단맛이 적고 신맛이 술 전체를 이끌어가지만 술 맛의 균형이 잘 갖춰져 있습니다. 술을 마시고 난 후에는 고소한 맛이 혀에 남아 술이 너무 가볍게 느끼지 않도록 합니다. 닭갈비 등 양념된 고기와 잘 어울립니다.
230,230,삼선,,1.0,4.0,2.0,2,,,탁주,10,500ml,15000,"국내산쌀,누룩,정제수","쌀,",농업회사법인두루(주),홈술,연한 아이보리 색을 가진 생막걸리로 멥쌀을 이용해 단맛과 걸쭉함 없이 아주 깔끔하게 마실 수 있는 술입니다. 고소한 곡물의 향이 좋고 입 안 가득 산뜻한 산미가 채워줍니다. 술이 가벼워 목 넘김이 깔끔하고 입 안에서 빨리 사라집니다. 녹두전과 잘 맞습니다
231,231,삼양춘생약주,,2.0,1.0,1.0,2,,,약주/청주,15,500ml,20000,"강화섬쌀,전통누룩,정제수","쌀,",송도향전통주조,선물,잘 익은 과실향이 올라오고 강하지 않은 단맛과 뒤에 천천히 올라오는 산미가 전체적인 술 맛의 조화를 이루고 있는 것이 특징이다. 뒤에 산미가 올라와 목 넘김과 술을 마시고 난 후의 느낌이 매우 깔끔하다. 양념 되지 않은 흰살 생선 찜과 잘 어울린다.
232,232,삼양춘생탁주,,2.0,1.0,1.0,4,,,탁주,12.5,500ml,12000,"강화섬쌀,전통누룩,정제수","쌀,",송도향전통주조,무감미료,밀 누룩을 이용해 맑은 아이보리 색을 가지고 있으며 막걸리이지만 발효 기간이 길어 탄산에 의한 청량감은 없지만 술 자체의 산미가 전체 술 맛의 조화를 잘 갖게 만들어 준다. 일반 막걸리에 비해 알코올 도수가 높아 술이 가볍지 않고 묵직하며 술을 마시고 난 후에는 옅은 쓴맛이 양념된 낙지나 주꾸미 볶음류와 매우 잘 어울린다.
233,233,삼양춘청주,,3.0,4.0,2.0,3,,,약주/청주,15,500ml,16800,"강화섬쌀,정제수,백국,황국,전통누룩,토종효모","쌀,",송도향전통주조,선물,상큼한 샐러드나 신선한 연어회
234,234,샤토미소랑,,4.0,3.0,2.0,2,,,과실주,12,375ml,20000,청포도,"포도,",도란원,홈술,금빛의 영롱한 빛깔에 기분 좋은 청포도 향이 확 코끝에 와 닿는 느낌이다. 하지만 막상 맛을 보면 샤프한 청포도 향은 사라지고 부드러운 촉감이 목 넘김으로 이어진다. 시트러스한 식감이 워낙 좋아 조개찜 등 다양한 해산물과 잘 어울리는 스타일이다.
235,235,샤토미소레드프리미엄드라이,,2.0,3.0,2.0,3,,,과실주,13,750ml,40000,포도,"포도,",도란원,,스테이크 등 육류요리와 잘 어울립니다.
236,236,샤토미소스위트,,3.0,1.0,,3,4.0,,과실주,12,750ml,20000,"포도,산화방지제,효모,설탕등","포도,",도란원,,케이크
237,237,샤토미소스위트로제,,3.0,1.0,,2,4.0,,과실주,12,375ml,20000,"포도,산화방지제,효모,설탕등","포도,",도란원,파티,"홍합찜  홍합의 수염은 자르고 물로 여러 번 헹궈 끓는 물에 넣어 삶아내는데, 이때 마른홍고추와 통후추를 넣고 삶아 약간 매콤한 맛이 나도록하면 로제와인에 곁들이는 안주로 더욱 좋다. 환상적인 로제와인의 향에 바다향이 가득한 홍합찜이 상큼하게 어우러진다."
238,238,샤토미소영동,3.0,,,,4,2.0,,증류주,40,200ml,30000,포도,"포도,",도란원,과일류,"가볍게 오크통에서 숙성한 듯 황금색을 띠고 있습니다. 알코올 도수 40도의 높은 도수지만, 원액에서 묻어나오는 포도향과 가벼운 화이트 초콜릿 향이 느껴집니다. 알코올 도수 40도를 생각하면 무척 부드러운 맛을 자랑하며, 마지막 후미에서 살짝 산미가 느껴지는 부분이 매력적입니다. 기름진 메로구이 등이 생각나는 맛입니다."
239,239,샹스프랑보아즈,,4.0,3.0,3.0,2,,,과실주,13,500ml,,"복분자,구연산,과당,구연산,아스파탐,주정,정제수","복분자,",(주)선운산복분자주흥진,파티,가벼운 느낌의 복분자 와인. 진한 복분자주보다는 산뜻한 로제와인과 같은 느낌이 듭니다. 적보라의 빛을 지니고 있고 상큼한 과일향이 납니다. 담백한 모짜렐라치즈 등과 잘 어울립니다.
240,240,서울의밤,4.0,,,,2,1.0,,기타주류,25,375ml,7500,"매실증류주원액,벌꿀,,노간주나무열매,정제수","꿀,",더한주류,홈술,"홍어삼합, 해산물찜 등 생선요리"
241,241,서주16,,3.0,2.0,3.0,3,,,약주/청주,16,400ml,,"백미,감자,누룩,효모,정제수","감자,",오대서주양조,선물,살짝 갈아놓은 감자에서 느낄 수 있는 식감이 있습니다. 맑은 연두 빛의 개성 있는 색깔에 담백한 단맛이 느껴집니다. 너무 맵고 짠 음식은 자칫 감자술의 은은한 맛이 가려질 수 있기 때문에 자극적이지 않은 안주를 추천합니다. 기름진 감자전하고 즐기면 딱 좋습니다.
242,242,석로주,,1.0,1.0,1.0,4,,,약주/청주,13,720ml,34000,"국내산쌀,석이버섯,누룩,효모,정제수","쌀,버섯,",석이원주조,선물,"은은한 국화향과 곡물향이 잘 섞여 올라오는 것이 특징이며, 단맛과 신맛이 적어 술이 매우 담백해 어떤 음식과도 잘 어울릴 만한 맛을 가지고 있다. 드라이한 맛이 입 안을 꽉 채우고 마시고 난 후에는 은은한 쓴맛이 혀를 자극시킨다. 버섯 전골 등 전골류와 잘 어울린다."
243,243,석탄주약주,,1.0,3.0,2.0,3,,,약주/청주,15,500ml,7000,"국내산찹쌀,누룩,정제수","쌀,찹쌀,",케이소주(전주가양주연구소),명절,"옅은 황금색의 색을 가진 석탄주입니다. 살짝 코끝을 스치는 시트러스 계열의 과실향이 다가오지만 이내 이 술이 추구하는 바가 무엇인지 알게 됩니다. 그것은 단맛이 전혀 없는 드라이함의 극치. 식중주가 잘 어울리는 약주로, 술의 향을 즐기기 위해 자극성 없는 음식과 함께 즐기는 것이 중요합니다. 고기류라면 기름기가 적은 수육, 생선이라면 맛을 최대한 이끌어 내기 위해 참치 뱃살 등이 잘 어울립니다."
244,244,석탄주탁주,,2.0,3.0,3.0,4,,,탁주,15,500ml,6000,"국내산찹쌀,누룩,정제수","쌀,찹쌀,",케이소주(전주가양주연구소),고문헌,"옅은 아이보리 컬러의 이 탁주는 부드러운 과실향을 간직하고 있습니다. 전체적으로 매끄러운 맛이 리딩을 하며 마지막에 상큼한 신맛이 다시 한번 입맛을 다시게 해 줍니다. 과실향이 좋아 식중주보다는 식전주로 어울리며, 술의 향을 방해하지 않는 가벼운 샐러드 등이 잘 어울립니다."
245,245,선운산복분자와인,,4.0,4.0,3.0,2,,,과실주,13,300ml,6000,"복분자,구연산,과당,구연산,아스파탐,주정,정제수","복분자,",(주)선운산복분자주흥진,소용량,식감돋는 신맛이 도드라지는 맛. 맑은 복분자의 색에 복분자 특유의 달콤한 향이 올라옵니다. 조금 맛이 진한 불고기 등의 고기류와 복분자에 가장 잘 어울리는 장어구이와 함께 마시면 좋은 궁합을 보입니다.
246,246,선운산복분자주,,4.0,4.0,3.0,2,,,과실주,16,375ml,,"복분자,과당,구연산,아스파탐,무수아황산","복분자,",(주)선운산복분자주흥진,홈술,"진하지 않은 맑은 느낌의 색이 자연스럽게 느껴지며, 신맛이 주는 새콤함이 청량감을 더합니다. 다재다능한 식중주라는 판단. 달콤함과 새콤함의 조합이 좋은 복분자주. 보양식을 생각한다면 장어구이가 잘 어울릴 것이며, 달콤한 맛이 있는 만큼 디저트주로도 좋습니다. 의외로 치즈와도 좋은 궁합. 다재다능한 식중주입니다."
247,247,선운산복분자주프리미엄,,4.0,3.0,3.0,2,,,과실주,19,700ml,40000,"복분자,과당,구연산,아스파탐,무수아황산","복분자,",(주)선운산복분자주흥진,진한맛,18개월에 걸친 장기발효숙성으로 일반 복분자주에 비해 부드러움이 느껴집니다. 자극이 적은 새콤한 맛에 매끈한 단맛이 숙성이 주는 매력을 느낄 수 있습니다. 담백한 한우 수육을 곁들인다면 더욱 그 차이를 알 수 있을 것입니다.
248,248,선운산의아침복분자막걸리,,2.0,2.0,1.0,4,,,탁주,6,750ml,,"복분자,쌀,효모,국,과당,구연산,젖산,정제수","쌀,복분자,",(농)국순당고창명주(주),,은은하게 올라오는 익은 베리향이 일품이며 단맛과 신맛의 조화가 잘 어울어져 있습니다. 적절한 산미가 입 전체를 깔끔하게 만들어주고 술을 마시고 난 후에 혀에 남는 잔맛이 없어 전체적으로 가겹게 느껴집니다. 양념을 강하게 하지 않은 생선찜과 잘 어울립니다.
249,249,선호생막걸리,,2.0,3.0,3.0,3,,,탁주,6,750ml,1700,"국내산쌀,누룩,효모,정제효소,천연감미료,정제수","쌀,",김포금쌀탁주영농조합법인,,"쌀 특유의 풍미가 살아있는 막걸리. 개운한 맛으로 다양한 음식과 잘 어울리는 스타일. 칼칼한 맛이 살아있어 다양한 음식과 식중주로 잘 어울리는 막걸리이다. 단맛이 적어 달콤하고 매운 음식과 잘 어울릴 수 있다. 닭도리탕, 감자탕 등도 추천 메뉴다."
250,250,설궁,2.0,2.0,,,2,,,기타주류,30,700ml,0,"자연산송이버섯,산양산삼,토종벌꿀","꿀,삼,버섯,",솔래원,겨울,은은하게 버섯향과 삼향이 올라오고 술을 입에 넣으면 알코올도수에 비해 도수가 낮아 보일 정도로 부드럽습니다. 인위적인 맛과 향은 있으나 거부감이 없고 누구나 편하게 즐길 수 있는 술입니다. 조개구이와 잘 어울립니다.
251,251,설레온,1.0,2.0,,,3,,,증류주,40,375ml,20000,"쌀,누룩,효모,정제수","쌀,",농업회사법인대윤가야곡주조(주),,
252,252,설련주,,2.0,4.0,2.0,3,,,약주/청주,16,750ml,35000,"백련,찹쌀,멥쌀,누룩","쌀,찹쌀,",영농조합법인석전상온전통주가,선물,"기분 좋은 담황색으로 시작하는 약주입니다. 부드러운 산미가 입속을 감싸주며, 이내 쌀 향이 주는 매끈한 단맛으로 후미를 장식합니다. 가벼운 누룩향이 있는데, 숙성된 장을 느끼는 듯한 진한 맛이 살아있습니다. 한복을 입고 마시면 가장 잘 어울릴 듯한 격식을 갖췄으며, 명절 때 차례주, 또는 제사주로 사용하는 것을 추천합니다. 잘 어울리는 안주는 다소 진한 맛이 있는 만큼 진한 안주가 잘 어울리며, 주로 간장 맛이 좋은 불고기, 간장 게장, 궁중 떡볶이 등을 추천합니다. 연잎이 들어간 만큼 연잎밥과도 좋은 매칭입니다."
253,253,설성만월막걸리,,2.0,3.0,2.0,3,,,탁주,8,750ml,4000,"정제수,유기농쌀국내산,누룩,유기농올리고당등","쌀,",병영주조장,,"고소한 곡물 볶는 향이 있고 단맛과 신맛의 균형이 잘 갖춰져 있으며, 술이 가볍지 않고 묵직한 목넘김이 특징입니다. 약간의 떫은맛도 가지고 있습니다. 새우 간장 절임과 잘 어울립니다"
254,254,설하담,,3.0,1.0,4.0,2,,,탁주,8,950ml/475ml,,"국내산멥쌀,개량누룩,정제수,이산화탄소","쌀,",리큐랩주식회사,홈술,"설하담은 누구나 맛있게 즐길 수 있는 술입니다. 플라스틱 용기를 사용하지만 기존 막걸리 용기와는 다른 젊은 사람들이 매우 좋아할 만한 디자인을 적용하였습니다. 감미료가 들어가 있지만 인위적이지 않으며, 술을 마시고 난 후에 잔여 향기가 입 안에 오래 남는데 그 느낌이 매우 매력적입니다. 양념된 돼지고기와 잘 어울립니다."
255,255,성포생막걸리,,3.0,3.0,3.0,3,,,탁주,6,750ml,1100,"쌀,소맥분,전분당,정제수,무농약미나리추출액,정제효소,종국,효모,아스파탐","쌀,",성포양조장,,진한 아이보리색깔에 오일장 뻥튀기집에서 나오는 고소한 향이 매력적인 술입니다. 막걸리는 기본적으로 식이섬유가 많은데 여기에 미나리추출액이 들어가 다이어트 막걸리로 손색이 없습니다. 전체적으로 단맛과 신맛의 조화가 잘 갖춰져 있으며 마시고 난 후에 술의 산미가 입 전체를 산뜻하게 만들어 줍니다. 미나리전이나 무침과도 잘 어울립니다.
256,256,세우리,5.0,,,,4,3.0,,증류주,45,700ml,250000,"산양삼,하수오,구기자,쌀","쌀,구기자,삼,",제주샘영농조합법인,,"유리병 안에 들어있는 산양산삼이 인상적이고 진한 호박색의 술로 인삼과 함께 여러 가지 약재의 향이 가득한 것이 특징이다. 도수가 높아 집에 두고 한 잔씩 약으로 마시기 좋은 술이며, 입 안의 풍미가 약재의 향으로 가득하고 목 넘김이 뜨겁다. 삼계탕 등 몸 보양을 위해 먹는 음식과 다 잘 어울린다."
257,257,세종대왕어주약주,,3.0,1.0,1.0,3,,,약주/청주,15,500ml,25900,"쌀,누룩,정제수","쌀,",농업회사법인장희도가(주),선물,은은한 단맛은 한식과 궁합이 좋으며 두루 잘 어울립니다.
258,258,세종대왕어주탁주,,3.0,3.0,1.0,2,,,탁주,13,500ml,16900,"쌀,누룩,정제수","쌀,",농업회사법인장희도가(주),고문헌,진한 아이보리 빛깔을 갖고 있으며 잘 익은 견과류와 신선한 과일맛이 동시에 느껴집니다. 옅은 단맛에 신선한 산미가 입 전체를 시원하게 만들어 줍니다. 술을 마시고 난 후에 혀에 남는 미세한 곡물의 느낌이 음식을 당기게 합니다. 일반 막걸리에 비해 도수(13%)가 높기 때문에 작은 잔에 식사와 함께 먹기 좋은 술입니다. 매운 갈비찜과 잘 어울립니다.
259,259,세종쌀막걸리,,3.0,1.0,3.0,3,,,탁주,6,750ml,1500,"정제수,백미,소맥분,전분당,효모,젖산등",,조은술세종,,"해물 찜 해물 찜은 각종해물과 콩나물을 매콤한 양념에 버무려 푸짐하게 만들면 여럿이 둘러앉아 먹기 좋은 막걸리 안주가 된다. 콩나물은 아스파라긴이 함유되어 숙취해소와 피로회복에 좋은데, 살짝 익혀 아삭한 맛이 막걸리의 맛을 돋운다."
260,260,세종알밤주,,4.0,1.0,3.0,4,,,기타주류,6,750ml,1500,"정제수,백미,소맥분,알밤,전분당,효모,젖산등","밤,",조은술세종,,"진하게 올라오는 곡물 볶은 향과 밤 향, 단맛이 강하고 산미가 적으며 입 안을 묵직하게 채우지만 목넘김은 깔끔하다. 야채 샐러드와 잘 어울린다."
261,261,세종오가닉,,1.0,3.0,,1,3.0,,약주/청주,13,375ml,9000,"정제수,유기농백미,국,효모,정제효소,구연산",,조은술세종,선물,누룽지 향이 강하게 올라오고 단맛은 적고 산미가 있어 목넘김이 깔끔하고 입 안 전체에 퍼지는 느낌이 좋습니다. 생선찜과 잘 어울립니다.
262,262,세종청주생막걸리,,2.0,1.0,3.0,3,,,탁주,6,750ml,1500,"쌀,소맥분,국,조제종국,효모,물엿등","쌀,",조은술세종,,김치전은 잘 익은 김치의 맛이 배어나와 막걸리와 잘 어울리는 음식이다. 생막걸리 특유의 향이 김치의 텁텁한 맛을 감해주어 더욱 좋다.
263,263,소나무와학,3.0,4.0,,,4,,,증류주,43,750ml,39000,"쌀,솔잎,황기,당귀,효모,아스파탐","쌀,솔잎,",용두산조은술,,"깐풍기  깐풍기는 고추와 마늘로 향을 내서 볶아내는 닭요리로 기름에 튀겨 느끼할 수 있는데, 소나무와 학의 깔끔함이 기름진 맛을 잡아주고 은은한 약초향이 마늘소스 향과 잘 어우러져 증류주의 맛을 돋보이게 한다."
264,264,소백산검은콩막걸리,,3.0,1.0,1.0,3,,,탁주,6,"1,500ml,1,200ml,750ml",,"백미,소맥분,검은콩,검은깨등",,대강양조장,,
265,265,소백산생막걸리,,2.0,3.0,2.0,4,,,탁주,6,"1,700ml,750ml",1980,"쌀,정제수,소맥분,입국,효모등","쌀,",대강양조장,파티,"곡물의 발효향이 강하고 단맛과 신맛의 균형이 잘 갖춰져 있으며, 원료인 밀가루에서 나오는 입 안의 텁텁함이 있지만 목넘김이 깔끔해 버섯전골과 잘 어울린다."
266,266,소백산생만찬주,,2.0,2.0,2.0,2,,,탁주,6,750ml,1200,"정제수,쌀,소맥분,입국,효모,아스파탐등","쌀,",대강양조장,,
267,267,소백산오곡진상주,,1.0,4.0,3.0,3,,,탁주,7,750ml,,"쌀,밀,보리,옥수수,조등","쌀,보리,밀,",대강양조장,,
268,268,소백산청동동주,,2.0,1.0,2.0,2,,,약주/청주,10,"1,700ml",3000,"쌀,소맥분,누룩,주정,고과당,대추등","쌀,",대강양조장,,
269,269,소양강생막걸리,,1.0,3.0,2.0,3,,,탁주,6,"750ml/1,700ml",1200/1800,"백미,소맥분,정제수,팽화미,아스파탐,물엿,정제수",,소양강도가(구.천정양조장),,밀가루와 팽화미를 이용해 고소한 맛과 텁텁함이 있습니다. 단맛이 적고 산미가 도드라지며 목넘김이 깔끔합니다. 마시고 난 뒤 쓴맛의 여운이 깁니다. 황태구이와 잘 어울립니다.
270,270,솔송주,,2.0,1.0,,3,3.0,,약주/청주,13,375ml,7000,"정제수,백미,국내산송순농축액,누룩,조제종국,효모",,명가원영농조합법인,선물,돼지갈비구이 솔송주의 부드러운 맛과 함께 느낄 수 있는 솔향이 은은하게 풍기며 돼지갈비구이의 누린내를 없애주고 입안을 시원하게 해준다.
271,271,송명섭막걸리,,1.0,3.0,3.0,3,,,탁주,6,900ml,3000,"국내산쌀,곡자,정제수","쌀,",태인합동주조,선물,송명섭 막걸리는 빚는 이를 닮아 소박한 맛이 난다. 어떠한 첨가물로 넣지 않았기 때문에 대중적인 막걸리와는 달리 단맛과 신맛이 거의 느껴지지 않는다. 입맛을 사로잡는 달달함은 없지만 마시고 나서 입안을 개운하게 한다. 그렇기 때문에 계속해서 마셔도 질리지 않는 막걸리이다. 맵고 짠 한식이나 기름진 고기류와의 음식 궁합이 좋다.
272,272,송이주,,1.0,4.0,1.0,2,,,약주/청주,13,375ml,12000,"국내산쌀,송이농충액,누룩,정제수","쌀,",내국양조,홈술,술 이름과는 다르게 신선한 레몬 등의 시트러스 향이 매우 강하게 올라오고 여기에 연하게 버섯향이 섞여있는 것이 특징이다. 전체적으로 산미가 중심을 잡고 미세하게 후추 맛이 섞여 있어 매우 독특하다. 술을 마시고 난 후에도 술이 무겁지 않고 가벼워 편하게 마실 수 있는 술이다. 소 등심 구이랑 잘 어울린다.
273,273,송화백일주,,,,3.0,3,3.0,,기타주류,38,500ml,45000,"쌀,찹쌀,누룩,산수유,오미자,구기자,솔잎,송화가루,꿀","쌀,찹쌀,오미자,구기자,꿀,솔잎,산수유,",송화양조사,,취나물  취나물은 알칼리성식품으로 나트륨을 배출하는 작용을 하여 몸속에 나트륨을 조절해주는 역할도 한다. 입안에 은은하게 퍼지는 송화백일주 한잔에 나물안주의 소박함이 정겹다.
274,274,순향주,,2.0,2.0,2.0,2,,,약주/청주,15,375ml,,"국내산쌀,누룩,정제수","쌀,",(주)농업회사법인추연당,파티,"돼지고기수육, 해산물요리"
275,275,술공방9,,3.0,2.0,1.0,3,,,탁주,9,500ml,,"쌀,밀누룩,국,효모,효소,올리고당","쌀,밀,",두이술공방,,
276,276,술그리다생탁주,,2.0,1.0,1.0,1,,,탁주,10,500ml,9000,"국내산쌀,누룩","쌀,",농업회사법인(주)좋은술,,곡물 발효향이 미세하게 올라오고 일반 막걸리에 비해 알코올 도수가 높지만 술 맛은 매우 가볍게 느껴진다. 전체적으로 산뜻한 산미가 입 안을 채우고 목 넘김이 매우 부드럽고 술을 마시고 난 후에도 깔끔한 것이 특징이다. 음식은 양념된 맛이 강한 음식보다는 양념이 되지 않은 백숙 등과 잘 어울린다.
277,277,술샘이화주,,4.0,1.0,0.0,1,,,탁주,8,100ml,6500,"쌀,누룩,정제수","쌀,",술샘,고문헌,"매우 달콤하고 쌀의 부드러운 곡물맛이 좋으며, 떠먹는 술이기에 탄산에 의한 청량미는 적지만 부드러운 크림을 먹는 듯합니다. 특별한 안주가 필요 없이 먹을 수 있지만 디저트 술로 매우 적당합니다."
278,278,술아국화주,,4.0,3.0,2.0,4,,,약주/청주,15,375ml,,"국내산찹쌀,누룩,건조국화꽃,증류주,정제수","쌀,찹쌀,꽃,",농업회사법인(주)술아원,홈술,"국화 특유의 진한 향과 어우러진 약주. 단맛이 주를 이루지만, 거부감이 없는 자연스러움이 묻어난다. 진한 단맛과 긴 후미로 자극성 적고, 가벼운 샐러드류를 추천한다."
279,279,술아막걸리,,3.0,4.0,3.0,4,,,탁주,8,450ml,,"국내산찹쌀,누룩,정제수","쌀,찹쌀,",농업회사법인(주)술아원,,
280,280,술아매화주,,5.0,3.0,2.0,4,,,약주/청주,15,375ml,,"국내산찹쌀,누룩,건조매화꽃,증류주,정제수","쌀,찹쌀,꽃,",농업회사법인(주)술아원,홈술,"봄의 향기가 느껴지는 꽃향에서 시작, 상큼한 맛이 스쳐가지만 이내 쌀이 주는 달콤함으로 마무리가 되는 술이다. 진한 단맛과 긴 후미로 자극성 적고, 가벼운 샐러드류를 추천한다"
281,281,술아순곡주,,5.0,3.0,2.0,5,,,약주/청주,20,375ml,,"국내산찹쌀,누룩,증류주,정제수","쌀,찹쌀,",농업회사법인(주)술아원,홈술,"진한 쌀 맛과 묵직한 술 맛이 그대로 살아있는 약주. 달콤함과 진함의 극치를 이룬다. 알코올 도수가 20로도 높은 만큼 맑은 장국 등 하고도 잘 어울린다. 비교적 가벼운 느낌의 맑은 소고기국, 미역국, 계란국 등도 좋은 매칭이다."
282,282,술아연화주,,5.0,3.0,2.0,4,,,약주/청주,15,375ml,,"국내산찹쌀,누룩,건조연화꽃,증류주,정제수","쌀,찹쌀,꽃,",농업회사법인(주)술아원,홈술,
283,283,술예쁘다생탁주,,1.0,3.0,1.0,2,,,탁주,13,500ml,18000,"국내산쌀,누룩","쌀,",농업회사법인(주)좋은술,무감미료,전류
284,284,술취한원숭이,,4.0,2.0,2.0,2,,,탁주,10.8,375ml,7000,"쌀,누룩,홍국,정제수","쌀,",술샘,이색전통주,"과일, 치즈"
285,285,술헤는밤,,2.0,4.0,2.0,3,,,탁주,8,750ml,5900,"국내산쌀,누룩,정제수","쌀,",농업회사법인두루(주),,"녹두전, 파전, 매콤한 회무침, 샐러드와 어울린다."
286,286,스타베리오디와인,,3.0,4.0,3.0,3,,,과실주,12,500ml,28000,양조용포도,"포도,",(주)한국와인,,스타베리 오디와인은 35년간 한국와인을 연구하고 생산해온 한국와인의 선구자 하형태 대표의 또 하나의 역작이다. 보현산 천문대가 위치한 영천시의 상징이 별(star)이기에 &amp;quot;스타베리 오디와인&amp;quot;이라고 브랜드명을 지었다. 동의보감에 오디주를 &amp;quot;상심주&amp;quot;라고 불렀고 예로부터 수명을 늘려주는 술로 백발을 검게 만들과 노화를 방지한다고 쓰여있다.
287,287,시나브로드글로리아,,3.0,3.0,2.0,2,,,과실주,12,750ml,25000,포도,"포도,",불휘농장,홈술,"맑고 청아한 포도색을 가진 와인입니다. 단맛보다는 산미에 중점을 둔 와인이며, 향에서 묘한 뿌리 냄새가 나는 것도 특징입니다. 물같이 부드러운 목 넘김을 가지고 있으며, 가벼운 탄닌감도 있어서 불고기 및 육전 등, 가벼운 고기류하고는 잘 어울릴 수 있습니다."
288,288,시나브로레드드라이,,2.0,3.0,3.0,3,,,과실주,12,750ml,25000,포도,"포도,",불휘농장,,"아귀찜, 꽃게무침"
289,289,시나브로레드스위트,,3.0,3.0,3.0,2,,,과실주,12,750ml,25000,포도,"포도,",불휘농장,홈술,"레드 와인보다 로제 와인으로 보일 만큼 청아하고 투명한 색을 가지고 있습니다. 캠벨 특유의 기분 좋은 단맛이 맛을 이끌며, 후미에서도 단맛이 남지 않아 청량감도 느껴지는 와인입니다. 누가 즐겨도 편안하고 무난하게 즐길 수 있는 맛이며, 달콤한 맛이 특별한 만큼 좋은 식사를 기분 좋게 마무리하는 역할로 식후주로 추천하고 싶습니다."
290,290,시나브로로제와인,,3.0,3.0,3.0,3,,,과실주,10,500ml,30000,포도,"포도,",불휘농장,파티,"잔잔한 포돗빛을 띈 로제 와인입니다. 우리가 자주 접하는 캠벨얼리의 풍부하고 상큼한 향으로 시작을 하며, 입안에 머금는 순간 부드러운 단맛이 기억에 많이 남습니다. 전체적으로 매운맛, 쓴맛, 그리고 타닌감은 없지만, 식전 주에는 식욕을 돋우는 와인으로, 식후에는 입속에 좋은 향기를 느끼게 하는 와인으로는 적합한 와인으로 볼 수 있습니다. 산미가 적은 부드러운 좋은 와인인 만큼 드레싱을 뿌린 샐러드와도 잘 어울리며, 새우튀김 등과 함께 즐겨도 좋습니다."
291,291,시나브로에뚜왈로제스파클링와인,,2.0,3.0,4.0,2,,,과실주,5,750ml,30000,포도,"포도,",불휘농장,파티,연 CD00000233을 가진 로제 스파클링 와인입니다. 화려한 향은 아니지만 살짝 마른나무 향이 느껴집니다. 부드러운 기포와 함께 올라오는 맛은 달콤한 맛으로 시작하지만 신맛과 잘 발효된 누룩향도 느껴진집니다. 전체적으로 식전 주 또는 식후 주가 맞는 와인으로 스위트한 맛이 주축을 이룬 만큼 샐러드와 같은 가벼운 요리가 어울립니다.
292,292,시나브로에뚜왈스파클링,,3.0,3.0,4.0,2,,,과실주,5,750ml,30000,포도,"포도,",불휘농장,과일류,
293,293,시나브로화이트와인,,4.0,4.0,4.0,3,,,과실주,11,500ml,30000,청포도,"포도,",불휘농장,선물,"회, 해산물, 샐러드, 튀김"
294,294,시인의마을우리쌀막걸리,,2.0,3.0,3.0,4,,,탁주,10,700ml,7900,"쌀,누룩,정제수,무감미료","쌀,",이원양조장,,"묵직한 막걸리 원액과 같은 느낌으로 진한 쌀 향이 올라온다. 얼음을 타서 온더록으로 마시는 것도 추천한다. 밥과 같은 쌀막걸리인 만큼 금강에서 잡히는 민물고기 매운탕과 같이 먹는 것이 좋다. 물론 밀 막걸리 만큼은 아니지만 원액에 가까운 만큼 묵직한 맛을 자랑하니, 식감이 가벼운 도토리묵, 겉절이, 나물 등도 좋다"
295,295,신례명주,,,,4.0,4,2.0,,증류주,50,750ml,99000,"감귤,감귤증류주","귤,",농업회사법인(주)시트러스,과일류,"생선회, 구이 등 해산물류와 수육, 보쌈 등 육류와 잘 어울린다."
296,296,신선주,,3.0,3.0,2.0,4,,,약주/청주,16,750ml,19000,"쌀,능금,신선초,천궁,구기자,당귀솔잎,대추,인삼","쌀,구기자,삼,솔잎,",용두산조은술,명절,아주 맑은 황금빛의 술이며 당귀 등과 곡물에서 나오는 약재향과 고소함이 잘 올라옵니다. 단맛과 신맛이 잘 갖춰져 있으며 처음 입 안에 들어오는 센맛이 독특합니다. 첫맛은 강하지만 시간이 지나면 가볍게 사라집니다. 알코올의 맛이 술을 마시고 난 후에도 오래 머무릅니다. 진한 불고기와 잘 어울립니다.
297,297,신선주백주,,2.0,3.0,1.0,3,3.0,,탁주,10,500ml,15000,"청원생명쌀,정제수,찹쌀,전통누룩,약재,숙지황,생지황)","쌀,찹쌀,약재,",농업회사법인(주)신선,무감미료,"대나무 연잎밥, 산채비빔밥"
298,298,신선주약주,,3.0,3.0,3.0,3,,,약주/청주,16,500ml,25000,"찹쌀,전통누룩,약재,숙지황,생지황)","쌀,찹쌀,약재,",농업회사법인(주)신선,,
299,299,신선주증류주,4.0,,4.0,,3,2.0,,증류주,52/42/35,375ml,60000,"찹쌀,전통누룩,약재,숙지황,생지황)","쌀,찹쌀,약재,",농업회사법인(주)신선,,
300,300,심플리애플,4.0,4.0,,,1,2.0,3.0,기타주류,12,350ml,9000,"쌀,사과즙,벌꿀","쌀,사과,꿀,",주식회사배혜정농업회사법인,,
301,301,아이싱,,3.0,1.0,1.0,3,,,탁주,4,"350ml,300ml",,"쌀,자몽엑기스","쌀,",국순당,탄산,붉은 진주빛을 가지고 있으며 잘 익은 검은 과실향이 올라옵니다. 술을 입에 넣으면 단맛이 가장 먼저 올라오고 그 다음 산미가 뒤따라 옵니다. 목넘김은 가볍고 깔끔합니다. 술을 마시고 난 후에 미세하게 남는 쓴맛과 알코올맛을 느낄 수 있습니다. 케익 등 디저트 음식과 잘 어울립니다.
302,302,아이원막걸리,,3.0,3.0,3.0,2,,,탁주,6,750ml,1000,"쌀,밀,입국,누룩,정제수","쌀,밀,",이원양조장,,"경쾌함과 발랄함, 그리고 생 특유의 신선함이 그대로 느껴지는 막걸리로 이원 양조장의 막걸리 중에서 대중적인 맛에 속한다. 옥천의 금강 상류에서 잡히는 빙어요리인 도리뱅뱅, 그리고 민물 매운탕과 같이 먹는 것이 가장 좋다. 묵직한 막걸리인 만큼 식감이 가벼운 도토리묵, 겉절이, 나물 등과 잘 어울린다."
303,303,아황주,,1.0,3.0,1.0,3,,,약주/청주,17,500ml,23000,"찹쌀,멥쌀,누룩,정제수","쌀,찹쌀,",최행숙전통주가,고문헌,새끼 오리의 깃털과 같이 노란 황금 빛깔의 술로 산뜻한 과실향이 올라온다. 술은 전체적으로 깔끔한 산미와 옅은 쓴맛이 중심이 되어 높은 알코올과 함께 섞여 있는 것이 특징이다. 밀 누룩을 이용해 술을 마시고 난 후에 느껴지는 쓴맛이 음식을 부르게 한다. 명란젓 등의 젓갈류와 잘 어울린다.
304,304,안동소주느낌19.8,2.0,,,,2,2.0,,증류주,19.8,360ml,4000,"백미,누룩,효모,정제수",,농업회사법인명품안동소주(주),저도수,"증류주는 기본적으로 도수가 낮으면 밍밍하고 물 맛이 많이 나는 것이 단점인데, 안동소주 느낌 19.8%는 일반 증류식소주에 비해 알코올도수가 낮은데도 불구하고 전통소주에서 느껴지는 곡향이 입 안을 가득 채워주는 것이 가장 큰 특징이다. 아주 차게 마시기보다는 실온에 좀 두고 곡향이 올라올 때 시음하는 것을 권장한다. 양념이 된 고기류와 잘 어울린다."
305,305,안동소주느낌30,3.0,,,,3,3.0,,증류주,30,360ml,6500,"백미,누룩,효모,정제수",,농업회사법인명품안동소주(주),,안동소주 느낌은 전통 증류식소주에서 느낄 수 있는 불맛과 곡물의 향을 잘 살린 증류주다. 강하지는 않지만 옅은 단맛과 뒤에 올라오는 약간의 쓴맛이 매력적이다. 안동소주 느낌 30%도 아주 차게 마시기 보다는 실온에 두고 증류향을 느끼면서 마시길 바란다. 도수가 너무 높다고 느끼면 온더락으로 즐기는 것 또한 방법이다. 석쇠 불고기와 잘 어울린다.
306,306,안동소주일품17,1.0,3.0,,,2,,,증류주,17,350ml,,"국내산쌀,입국","쌀,",안동소주일품,,
307,307,안동소주일품21,1.0,3.0,,,2,,,증류주,21,350ml,,"국내산쌀,입국","쌀,",안동소주일품,,
308,308,안동소주일품골드,1.0,3.0,,,3,,,증류주,40,500ml,18000,"국내산쌀,입국","쌀,",안동소주일품,,
309,309,안동소주필Feel,3.0,,,,3,4.0,,증류주,40,500ml,25000,"백미,누룩,효모,정제수",,농업회사법인명품안동소주(주),,
310,310,안성맞춤생막걸리,,3.0,2.0,3.0,2,,,탁주,6,"1,000ml",2000,"국내산쌀,누룩,효모,젖산,정제효소,정제수","쌀,",한주양조,,"생쌀발효법 특유의 가볍고 경쾌한 맛이 특징. 향을 자세히 맡아보면 바나나 우유와 같은 향이 느껴진다. 가벼운 맛을 자랑하는 만큼 묵직한 고기류하고도 잘 맞는다. 불고기, 육전, 오징어와 새우를 듬뿍 넣은 기름진 해물파전도 좋다."
311,311,안양동동주,,3.0,3.0,3.0,3,,,탁주,6,800ml,1100,"쌀,찹쌀,전통누룩,정제수","쌀,찹쌀,",안양주조장,,"키조개 회 무침 안양은 키조개, 한우, 표고버섯이 유명한곳이다. 키조개는 단백질이 많은 저칼로리식품으로 필수아미노산과 철분이 많아 동맥경화와 빈혈예방에 좋고, 새콤하고 칼칼한 회 무침에 청량감이 좋은 안양동동주 한잔이 생각난다."
312,312,애석,,4.0,1.0,3.0,3,,,약주/청주,15,500ml,30000,"국내산쌀,누룩,정제수","쌀,",농업회사법인두루(주),명절,"석탄주가 단맛을 많이 자아내는데 반해 &quot;애석&quot;은 단맛이 많이 느껴지지 않고 산미 또한 적은 편입니다. 감칠맛이 돋보이고 산뜻한 느낌을 줍니다. 석탄주 제법으로 빚은 술의 특징 그대로 맛을 배가 시키는 향이 뛰어납니다. 맑고 은은한 단맛을 잘 살려주는 녹두전, 해물잡채 등과 어울립니다."
313,313,애피소드상그리아,,4.0,4.0,4.0,2,,,과실주,3.5,500ml,,"포도와인,정제주정,정제수,포도농축액,고과당","포도,",(주)한국애플리즈,저도수,"사과의 상쾌함과 달콤한 레드 와인의 조합. 남녀노소 누구나 즐길 수 있는 무난한 과실주이다. 겨울에는 뜨끈하게 데워서 마셔도 좋을 맛이며, 쿠키 등과도 잘 어울린다."
314,314,애피소드애플,,4.0,4.0,4.0,2,,,과실주,3.5,500ml,,"사과와인,정제주정,정제수,사과농축액,고과당","사과,",(주)한국애플리즈,저도수,"사과의 맛이 그대로 나타나는 사과쥬스와 탄산의 조합. 발효취나 군더더기 맛이 없는 무난한 과실주이다. 청량감이 좋아 새우, 호박, 감자, 고구마, 오징어, 감자 등의 튀김류와 좋다."
315,315,애피소드호프,,4.0,4.0,4.0,2,,,기타주류,3.5,500ml,,"사과과즙,보리,쌀,홉","쌀,사과,보리,",(주)한국애플리즈,과일류,"사과가 주는 청량함과 홉이 주는 향긋함이 그대로 살아있는 경쾌함이 살아 있는 애플 사이다이다. 홉이 주는 아로마와 탄산이 주는 청량감으로 치킨 및 닭강정, 튀김류와도 상당히 잘 맞는다."
316,316,야관문막걸리,,1.0,3.0,2.0,1,,,탁주,6,750ml,1500,"쌀,종국,정제수,누룩,효모,야관문","쌀,",지리산그린영농조합운봉주조,,채소 샐러드
317,317,양촌생동동주,,2.0,3.0,2.0,2,,,탁주,10,750ml,,"정제수,백미,효소제,효모등",,양촌양조,무감미료,최대한 여과되어 바디감이 매우 깔끔하고 목넘김이 부드러운 것이 특징이며 산미가 약하고 입안에 단맛의 여운이 많이 남아 김치전과 함께 하면 좋다.
318,318,양촌생막걸리,,2.0,2.0,3.0,2,,,탁주,6,750ml,,"팽화미,소맥분,정제수,물엿,효소,국등",,양촌양조,,쌀을 튀겼을 때 나는 고소한 향이 특징이다. 색이 진하고 적절한 단맛과 산미의 조화가 좋다. 두부에 겉절이 김치를 함께하면 좋다.
319,319,어우야,2.0,,,,2,3.0,,기타주류,16,365ml,9900,"야관문,정제수,,효모",,왕지케양조장(제주본초협동조합),홈술,
320,320,여강,3.0,,,,3,3.0,,증류주,25,375ml,20000,"국내산쌀,누룩,정제수","쌀,",(주)농업회사법인추연당,,
321,321,여포의꿈레드드라이,,2.0,2.0,,2,2.0,,과실주,12,750ml,20000,국내산포도,"포도,",여포와인농장,선물,신선한 포도 껍질에서 나는 향이 진하게 올라오고 단맛과 신맛의 균형이 잘 갖춰져 있습니다. 옅은 타닌에 의한 떫은 맛이 혀를 자극시키며 목넘김이 가볍습니다. 스테이크와 잘 어울립니다.
322,322,여포의꿈레드스위트,,4.0,1.0,,3,2.0,,과실주,12,750ml,-,국내산포도,"포도,",여포와인농장,선물,여름에 잘 익은 포도밭에 온 듯한 향기와 산미는 적지만 풍만한 단맛이 입에 오랜 여운을 남깁니다. 바디감이 있지만 목넘김이 부드럽다. 특별한 날 케익과 잘 어울립니다.
323,323,여포의꿈화이트,,1.0,2.0,,2,2.0,,과실주,12,375ml,20000,국내산포도,"포도,",여포와인농장,선물,신선한 포도향에 마치 포도농장에 와 있는 듯 하다. 단맛은 적고 산미가 적당히 있어 바디감이 적고 목넘김이 깔끔하다. 조기찜과 잘 어울린다.
324,324,연천아주,,2.0,4.0,3.0,3,,,탁주,8,750ml,6000,"쌀,누룩,정제수","쌀,",농업회사법인연천양조(주),,"굵직한 아이보리 컬러가 전형적인 좋은 막걸리의 색을 가지고 있습니다. 코끝에 대면 향은 적게 올라오는데, 옅은 사과향과 잘 익은 단감의 향이 스치듯 지나갑니다. 입에 머금은 순간 잘 익은 레몬이 주는듯한 산미가 살아있으며, 경쾌함과 산뜻함도 그대로 느껴지며 마지막에는 살짝 쌀 특유의 단맛도 살아있습니다. 지역이 연천인 만큼 임진강에서 잡히는 민물고기 매운탕과 함께 즐긴다면, 매운탕 특유의 매운맛을 연천 아주가 잘 잡아줄 듯합니다."
325,325,연천연주,,2.0,4.0,2.0,3,,,약주/청주,12,500ml,15000,"쌀,누룩,정제수","쌀,",농업회사법인연천양조(주),저도수,"기분 좋은 황갈색을 띤 무감미료 수제 약주. 은은한 누룩향이 먼저 피어오르는 첫인상을 가지고 있습니다. 입에 머금으면 기분 좋은 산미와 단맛이 조화를 이루며 침샘을 자극합니다. 마무리는 부드러운 누룽지향. 산미가 도드라진 만큼 강한 맛보다는 담백한 음식이 잘 어울릴 것으로 보입니다. 삼겹살, 양념갈비보다는 수육 및 육회 등이 좋을 듯하며, 김치전보다는 해물전이 더 잘 어울릴 듯합니다."
326,326,연천우주,3.0,,,,3,2.0,,증류주,22,360ml,8500,"쌀,누룩,효모,효소,연천율무,정제수","쌀,",농업회사법인연천양조(주),,"무색투명한 색으로 시작한 이 소주의 매력은 향에서 만날 수 있습니다. 잘 구워진 가래떡과 같은 고소함이 있기 때문입니다. 묵직한 알콜올 맛에서 시작했다가 이내 입속을 가득 채우는 쌀 발효향을 느낄 수 있습니다. 알코올 함유량 22%로 다른 증류식 소주에 비해 다소 낮은 편이지만, 향 하나하나가 무척 잘 살려져 있어 얼음, 탄산수 등과 함께 즐기기 충분합니다. 얼음이나 탄산수 없이 단독으로 즐긴다면 육포 및 견과류를 추천하며, 고기류라고 한다면 담백한 한우 등심구이 등이 잘 어울릴 것입니다."
327,327,영일만친구막걸리,,2.0,2.0,3.0,2,,,탁주,6,750ml,,"국내산쌀,물엿,우뭇가사리,효모,조제종국,정제효소제,아스파탐,젖산","쌀,",동해명주,,영일만 친구는 우뭇가사리를 넣은 술입니다. 우뭇가사리의 풍부한 식이섬유를 함께 마시는 즐거움이 있습니다. 역시 우뭇가사리 무침과 잘 어울립니다.
328,328,예담은한산소곡주,,4.0,1.0,1.0,3,,,약주/청주,16,750ml,12000,"찹쌀,멥쌀,누룩,대두,구절초","쌀,찹쌀,",한산예담은소곡주,명절,진한 담황색의 술입니다. 술의 단맛이 술이 오래 익었을 때 나오는 캐러멜 향과 잘 섞여 있습니다. 알코올의 자극적인 맛이 식도를 타고 식도를 흐릅니다. 술을 마시고 난 후에 입 안에 남는 섬세한 쓴맛이 좋습니다. 일상에서 먹는 반찬과 잘 어울립니다.
329,329,예담은한산소곡화주,2.0,3.0,,,3,,,증류주,41,500ml,30000,"찹쌀,멥쌀,누룩,대두,구절초","쌀,찹쌀,",한산예담은소곡주,명절,높은 온도에서 증류한 곡향이 올라오고 알코올 도수에 비해서 술 맛이 매우 부드럽습니다. 술을 마시고 난 후에 혀에 남는 알코올이 긴 여운을 남깁니다. 시간이 지날수록 박하와 가은 화한 맛이 입 안에 남는 것이 특징입니다. 맑은 복지리 탕과 잘 어울립니다.
330,330,예밀와인레드드라이,,1.0,1.0,2.0,3,,,과실주,13,750ml,20000,포도,"포도,",예밀2리영농조합법인,,붉은 흑진주의 색을 닮은 예밀와인은 드라이와 스위트 두 가지 맛이 함께 출시되고 있습니다. 드라이는 맛과는 다르게 붉은 벨리류에서 나는 달콤한 딸기향이 가득해 향만으로도 사람의 입맛을 자극합니다. 그러나 입 안에 들어가면 &amp;quot;드라이&amp;quot; 버전 답게 매우 담백하고 단맛이 적어 양념이 되지 않은 구은 고기류의 음식과 함께 마시기 좋습니다.
331,331,예밀와인로제,,1.0,1.0,2.0,3,,,과실주,12,750ml,20000,포도,"포도,",예밀2리영농조합법인,,붉은 흑진주를 닮은 색을 가지고 있으며 달콤한 발효 향이 코를 자극합니다. 입 안에서 달콤함이 오랜 여운을 남겨 누구나 맛있게 즐길 수 있는 술입니다. 이 술은 색에 한 잔 마시고 달콤함에 한 잔 마시고 그리고 기분 좋아 계속 마실 수 있는 술입니다. 생일 등 축제에 사용하기 좋은 술로 달콤한 케익 등과 잘 어울립니다.
332,332,예밀와인레드스위트,,4.0,1.0,2.0,3,,,과실주,12,750ml,20000,포도,"포도,",예밀2리영농조합법인,,드라이 버전과 마찬가지로 신선한 포도밭에서 나는 향을 맡는 듯 하고 입 안에 들어가면 &quot;스위트&quot; 의 단어에 어울리는 단맛을 가지고 있어 누구나 쉽게 즐길 수 있는 술입니다. 타닌이 강하지 않아 입 안의 느낌이 무겁지 않고 깔끔하게 마무리 됩니다. 달콤한 디저트 음식과 잘 어울립니다.
333,333,예주,,1.0,3.0,1.0,3,,,과실주,15,750ml,29000,"복분자,주정,효모,정제수","복분자,",용두산조은술,,검CD00000233과 담황색이 섞인 술로 과실 껍질에서 나는 향이 강하게 올라옵니다. 입 안에 넣으면 바로 산미가 올라오고 단맛은 적다. 알코올 맛이 강하게 입 안을 자극시키고 고소함이 혀에 남습니다. 소고기 소금구이 등 담백한 음식과 곁들이면 좋습니다.
334,334,예천주복만월24,3.0,,,,2,2.0,,증류주,24,350ml,12800,"복분자증류원액,복분자과즙,정제수","복분자,",농업회사법인(주)착한농부,베리류,맑은 핑크 빛의 아름다운 색을 가지고 있으며 복분자를 이용한 향은 더욱 향기롭습니다. 입 안에서 짧게 퍼지는 자극이 매우 흥미롭고 술을 마시고 난 후에 뜨거운 술의 느낌이 오래 남습니다. 장어구이와 함께라면 몇 병이라도 함께 마실 수 있는 술입니다.
335,335,예천주복만월40,4.0,,,,4,3.0,,증류주,40,350ml,19200,"복분자증류원액,복분자과즙,정제수","복분자,",농업회사법인(주)착한농부,베리류,"장어구이, 보쌈"
336,336,예천주사월24,3.0,,,,2,2.0,,증류주,24,375ml,22000,"오미자증류원액,건오미자추출액,정제수","오미자,",농업회사법인(주)착한농부,베리류,약용증류주로 증류한 후에 오미자를 활용해 아주 엷은 황금색을 가진 오미자 증류주입니다. 오미자의 신선한 향이 살아있으며 입 안에 넣으면 산뜻함이 입 안을 꽉 채워줍니다. 술이 가진 향과 맛에 비해 입 안에 느껴지는 자극이 강하여 매우 남성스러운 술이라 할 수 있습니다. 오리백숙과 아주 잘 어울립니다.
337,337,예천주사월36.5,3.0,,,,2,3.0,,증류주,36.5,375ml,29000,"오미자증류원액,건오미자추출액,정제수","오미자,",농업회사법인(주)착한농부,베리류,약용증류주로 증류한 후에 오미자를 활용해 아주 엷은 황금색을 가진 오미자 증류주입니다. 오미자의 신선한 향이 살아있으며 입 안에 넣으면 산뜻함이 입 안을 꽉 채워줍니다. 술이 가진 향과 맛에 비해 입 안에 느껴지는 자극이 강하여 매우 남성스러운 술이라 할 수 있습니다. 오리백숙과 아주 잘 어울립니다.
338,338,예화,,2.0,1.0,1.0,3,,,약주/청주,13,750ml,10000,"쌀,누룩,효모,물엿,정제수","쌀,",농업회사법인대윤가야곡주조(주),,맑은 황금빛의 색을 가지고 있으며 쌀로 빚은 술이지만 익은 과실향과 훈연된 향기가 동시에 올라옵니다. 술을 마시면 살균했을 때 올라오는 고소함과 단맛이 함께 올라오고 산미는 적습니다. 술을 마시고 난 후에 입 안에 남는 고소함이 독특합니다. 문어 숙회 등과 잘 어울힙니다.
339,339,옛날막걸리古,,2.0,2.0,1.0,4,,,탁주,7.8,750ml,,"배정제수,쌀,국,과당,효모/에탄올함량:","쌀,",국순당,무감미료,연한 갈색빛의 색깔을 가지고 있으며 산뜻하면서도 고소한 향이 물씬 올라온다. 단맛 보다는 신맛이 도드라지며 산미로 인해 침이 고이고 목넘김은 매우 가볍다. 술을 마시고 난 후에 옅은 쓴맛이 혀에 남아 여운을 길게 한다. 오리 주물럭과 잘 어울린다.
340,340,오디랑,,3.0,1.0,,1,3.0,,과실주,13,330ml,4000,"오디,정제수,과당,주정,구연산,효모","오디,",국순당고창명주,소용량,검붉은 색을 가지고 옅으면서 달콤한 과실향이 올라옵니다. 첫맛은 달콤하고 그 뒤로 약한 쓴맛이 입 전체에 자리를 잡습니다. 알코올의 맛이 입과 식도를 뜨겁게 하지만 먹고 난 후 입 안은 깔끔합니다. 양념된 고기류와 잘 어울립니다.
341,341,오매백주,,5.0,1.0,1.0,1,,,탁주,12,500ml,5000,"쌀,국,효모,정제수","쌀,",농업회사법인오산양조(주),무감미료,진한 살색 빛깔을 가지고 있으며 푹 익은 술에서 느낄 수 있는 캐러멜 맛이 입 안을 꽉 채워줍니다. 일반 막걸리에 비해서 도수(12%)가 높지만 단맛이 강해 부드럽게 느껴지고 술을 마시고 난 후에 긴 여운이 매력적인 술입니다. 같은 양조장에서 나오는 오산막걸리와는 완전히 다른 느낌입니다. 견과류와 잘 어울립니다.
342,342,오메기맑은술,,1.0,5.0,1.0,3,,,약주/청주,16,500ml,25000,"좁쌀,햅쌀,정제수,누룩","쌀,",제주술익는집,선물,고사리 등의 나물 무침
343,343,오메기술,,2.0,2.0,1.0,3,,,약주/청주,13,375ml,13000,"쌀,차조,입국,누룩,효모,효소,청호,조릿대,감초,정제수","쌀,감초,",제주샘영농조합법인,홈술,"고사리 무침, 전"
344,344,오매락퍽,3.0,3.0,,,4,,,기타주류,40,500ml,52000,"구운매실,배증류원액",,(주)배상면주가,이색전통주,"닭고기  오매락퍽속에 함유된 매실은 다양한 유기산을 함유해 닭고기와 같은 고단백, 고열량음식과 먹으면 배탈을 예방하고 소화에도 도움이 된다."
345,345,오목대,,2.0,3.0,4.0,3,,,기타주류,5,1000ml,,"보리,맥아,말토텍스트린,호프펠렛,효모,정제효소제,정제수","보리,",농업회사법인동문거리양조장(주)(전주술로시티),탄산,구워진 곡물 맛을 그대로 느낄 수 있는 발포주. 진한 에스프레소와 같은 향도 있습니다. 기존의 흑맥주와 다른 점은 마지막에서 느껴지는 맛에 지극히 매끈한 부드러움을 가지고 있다는 것. 향은 진하지만 식감은 부드러운 독특한 맛이 특징입니다. 생맥주 대신 즐길 수 있는 술로 맥주와 어울리는 기름진 음식에 잘 맞습니다.
346,346,오미로제프리미어와인,,3.0,4.0,4.0,4,,,과실주,12,750ml,39000,오미자,"오미자,",농업회사법인(주)제이엘,선물,"끝없이 올라오는 수천 만개의 탄산과 오미자의 5가지 맛이 잘 어우러진 최고의 와인. 진한 한국음식과도 최고의 궁합을 선사합니다. 오미로제가 나오는 문경에서는 오미자 삼겹살, 더덕구이, 산나물, 그리고 송이버섯요리가 유명합니다. 전체적으로 모두 잘 어울리나, 자극성이 적은 나물과의 환상적인 궁합을 자랑합니다. 육류로는 양념을 한 고기류보다는 자극성 적은 한우구이와 즐긴다면, 이 술의 매력을 더 크게 느낄 수 있습니다."
347,347,오미시앙스페셜,,1.0,3.0,,2,2.0,,과실주,12,500ml,10000,"오미자,주정,설탕,효모","오미자,",알에프,,예쁜 로제와인 색이 아름답습니다. 오미자의 오미 중에서 단맛은 적지만 산뜻한 산미와 텁텁함이 혀를 자극시키며 목넘김이 매우 깔끔합니다. 생선 회와 잘 어울립니다.
348,348,오산막걸리,,2.0,4.0,2.0,3,,,탁주,6,500ml,3000,"쌀,국,효모,정제수","쌀,",농업회사법인오산양조(주),무감미료,진한 아이보리 빛깔의 막걸리로 독특한 산미가 일품입니다. 술 맛은 전체적으로 단맛 보다 진한 산미가 술의 목넘김과 여운을 깔끔하게 만들어 줍니다. 술을 마시고 난 후에도 개운하고 아주 약하게 남는 곡물의 느낌이 음식과의 조화를 잘 갖추게 해줍니다. 고기류 보다는 홍어나 오징어 등 무침류와 잘 어울립니다.
349,349,오희스파클링막걸리,,1.0,3.0,3.0,2,,,탁주,8.5,500ml,,"백미,건오미자,조효소제,효모,정제수","오미자,",문경주조,탄산,술 빛이 붉은 오미자의 색을 그대로 닮았으며 고소한 향이 처음 강하게 올라왔다 사라지고 오미자의 신선한 향이 자리를 잡는다. 단맛이 적고 적절한 산미가 오미의 조화를 잘 갖추고 있으며 탄산이 있어 청량감이 좋고 목 넘김이 매우 깔끔하다. 오미자 특유의 산뜻한 산미가 소고기와 잘 어울린다.
350,350,왕율주,3.0,,,,3,3.0,,증류주,25,330ml,8000,"국내산쌀,밤,누룩,정제수","쌀,밤,",농업회사법인사곡양조원,,"혀로 느겨지는 부드럽고 깜끔한 맛, 밤향을 머금고 있는 독특한 향기가 있다. 입안에 머금고 있으면 은근한 단맛이 느껴지고 뒤에 따라오는 적절한 쓴맛이 조화를 이룬다. 고도주임데도 불구하고 의외로 목 넘김이 부드럽다. 구이를 한 고기류 음식에 잘 어울린다."
351,351,왕피천을품은미소생막걸리,,3.0,3.0,3.0,2,,,탁주,7,750ml,1200,"쌀,누룩,정제수","쌀,",울진술도가,,대게 또는 홍게찜
352,352,우곡생주,,4.0,2.0,2.0,5,,,탁주,10,750ml,6500,"쌀,국,효모,정제수","쌀,",배혜정도가,무감미료,
353,353,우도땅콩전통주,,4.0,1.0,3.0,3,,,기타주류,6,750ml,4000,"정제수,전분당,백미,국,땅콩분,효모,젖산등","땅콩,",조은술세종,저도수,"방앗간에서 깨소금을 볶았을 때 나는 고소한 향기를 가지고 있으며, 산미가 적고 단맛이 강하지만 목넘김은 매우 깔끔합니다. 입 안에 기름진 맛이 특징이다. 안주 없이 들이키기 좋은 술입니다."
354,354,우렁이쌀손막걸리,,4.0,1.0,3.0,2,,,탁주,7.5,750ml,,"쌀,정제수효모,정제효소,효소처리스테비아","쌀,",양촌양조,,야채 샐러드
355,355,운암1945,,3.0,3.0,,3,,3.0,약주/청주,12,750ml,28000,"쌀,누룩,정제수","쌀,",농업회사법인우포의아침주식회사,,
356,356,원매,4.0,,,,3,1.0,,기타주류,15,750ml,35000,"매실원주액,매실청,꿀,카라멜,효소처리스테비아,정제수","꿀,",더한주류,홈술,"황매실을 이용해 맑은 호박색을 가지고 있으며, 매실의 신선한 향이 가득한 것이 특징입니다. 도수가 낮아 누구라도 편하게 즐길 수 있으며 처음 단맛이 올라오지만 뒤에 따라오는 신맛과 적절한 쓴맛의 조화가 잘 갖춰진 술입니다. 입 안의 느낌이 매우 따뜻하고 마시고 난 후에는 여운이 깁니다. 숙주 소고기 볶음 등 약간의 양념이 된 깔끔한 음식과 잘 어울립니다."
357,357,원매프리미엄,3.0,2.0,,,4,,,기타주류,20,700ml,45000,"매실주원액,발효주정,정제수,꿀","꿀,",더한주류,,"생선회, 초밥  생선회는 단백질식품이므로 전분식품보다 술에 취하는 정도를 완화시키고 다음날 숙취를 줄이는 효과가 있다. 매실본연의 향과 진한풍미가 생선의 비린 냄새를 제거해주어 생선회에 잘 어울린다."
358,358,원조소곡화주,3.0,,,,2,3.0,,증류주,41,300ml,14000,"찹쌀,멥쌀,누룩","쌀,찹쌀,",원조소곡주,소용량,높은 온도에서 증류한 곡향이 올라오고 알코올 도수에 비해서 술 맛이 매우 부드럽습니다. 술을 마시고 난 후에 혀에 남는 알코올이 긴 여운을 남깁니다. 시간이 지날수록 박하와 가은 화한 맛이 입 안에 남는 것이 특징입니다. 맑은 복지리 탕과 잘 어울립니다.
359,359,원조한산소곡주,,3.0,1.0,4.0,2,,,약주/청주,16,750ml,12000,"찹쌀,멥쌀,누룩,대두,구절초","쌀,찹쌀,",원조소곡주,,
360,360,월매쌀막걸리,,2.0,2.0,3.0,1,,,탁주,6,350ml,1200,"백미,말토올리고당,정제수",,서울장수주식회사,소용량,"백색의 살균 캔 막걸리로 신선한 발효 향이 은은하게 올라오고 단맛과 신맛, 쓴맛 등 전체적으로 오미의 조화가 잘 갖춰져 있는 막걸리다. 일반적인 막걸리 알코올 도수로 자극적이지 않고 편하게 즐길 수 있으며, 입 안의 느낌과 목 넘김이 가볍고 산뜻하다. 파전과 잘 어울린다."
361,361,유기농이도14,,3.0,3.0,3.0,2,,,약주/청주,14,750ml,20000,"유기농쌀,우리밀누룩,조제종국,효모,정제수","쌀,밀,",농업회사법인조은술세종(주),선물,
362,362,유기농이도42,,2.0,0.0,0.0,3,,,증류주,42,750ml,42000,"유기농쌀,정제수,증류원액,국,조제종국,효모등","쌀,",조은술세종,선물,쌀을 발효시켜 증류해 매우 깔끔하지만 알코올 향과 혀를 자극시키는 맛이 강합니다. 이도 한잔에 시원한 복지리탕이 생각납니다.
363,363,유자동동주,,2.0,3.0,3.0,3,,,탁주,6,750ml,1100,"쌀,소맥분,전분당,정제수,유자과즙,치자,정제효소,종국,효모,젖산,아스파탐","쌀,",성포양조장,,
364,364,유자생막걸리,,2.0,3.0,3.0,5,,,탁주,5,750ml,1800,"쌀,유자,정제수,고과당,효모등","쌀,",배혜정도가,,
365,365,율무동동주,,2.0,4.0,3.0,4,,,탁주,14,750ml,14000,"쌀,누룩,효모,연천율무,정제수","쌀,",농업회사법인연천양조(주),드라이,"라이트한 아이보리 컬러. 코를 대면 새콤한 사과향과 고운 누룩향이 서서히 올라옵니다. 도드라진 산미에서 시작해서 가벼운 청량감을 지나 마지막에는 드라이한 맛이 입속 천장을 치고 갑니다. 물리지 않는 적은 단맛이 매력적이지만 쌀이 주는 담백한 맛이 드라이함을 잘 감싸줍니다. 일반적인 한식 밥상에 잘 어울리는 술이며, 알콜올 도수가 14%로 일반 막걸리의 2배가 넘는 만큼 한여름에는 얼음을 넣어 온더록스로 한잔해도 충분히 제 역할을 하는 제품입니다."
366,366,은자골곶감생탁배기,,1.0,1.0,3.0,5,,,탁주,6,750ml,1500,"백미,소맥분,정제수,곶감분말,전분당,국,누룩,효소,아스파탐등",,은척양조장,,
367,367,은자골생탁배기,,1.0,3.0,3.0,3,,,탁주,5,750ml,1500,"백미,소맥분,정제수,전분당,국,누룩,효소,아스파탐등",,은척양조장,,
368,368,이강주19,,2.0,0.0,2.0,4,,,기타주류,19,375ml,4500,"쌀,소맥분,정맥,배,생강,계피,울금,꿀","쌀,꿀,생강,계피,",전주이강주,,
369,369,이강주25,,2.0,0.0,2.0,2,,,기타주류,25,750ml,28000,"쌀,소맥분,정맥,배,생강,계피,울금,꿀","쌀,꿀,생강,계피,",전주이강주,,
370,370,이도32,2.0,2.0,,,2,3.0,3.0,증류주,32,750ml,37000,"물,증류원액",,조은술세종,,"복지리탕, 우수육, 어복쟁반"
371,371,이동생쌀막걸리,,1.0,3.0,3.0,4,,,탁주,6,750ml,1300,"정제수,백미,팽화미,입국,아스파탐등",,이동주조,탄산,쌀과 쌀 누룩을 이용해 막걸리 빛이 희고 팽화미 특유의 고소한 맛과 향미가 있는 것이 특징입니다. 적절한 산미가 음식맛을 도드라지게 합니다. 갈비찜과 어울립니다.
372,372,이동쌀막걸리,,3.0,1.0,1.0,3,,,탁주,6,"1,200ml",1600,"정제수,백미,팽화미,입국,아스파탐등",,이동주조,,
373,373,이상헌약주,,3.0,3.0,3.0,3,,,약주/청주,18,500ml,45000,"아산쌀,국,정제수","쌀,",이가수불,진한맛,"묵직하지만 결코 부담스럽지 않는 맛. 진한 곡물의 향이 있지만, 단맛과, 신맛 등 맛의 조화가 잘 이뤄졌습니다. 알코올 도수가 18도나 되지만, 실질적으로는 고급술이 주는 부드러움도 가지고 있습니다. 묵직한 곡물의 맛이 느껴지고 목 넘김이 좋아 홀짝홀짝 마시게 됩니다. 조개탕이나 꼬막무침과 마시기 좋습니다."
374,374,이상헌탁주,,2.0,3.0,3.0,3,,,탁주,19,500ml,25000,"아산쌀,국,정제수","쌀,",이가수불,,
375,375,이화백주,,3.0,3.0,4.0,3,,,탁주,6,940ml,12000,"국내산햅쌀,전통누룩,정제수","쌀,",이화백주순탁주,파티,"갈비찜, 해물파전, 보쌈, 족발"
376,376,인천생소성주,,1.0,2.0,1.0,2,,,탁주,6,750ml,1200,"쌀,팽화미,정제수,국,효모,아스파탐,효소,이소말토올리고당","쌀,",인천탁주,탄산,원료인 팽화미에서 나오는 고소한 향이 올라오는 것이 특징입니다. 전체적으로 바디감과 목넘김이 청량하고 가벼우며 삼킨 후 남는 은은한 텁텁함이 좋습니다. 생선회와 잘 어울립니다.
377,377,입장탁주,,2.0,2.0,2.0,2,,,탁주,6,750ml,1200,"쌀,정제수,고과당,효모등","쌀,",농업회사법인입장주조㈜,,"매운 갈비찜입안에서 불이 날 정도로 매운 갈비찜은 약간의 단맛과 신맛, 그리고 톡 쏘는 청량감이 있는 입장탁주에 잘 어울린다."
378,378,자두와인레드,,2.0,3.0,2.0,2,,,과실주,12,750ml,22000,피자두,,자두사랑,이색전통주,"자두와인 레드는 부드럽고 끝 맛의 균형도 잘 잡혀 있습니다. 처음부터 마무리까지 깔끔한 맛이 특징이며 각종 파스타 및 스테이크, 삼겹살, 치즈나 피자 등과 페어링 하기 좋습니다."
379,379,자두와인화이트,,2.0,3.0,2.0,4,,,과실주,12,750ml,22000,후무사,,자두사랑,,
380,380,자연담은복분자막걸리,,2.0,1.0,1.0,5,,,탁주,6,360ml,,"복분자,쌀,효모,국,과당,구연산,젖산,정제수","쌀,복분자,",(농)국순당고창명주(주),,고창산 쌀과 고창산 1등급 복분자로 빚은 고급막걸리로 국순당의 특허기술인 생쌀발효법으로 빚어 필수아미노산이 풍부하다. 고창산 1등급 복분자 생과 20%이상과 해풍을 맞고 자란 쌀에 국순당의 생쌀발효기술(무증자증법)로 빚어 기존전통막걸리의 이미지를 탈피하여 와인처럼 부드러운 맛으로 고급화하였다.
381,381,자연송이주,1.0,1.0,,,1,,,기타주류,18,720ml,,자연송이버섯,"버섯,",솔래원,,밝은 미색을 가지고 있으며 은은하게 단맛과 섞인 버섯향이 올라옵니다. 알코올도수가 낮아 입 안에 편안하게 들어오고 아주 엷은 버섯의 맛과 향이 혀를 적십니다. 전체적으로 가볍고 편하게 마실 수 있는 술입니다. 동해바다에서 나오는 신선한 활어회와 잘 어울립니다.
382,382,자희향국화주,,1.0,2.0,1.0,4,,,약주/청주,15,500ml,20000,"찹쌀,멥쌀,누룩,정제수,국화","쌀,찹쌀,",자희자양,무감미료,"해산물요리, 과일샐러드 신선한 각종 해산물요리는 자희향국화주의 향과 아주 잘 어울려져 해산물만의 쫄깃하고 깔끔한 맛을 더욱 돋구어주며 상큼한 과일샐러드와 디저트로 곁들여도 좋다."
383,383,자희향나비생탁주,,2.0,1.0,2.0,2,,,탁주,8,500ml,8000,"찹쌀,멥쌀,누룩,정제수","쌀,찹쌀,",자희자양,,
384,384,자희향탁주,,2.0,2.0,1.0,3,,,탁주,12,500ml,16000,"찹쌀,멥쌀,누룩,정제수","쌀,찹쌀,",자희자양,선물,단맛과 신맛 등 오미의 균형이 잘 갖춰져 있으며 술 속 미세한 입자들이 입 안 전체를 부드럽게 만듭니다. 연한 쓴맛과 텁텁함이 술에 힘을 실어줍니다. 해물찜과 잘 어울립니다.
385,385,장수생막걸리,,2.0,3.0,3.0,3,,,탁주,6,750ml,1200,"백미,말토올리고당",,서울장수주식회사,탄산,일반적인 서울장수막걸리에서 느껴지는 익숙한 단맛과 과일향과 함께 상쾌한 탄산기운을 느낄 수 있다. 전체적으로 순하고 부드러운 맛이다. 목으로 넘길 때 탄산의 느낌이 강하여 시원하고 긴 여운이 남는다. 막걸리 안주로 생각할 수 있는 음식에는 어느 것이나 궁합이 맞다.
386,386,장수오미자주,,3.0,4.0,4.0,3,,,과실주,16.5,360ml,5400,"오미자,정제수,주정,설탕,효모","오미자,",농업회사법인(주)알에프,베리류,"맑은 오미자 차와 같은 아름다운 색을 가지고 있습니다. 향에서는 오미자 특유의 새콤함과 매콤함이 그대로 느껴지며, 맛에서는 오미자 특유의 단맛, 짠맛, 신맛, 쓴맛, 매운맛이 느껴집니다. 각각 톡톡 튀는 맛을 자랑하는 듯 하지만, 각자의 맛이 조합이 잘 된 밸런스를 자랑하며, 덕분에 부드러운 후미를 가지고 있습니다. 산악지대에서 자라는 오미자인 만큼 산나물, 들기름으로 볶아 낸 버섯요리 등과 잘 어울릴 듯합니다. 기회가 된다면 송이버섯 전골과 함께 즐긴다면 더할 나위 없이 매력적일 듯합니다."
387,387,장홍삼장수막걸리,,1.0,4.0,3.0,5,,,탁주,6,750ml,2000,"백미,말토올리고당,홍삼분말","삼,",서울장수주식회사,,"한식, 전, 삼겹살"
388,388,정고집나주배약주15,,4.0,2.0,3.0,2,,,약주/청주,15,500ml,20000,"쌀,쌀가루,배착즙액,정제효소제,종국,젖산,효모","쌀,",남도탁주,과일류,"당도 높은 배 맛이 그대로 생각나는 맛. 과육 없는 배과즙을 먹는 듯 한 느낌도 있지만, 끝에서 느껴지는 약주 특유의 쌀 향도 느껴집니다. 담백한 맛의 한우 수육과 즐긴다면, 소고기와 배과즙라는 멋진 궁합을 느낄 수 있습니다."
389,389,정고집나주배약주9,,4.0,2.0,3.0,3,,,약주/청주,9,500ml,18000,"쌀,쌀가루,배착즙액,정제효소제,종국,젖산,효모","쌀,",남도탁주,과일류,"당도 높은 배 맛이 그대로 생각나는 맛. 과육없는 배과즙을 먹는 듯 한 느낌도 있지만, 끝에서 느껴지는 약주 특유의 쌀 향도 느껴집니다. 담백한 맛의 한우 수육과 즐긴다면, 소고기와 배과즙라는 멋진 궁합을 느낄 수 있습니다."
390,390,정고집나주쌀생막걸리,,3.0,3.0,3.0,3,,,탁주,6,750ml,,"쌀,쌀가루,조제종국,정제효소,젖산,아스파탐,아세셀팜칼","쌀,",남도탁주,,
391,391,정고집옛날생동동주,,3.0,3.0,4.0,3,,,탁주,6,"750ml/1,200ml",,"쌀,쌀가루,조제종국,정제효소,젖산,아스파탐,아세셀팜칼","쌀,",남도탁주,,
392,392,제주고소리술,4.0,,,,3,1.0,,증류주,40,400ml,45000,"잡곡,누룩,정제수",,제주술익는집,,
393,393,젤코바스페셜,,2.0,4.0,2.0,3,,,과실주,11.5,375ml/500ml/750ml,,"국내산산머루,MBA포도","포도,머루,",농업회사법인(주)젤코바와이너리,베리류,"산머루 특유의 진한 자줏빛의 색을 가진 와인입니다. 향에서는 숙성을 통해 만들어진 산미가 지긋이 올라오며, 마무리는 상큼한 단향이 올라옵니다. 입안에 머금어도 산미부터 올라오며 이내 단맛이 입안을 메워줍니다. 머루 특유의 드라이함이 남아있으며, 덕분에 유럽 와인에서 보는 타닌감도 살아있습니다. 식중주로 충분히 즐길 수 있으며, 진한 맛이 좋은 만큼 다소 양념이 된 고기류와도 좋습니다. 불고기, 양념갈비 등을 추천합니다."
394,394,젤코바캠벨와인,,3.0,4.0,2.0,3,,,과실주,13.5,750ml,62500,"유기농캠벨포도,유기농설탕","포도,",농업회사법인(주)젤코바와이너리,베리류,"캠벨얼리 특유의 맑은 붉은빛을 가진 레드와인입니다. 일상에서 자주 접하는 포도향이 물씬 나는 와인입니다. 그렇다고 해서 맛도 마냥 단맛으로 일괄되지는 않습니다. 적절한 산미와 작게나마 타닌감이 느껴집니다. 오히려 단맛은 적은 편으로 다양한 음식과 매칭이 가능합니다. 와인 특유의 맛을 즐기고 싶다면 제철별로 나오는 산나물이 좋으며, 한식을 베이스로 한 육류요리와도 좋습니다. 흰 살 생선 및 붉은 살 생선에도 적절히 잘 어울립니다."
395,395,젤코바프리미엄와인,,1.0,4.0,2.0,4,,,과실주,12,500ml/750ml,,"국내산산머루,MBA포도","포도,머루,",농업회사법인(주)젤코바와이너리,베리류,"산머루 특유의 진한 루비색을 가진 레드 와인. 포도의 향기는 물론 포도가지, 껍질까지 포함한 진하고 깊은 향을 가지고 있습니다. 첫맛은 상큼한 산미가 입안을 치며, 다소 단맛이 스치듯 지나가지만 이내 레드와인 특유의 타닌감으로 입속을 마무리합니다. 단맛이 적고 떫은맛이 좋아 식중주로 추천하고 싶으며 육류와 절대적으로 잘 어울리는 와인입니다. 특히 생고기류 하고도 잘 어울리겠지만, 양념 소갈비, 육전 등 맛이 가미된 고기류를 추천합니다."
396,396,조선주조사,,3.0,3.0,2.0,3,,,약주/청주,14,300ml/700ml,,"쌀,입국,누룩,주정,정제수","쌀,",농업회사법인우포의아침(주),홈술,"약주 특유의 담황색을 가지고 있지만 한약 향 등은 전혀 느껴지지 않는 맑은술입니다. 옥수수에서 나오는 듯 한 고소함이 있으며, 입속에 머금는 순간 적절한 부드러움이 느껴집니다. 단맛, 신맛 등의 조화가 잘 이뤄져 있어서 부담되지 않는 맛과 향을 가지고 있습니다. 집안에서 홈술로 즐기기 좋은 술이며, 김치찌개, 된장찌개 등 일상의 음식과 즐기기 좋습니다."
397,397,조은술세종바나나주,,3.0,1.0,3.0,4,,,기타주류,4,750ml,1700,"쌀,국,정제수,바나나농축액,조제종국,효모,물엿등","쌀,",조은술세종,과일류,산미가 적고 단맛이 강하고 마치 바나나 음료를 마시는 듯하다. 남녀노소 언제든 편하게 마실 수 있는 막걸리다. 열대과일과 잘 어울린다.
398,398,주몽복분자주,,3.0,1.0,1.0,3,,,기타주류,16,375ml,5000,"쌀,복분자","쌀,복분자,",농업회사법인(유)술소리,베리류,"육류소금구이  양념에 재우지 않은 생고기를 달군 불판에 바로 익혀 먹으면 육류의 담백한 맛을 느낄 수 있어서 좋은데, 고기 육즙에서 배어나오는 잡내와 느끼함을 복분자주의 달콤함과 과일향의 뒷맛이 깔끔하게 잡아준다."
399,399,주산지막걸리,,2.0,1.0,2.0,2,,,탁주,6,750ml,1200,"쌀,밀가루,누룩,입국,효모,고과당,물엿,아스파탐,삭카린나트륨,정제수","쌀,밀,",청송양조장,,진한 아이보리 빛깔에 고소한 향이 특징입니다. 술 맛은 전체적으로 단맛과 신맛의 조화가 잘 갖춰져 있고 입 안의 느낌이 개운합니다. 술을 마시고 난 후 약간의 텁텁함이 남는데 이것이 음식을 당기게 합니다. 양념된 고기류와 잘 어울립니다.
400,400,주시락톡쏘는복분자막걸리,,5.0,1.0,3.0,5,,,탁주,6,750ml,1800,"쌀,정제수,쌀입국,복분자원액,효모등","쌀,복분자,",가평우리술,,
401,401,죽력고,4.0,,,,3,2.0,,증류주,32,700ml,60000,"국내산쌀,죽력,누룩,정제수","쌀,",태인합동주조,선물,죽력고는 연록색을 띠며 알싸하고 상쾌한 맛이 나며 대나무 특유의 향이 납니다. 살짝 한약냄새가 나면서 알코올 두수 35%의 고도주답게 강한 알코올 향이 느껴집니다. 첫맛은 청량감 있게 다가오지만 살짝 단맛이 느껴지고 진한 알코올 기운이 혀를 자극합니다. 죽력고의 안주로는 담백한 음식도 좋지만 단맛이 살짝 도는 떡갈비와 같은 안주도 잘 어울립니다.
402,402,죽향생막걸리,,1.0,2.0,4.0,1,,,탁주,6,750ml,2000,"쌀,정제효소,젖산,효모,아스파탐,정제수","쌀,",농업회사법인(주)죽향도가,,연한 아이보리 빛깔에 곡물향이 은은하게 스쳐 지나갑니다. 단맛이 적고 산뜻한 신맛이 매력적인 술입니다. 술을 마시고 난 후에도 가벼운 산미와 시원함이 더운날 시원한 바람에 흔들리는 대나무와 같습니다. 죽순무침과 함께 마시면 더할 나위 없습니다.
403,403,줄포생막걸리,,2.0,2.0,3.0,4,,,탁주,6,750ml,1200,"쌀,종국정제수,누룩,효모,아스파탐","쌀,",내변산(동진주조),,"주꾸미볶음, 홍어무침 칼칼한 주꾸미볶음에 줄포 생 막걸리를 곁들이면 청량감과 어울려지는 깔끔한 맛을 느낄 수 있으며 홍어무침과 곁들이면 홍어 특유의 맛을 더욱더 살려줄 수 있다."
404,404,지란지교무화과탁주,,4.0,4.0,1.0,4,,4.0,탁주,12,500ml,,"찹쌀,멥쌀,전통누룩,정제수,무화과청,레드비트분말,밀함유","쌀,찹쌀,밀,",(유)친구들의술지란지교,과일류,"갈치조림, 고등어무조림, 무화과타르트"
405,405,지란지교약주,,4.0,4.0,,4,,4.0,약주/청주,17,375ml/500ml,,"찹쌀·멥쌀,전통누룩,정제수,밀함유","쌀,찹쌀,밀,",(유)친구들의술지란지교,무감미료,"오징어초무침, 고등어김치찜, 연어포케"
406,406,지란지교탁주,,4.0,4.0,1.0,4,,4.0,탁주,13,500ml,,"탁주찹쌀,멥쌀,누룩,정제수","쌀,찹쌀,",(유)친구들의술지란지교,,
407,407,지리산정담생막걸리,,1.0,3.0,2.0,1,,,탁주,6,750ml,1500,"쌀,종국,정제수,누룩,효모","쌀,",지리산그린영농조합운봉주조,,색의 희고 맑으며 곡물에 압력을 가했을 때 나오는 고소한 향이 올라온다. 단맛이 적고 맑은 산미가 입안 전체에 침이 고이게 하고 산뜻하게 만든다. 막걸리를 마시고 난 뒤에 혀에 남는 고소함이 매력적이다. 신선한 과일 샐러드와 잘 어울린다.
408,408,지리산허브잎술,,1.0,2.0,2.0,1,,,탁주,6,750ml,1500,"쌀,종국,정제수,누룩,효모,국내산허브","쌀,",지리산그린영농조합운봉주조,,"홍어회 무침, 골뱅이 무침"
409,409,지장수생막걸리,,3.0,2.0,3.0,3,,,탁주,6,750ml,1300,"정제수,쌀,효모,누룩,과당등","쌀,",낙천,,
410,410,지장수호박막걸리,,2.0,1.0,1.0,2,,,탁주,6,550ml,5000,"정제수,쌀,효모,누룩,과당등","쌀,",낙천,,두부김치 잘 익은 김치와 담백한 맛의 두부를 호박막걸리와 함께하면 깊고 부드러운 맛과 어울러져서 호박막걸리의 맛을 더욱 돋구어준다.
411,411,지장수호박생막걸리,,3.0,1.0,2.0,2,,,탁주,6,750ml,1400,"정제수,쌀,효모,누룩,과당등","쌀,",낙천,,단맛과 신맛의 균형이 잘 잡혀져 있으며 바디감과 목넘김이 가볍습니다. 입 안을 감싸는 크림과 같은 부드러움이 있으면서 약한 텁텁함이 음식을 부릅니다. 메밀전과 어울립니다.
412,412,지평생쌀막걸리,,4.0,1.0,4.0,2,,,탁주,5,1.7L,2700,"쌀,정제수,국,효모,정제효소등","쌀,",지평주조,가성비,전형적인 밀가루 막걸리입니다. 입국에 의한 발효취가 강하게 올라오고 밀가루 막걸리 특유의 걸쭉함과 텁텁함이 있습니다. 단맛이 강하고 산미는 적습니다. 파김치가 적격입니다
413,413,지평생옛막걸리,,4.0,1.0,2.0,2,,,탁주,5,1.7L,2500,"밀,정제수,국,분말종국,효모,정제효소등","밀,",지평주조,가성비,전형적인 밀가루 막걸리입니다. 입국에 의한 발효취가 강하게 올라오고 밀가루 막걸리 특유의 걸쭉함과 텁텁함이 있습니다. 단맛이 강하고 산미는 적습니다. 파김치가 적격입니다
414,414,진도홍주루비콘,3.0,3.0,,,3,,,기타주류,40,375ml,10000,"쌀,누룩,지초,정제수","쌀,",대대로영농조합법인,,진도홍주 38%와 비교해서 거의 맛이 비슷합니다. 뿌리식물에서 나는 신선한 향이 올라옵니다. 알코올도수가 높지만 입 안에서는 매우 부드럽고 입술과 혀를 자극시키지 않습니다. 목넘김이 깔끔하고 박하와 같은 느낌이 듭니다. 조개찜 등과 잘 어울립니다.
415,415,진맥소주22,3.0,,,,2,2.0,,증류주,22,375ml,22000,유기농우리밀,"밀,",농업회사법인(주)밀과노닐다,홈술,증류주에서도 감칠맛이 날 수 있다는 것을 보여줄 수 있는 거의 유일한 술일듯합니다. 증류한 술에 물을 희석하면 밍밍한 맛이 많이나게 되는데 이 술은 물과 증류원액의 밸런스가 잘 잡혀있습니다. 이것은 오랜 숙성이 되어야만 가능한 맛입니다. 너무 차게 마시게 되면 진맥소주의 가장 큰 장점이라고 할 수 있는 감칠맛을 못 느낄 수 있으니 20도 정도에서 마시길 권장합니다. 돼지고기 수육과 환상의 궁합입니다.
416,416,진맥소주40,4.0,,,,2,3.0,,증류주,40,200ml/500ml,,유기농우리밀,"밀,",농업회사법인(주)밀과노닐다,홈술,"오리고기, 곱창"
417,417,진맥소주53,4.0,,,,3,4.0,,증류주,53,200ml/500ml,,유기농우리밀,"밀,",농업회사법인(주)밀과노닐다,,
418,418,진심홍삼인삼주19,,1.0,0.0,0.0,3,,,증류주,19,375ml,7000,"쌀,정제주정,인삼침출액,홍삼농축액,고과당등","쌀,삼,",태평주가,삼(蔘)류,"구절판, 삼겹살구이  저녁 식사 때 삼겹살구이와 한잔하면 잘 어울린다. 구절판은 밀전병을 색깔별로 부쳐내고, 쇠고기, 버섯을 비롯한 갖가지재료가 많이 들어가는 음식으로 진심홍삼인삼주의 깊고 고급스런 분위기와 잘 어울린다."
419,419,진심홍삼인삼주38,,1.0,0.0,0.0,2,,,증류주,38,750ml,70000,"쌀,정제주정,인삼침출액,홍삼농축액,고과당등","쌀,삼,",태평주가,,
420,420,진심홍삼주19,,3.0,1.0,1.0,2,,,증류주,19,375ml,3000,"쌀,정제주정,인삼침출액,홍삼농축액,고과당등","쌀,삼,",태평주가,,
421,421,진쾌남,3.0,,,,3,4.0,,기타주류,25,330ml,8500,"국내산쌀,밤,누룩,구기자,오미자,산수유,오가피,동충하초,정제수","쌀,오미자,구기자,밤,산수유,오가피,",농업회사법인사곡양조원,,삼계탕 등 보양음식
422,422,찰막걸리,,2.0,2.0,3.0,2,,,탁주,5.5,750ml,,"정제수,쌀,밀가루,찹쌀,입국,효모정제효소제,아스파탐","쌀,찹쌀,밀,",(주)1932포천일동막걸리,,
423,423,창원생탁주,,3.0,3.0,3.0,3,,,탁주,6,750ml,,"쌀,누룩,효소,아스파탐,정제수","쌀,",농업회사법인우포의아침(주),,
424,424,천년담주,,2.0,1.0,1.0,4,,,약주/청주,15,500ml,10000,"백미,벌꿀,정제수","꿀,",농업회사법인(주)죽향도가,,
425,425,천년전주생막걸리,,1.0,1.0,2.0,3,,,탁주,6,750ml,1300,"정제수,쌀,소맥분,수쿠랄로스,효모,젖산,정제효소","쌀,",(유)산에들에농업회사법인,,
426,426,천년주,2.0,,,,2,3.0,,증류주,25,375ml,15000,"쌀,천년초,조효소제,효모,젖산,정제효소,구연산,정제수","쌀,",농업회사법인(주)영덕주조,,
427,427,천등산차례주,,3.0,2.0,2.0,3,,,약주/청주,11,700ml,,"쌀,구연산,효모,젖산,정제효소제,국,주정,정제수","쌀,",고헌정영농조합법인,,
428,428,천마몽,2.0,3.0,,,3,,,기타주류,38,375ml,15000,"쌀,누룩,효모,천마,정제수","쌀,",덕유양조,,
429,429,천마이야기,,2.0,2.0,2.0,5,,,탁주,6,750ml,1500,"팽화미,입국미,무주천마분말,오미자추출액","오미자,",농업회사법인산들벗(주),,"도토리묵, 골뱅이무침 소화기능을 촉진시켜 입맛을 돋우어주는 도토리와 타우린이 풍부하여 노화방지에도 탁월한 골뱅이를 새콤달콤하게 무쳐서 천마이야기 막걸리와 함께하면 상쾌한 탄산의 맛과 어울려 음식을 맛을 더욱 돋구어 준다."
430,430,천매,3.0,2.0,,,4,,,기타주류,30,600ml,130000,"매실주원액,발효주정,정제수,꿀","꿀,",더한주류,,
431,431,천비향오양주약주,,2.0,2.0,1.0,3,,,약주/청주,16,500ml,40000,"국내산쌀,누룩","쌀,",농업회사법인(주)좋은술,파티,투명한 황금색 빛깔의 술로 알코올 향에 곡물의 고소한 향이 섞여 올라온다. 입 안에 넣으면 전체적으로 옅은 쓴맛이 깔리고 그 위에 단맛과 신맛의 조화가 잘 갖춰 있다. 술을 마시고 난 후에 잔여 알코올의 묵직함이 남아있고 매우 부드러운 것이 특징이다. 숯에 구운 소고기와 함께 마시면 좋다.
432,432,천비향오양주탁주,,2.0,2.0,1.0,3,,,탁주,14,500ml,18000,"국내산쌀,누룩","쌀,",농업회사법인(주)좋은술,선물,"진한 아이보리 색깔을 가지고 있으며, 타 막걸리 보다 도수가 높아 곡물 발효향이 알코올 향에 섞여 올라오는 것이 특징이다. 발효 기간이 길어 탄산에 의한 청량감은 없지만 술 맛은 산뜻한 산미가 전체적인 맛을 이끌고 있지만 어느 하나 맛이 튀지 않고 단맛, 신맛 등 오미의 조화가 잘 갖춰져 있다. 파스타 등 맛이 강하지 않은 면 요리와 잘 어울린다."
433,433,천비향화주,5.0,,,,2,4.0,,증류주,40,375ml,50000,"국내산쌀,누룩","쌀,",농업회사법인(주)좋은술,선물,"상압방식의 증류식 소주로 익은 곡물과 훈연된 향이 짙게 올라오는 것이 특징이며, 알코올 도수에 비해 자극적이지 않고 입 안을 뜨겁게 만들어 술 이름 그대로이다. 오리 주물럭과 잘 어울린다."
434,434,천안연미주,,2.0,3.0,4.0,2,,,약주/청주,13,360ml,5000,"백미,한약재홍삼외가지","삼,약재,",농업회사법인입장주조㈜,,"야채샐러드 양배추, 방울토마토, 적채 등의 채소에 소스를 섞어서 먹는데 소스는 두부, 견과류, 올리브유, 식초 등으로 맛을 낸다. 상큼하고 달달한 과실향이나는 연미주와 조화를 이뤄 자극 없이 술 마시기에 좋다."
435,435,천지주가햅쌀생막걸리,,3.0,2.0,2.0,5,,,탁주,6,750ml,1400,"쌀,정제수,국,효모등","쌀,",(유)산에들에농업회사법인,,
436,436,청남대블루베리생막걸리,,3.0,2.0,3.0,2,,,탁주,6,750ml,,"국내산쌀,블루베리엑기스,효모,조효소재,물엿,아스파탐,정제수","쌀,베리,",농업회사법인명세주가(주),,
437,437,청명주,,4.0,4.0,2.0,4,,,약주/청주,17,500ml,23000,"국내산찹쌀,누룩,소맥분","쌀,찹쌀,",중원당,선물,"생선전, 회, 초밥 등"
438,438,청산녹수꿀막걸리,,1.0,2.0,3.0,4,,,탁주,8,750ml,,"쌀,벌꿀,사과농축액,효모,정제효소","쌀,사과,꿀,",농업회사법인(주)청산녹수,,독특하게 곡물의 고소함과 유자 향이 섞여 올라온다. 술을 입에 넣으면 단맛은 매우 적고 산미와 쓴맛의 조화가 매우 잘 갖춰져 있다. 목넘김은 매우 부드럽지만 쓴맛이 입 안의 느낌을 묵직하게 만들어 준다. 양념 갈비와 잘 어울린다.
439,439,청산녹수사미인주,,2.0,2.0,4.0,3,,,탁주,8,750ml,,"유기농햅쌀,벌꿀,입국,누룩,효모,정제수","쌀,꿀,",농업회사법인(주)청산녹수,무감미료,리코타 치즈 샐러드
440,440,청산녹수생탁주,,1.0,3.0,3.0,3,,,탁주,6,750ml,,"쌀,사과농축액,효모,정제효소","쌀,사과,",농업회사법인(주)청산녹수,,단맛이 적어 다양한 음식과의 조화를 만들 수 있다. 닭도리탕이나 양념된 고기류와 잘 어울린다.
441,441,청세주,,3.0,1.0,1.0,4,,,약주/청주,18,375ml,4000,쌀,"쌀,",병영주조장,,"제육볶음, 닭갈비구이 돼지고기와 마늘을 함께 먹으면 비타민B₁의 체내흡수율을 높인다고 하고, 닭고기는 다른 육류에 비해 단백질이 높고 소화가 잘되어서 술안주로 좋다. 한약재를 첨가해 한약향이 나는 청세주가 매콤달콤한 양념과 잘 어울린다."
442,442,청송얼음골동동주,,2.0,3.0,4.0,2,,,탁주,6,"1,200ml",1800,"쌀,밀가루,누룩,입국,효모,아스파탐,청송사과액즙,정제수","쌀,사과,밀,",청송양조장,,
443,443,청송주왕사과막걸리,,2.0,3.0,4.0,2,,,탁주,6,750ml,1500,"쌀,밀가루,누룩,입국,효모,아스파탐,청송사과액즙,정제수","쌀,사과,밀,",청송양조장,,
444,444,청양둔송구기주,,3.0,1.0,1.0,2,,,약주/청주,16,700ml,,"쌀,누룩,구기자,감초,두충껍질","쌀,구기자,감초,",청양둔송구기주,선물,양념된 고기류
445,445,청진주,,2.0,2.0,1.0,1,,,약주/청주,16,375ml,30000,"찹쌀,누룩,정제수","쌀,찹쌀,",전통주연구개발원,선물,"맑은 황금빛을 가진 술로 과일, 곡물, 버섯 등의 독특한 향을 맡을 수 있는 것이 이 술의 특징이다. 어느 하나 맛이 튀지 않고 단맛과 신맛, 쓴맛의 조화가 잘 갖춰져 있고 술을 마시고 난 후에도 입 안이 산뜻하고 맨 뒤에 남는 연한 쓴맛이 음식과 잘 어울리게 만들어 준다. 새우 소금구이와 잘 어울린다."
446,446,청춘,,2.0,2.0,1.0,3,,,약주/청주,15,750ml,20000,"쌀,누룩,정제수","쌀,",농업회사법인신탄진주조(주),,
447,447,초선의꿈로제,,1.0,3.0,,2,4.0,,과실주,12,375ml,20000,국내산포도,"포도,",여포와인농장,기념일,"눈을 황홀하게 하는 아름다운 로제와인의 색에 은은하게 올라오는 베리향, 오미의 균형이 잘 갖춰져 있으며 바디감이 있고 목넘김이 깨끗하다. 견과류와 잘 어울린다."
448,448,추사40,5.0,,,,3,1.0,,증류주,40,500ml,60000,사과,"사과,",예산사과와인(주),과일류,"오크통에서 오랜 숙성으로 생긴 훈연 된 나무향과 달콤한 향이 코를 자극시키며, 알코올 도수에 비해 자극적이지 않고 입 안에서 부드럽게 퍼져나가는 것이 오랜 숙성의 여운이다. 술을 마시고 난 후에도 매우 깔끔하고 부드럽다. 생굴과 잘 어울린다."
449,449,추사로제,,2.0,3.0,2.0,1,,,과실주,12,375ml,20000,사과,"사과,",예산사과와인(주),,
450,450,추사백25,4.0,3.0,,,2,2.0,4.0,증류주,25,350ml,12000,"증류원액,정제수",,예산사과와인,과일류,"생갈비, 지리탕"
451,451,추사블루,,3.0,1.0,2.0,3,,,과실주,12,375ml,20000,블루베리,"베리,",예산사과와인(주),이색전통주,붉은 흑진주와 같고 잘 익은 과실향이 진하게 올라온다. 입에 넣는 순간 맛있게 느껴지며 처음에는 단맛 그리고 다음에는 연한 신맛이 뒤를 받쳐준다. 처음부터 끝까지 술의 맛이 살아있으며 적절한 산미가 목넘김을 부드럽게 만들어준다. 블루베리나 사과로 만든 파이와 함께 먹으면 좋다.
452,452,추사애플와인,,3.0,1.0,2.0,3,,,과실주,12,375ml,20000,사과,"사과,",예산사과와인(주),선물,물처럼 맑은 빛깔을 가지고 있으며 과실의 발효향이 코를 자극시킨다. 바로 마시는 것 보다는 디켄팅을 충분히 한 후에 마시면 더욱 맛있게 즐길 수 있다. 매우 맛있는 단맛이 입 전체로 퍼지는데 그 여운이 아주 길게 남고 적절한 산미가 입 안을 시원하게 만들어 준다. 닭 백숙과 함께 먹으면 좋다.
453,453,추성주,,2.0,0.0,3.0,2,,,증류주,25,700ml,80000,"쌀,정제수,누룩,오미자,구기자,상심자,갈근","쌀,오미자,구기자,",추성고을,선물,"갈치조림, 죽순회무침  갈치는 살이 희고 부드러우며 감칠맛이 있는데 중간크기로 새벽과 아침녘에 잡힌것이 더 맛있다고 한다. 죽순회무침은 데친갑오징어, 오이, 당근, 미나리, 풋고추와 함께 초고추장으로 버무린 담양군의 향토음식으로 한약재향이 그윽한 추성주와 잘 어울린다."
454,454,추시와인,,3.0,2.0,2.0,3,,,기타주류,12.5,750ml,16000,감,,양촌감영농조합법인,,
455,455,충주백주,4.0,,,,3,2.0,,증류주,35,375ml,7800,"쌀증류원액,당귀,아스파탐,아세설팜K,구연산,정제수","쌀,",고헌정영농조합법인,,
456,456,컨츄리산머루와인드라이,,1.0,3.0,,3,4.0,,과실주,14,750ml,20000,국산산머루원액,"머루,",컨츄리농원,,
457,457,컨츄리산머루와인스위트,,2.0,3.0,,2,2.0,,과실주,12,750ml,20000,국산산머루원액,"머루,",컨츄리농원,,
458,458,컨츄리와인캠벨얼리스위트,,3.0,1.0,,3,4.0,,과실주,12,750ml,15000,국산포도원액,"포도,",컨츄리농원,,
459,459,코이버펑크머스캣베일리에이,,3.0,3.0,3.0,4,,,과실주,12,750ml,65000,와이너리재배포도,"포도,",코이버펑크,베리류,"머스캣 베일리 에이(Muscat Baily A)는 다른 머스캣 베일리 에이 와인과 달리 더 좋은 복합성을 지니고 있다. 라즈베리, 딸기, 블랙 베리 등 다양한 베리류 과실과 토스트, 후추, 스파이스 등 가벼운 오크향이 이상적으로 어우러져 입안에 퍼진다. 전체적으로 무겁지 않은 타닌감이 구조를 잘 이룬다. 고추장, 된장 등 한국 장 요리와 잘 어울리는 약간의 단맛의 여운이 길게 이어지는 특징이 좋은 와인이다."
460,460,코이버펑크샤르도네세미용블랜드,,2.0,4.0,4.0,3,,,과실주,11,750ml,65000,와이너리재배포도,"포도,",코이버펑크,베리류,한식
461,461,코이버펑크카베르네소비뇽,,1.0,2.0,2.0,3,,,과실주,12,750ml,,코이버펑크,,"고성찬,이금자,정재학",베리류,한식 / 중식 / 동남아 음식
462,462,쿨샷7.5,,3.0,1.0,2.0,2,,,과실주,7.5,300ml,,"복분자과실,주정,효모,구연산,정제수","복분자,",농업회사법인고창선운산(유),저도수,분홍빛이 연하게 섞인 흑진주와 닮았다. 보통의 과실주에 비해 알코올 도수가 낮아 누구라도 편하게 즐길 수 있으며 복분자 과실향이 달콤함과 섞여 향만으로 술을 빨리 마셔보게 만드는 것이 특징인 술이다. 전체적으로 옅은 단맛이 중심을 잡고 있어 술을 잘 마시지 못하는 사람들도 편하게 마실 수 있다. 달콤한 케익 등과 잘 어울린다.
463,463,크라테레드와인드라이,,2.0,2.0,3.0,3,,,과실주,11.5,750ml,48000,산머루,"머루,",수도산와이너리,,
464,464,크라테레드와인스위트,,4.0,2.0,3.0,1,,,과실주,11.5,750ml,48000,산머루,"머루,",수도산와이너리,,
465,465,크라테로제와인,,4.0,1.0,3.0,3,,,과실주,11.5,375ml,18000,산머루,"머루,",수도산와이너리,,
466,466,타미앙스,,1.0,1.0,2.0,4,,,증류주,40,500ml,50000,"쌀,정제수,누룩,오미자,구기자,상심자,갈근","쌀,오미자,구기자,",추성고을,선물,"떡갈비, 양곱창구이  떡갈비에 돔배젓, 토하젓, 진석화젓을 상추에 싸서 먹는다면 술안주로 금상첨화이다. 곱창은 담백하고 고소한 맛을 내어 예로부터 영양강장식품으로 전해오며 타미앙스의 맛과 향이 고기 맛을 살려준다."
467,467,톡쏘는알밤동동,,4.0,1.0,3.0,3,,,기타주류,6,350ml,1300,"쌀,정제수,입국,밤농축액,밤추출물등","쌀,밤,",가평우리술,,기본 원료가 되는 쌀의 부드러움을 갖고 있으며 단맛이 강하고 산미가 적다. 밤농축액과 밤시럽이 들어가 어렸을 때 먹은 밤맛 아이스크림이 생각난다. 특별한 안주 없이 술만 마셔도 맛있게 먹을 수 있는 술이다.
468,468,톡한잔골드,3.0,3.0,,,4,,,기타주류,43,500ml,49000,"찰보리,쌀,민들레분말,볶음보리","쌀,보리,",농업회사법인(유)대마주조,,
469,469,톡한잔소주,2.0,2.0,,,3,,,증류주,30,500ml,10000,"찰보리,쌀","쌀,보리,",농업회사법인(유)대마주조,,"육류, 장어구이  담백한 육류 요리와 톡 한잔 소주만의 깔끔한 맛이 고유의 술맛을 잘 살려주며 장어구이에 함께 하면 장어만의 이취를 제거하여 부담 없이 먹기에 더욱 좋다."
470,470,티나Tina,4.0,,,,5,4.0,,기타주류,16,750ml,54000,"딸기추출물,죽력,정제수,주정,액상과당,구연산,딸기향,망고향",,추성고을,이색전통주,
471,471,펀치쌀바나나 ,,3.0,1.0,2.0,4,,,기타주류,4,750ml,2000,"쌀,바나나농축액,효모,종곡,정제수,합성착향료,합성감미료","쌀,",내변산(동진주조),,
472,472,편백숲산소막걸리,,3.0,3.0,3.0,3,,,탁주,5.2,750ml,1900,"멥쌀,올리고당,사과농축액,누룩,아스파탐","쌀,사과,",농업회사법인(주)청산녹수,저도수,"묵은 김치를 곁들인 홍어삼합이나 겉절이 김치를 곁들인 보쌈, 부침이나 전류와도 잘 어울린다."
473,473,편백숲산소막걸리딸기스파클링,,3.0,2.0,5.0,3,,,탁주,6.8,940ml,41000,"멥쌀,찹쌀,누룩,딸기,올리고당","쌀,찹쌀,",농업회사법인(주)청산녹수,이색전통주,"묵은 김치를 곁들인 홍어삼합이나 겉절이 김치를 곁들인 보쌈, 부침이나 전류와도 잘 어울린다."
474,474,편백숲산소막걸리순수령,,3.0,1.0,1.0,4,,,탁주,5.8,750ml,4000,"멥쌀,찹쌀,누룩","쌀,찹쌀,",농업회사법인(주)청산녹수,홈술,"묵은 김치를 곁들인 홍어삼합이나 겉절이 김치를 곁들인 보쌈, 부침이나 전류와도 잘 어울린다."
475,475,평창머루주,,1.0,3.0,1.0,4,,,과실주,16,360ml,,국내산산머루,"머루,",농업회사법인(주)홍지원,,
476,476,평창오디주,,1.0,3.0,1.0,3,,,과실주,16,360ml,,국내산오디,"오디,",농업회사법인(주)홍지원,,
477,477,포엠레드드라이와인,,2.0,3.0,2.0,4,,,과실주,12,750ml,25000,"포도,머루","포도,머루,",갈기산포도농원(주)농업회사법인,,
478,478,포엠레드스위트와인,,4.0,3.0,3.0,3,,,과실주,12,750ml,25000,포도,"포도,",갈기산포도농원(주)농업회사법인,,
479,479,포엠로제와인,,4.0,3.0,3.0,3,,,과실주,12,750ml,35000,포도,"포도,",갈기산포도농원(주)농업회사법인,,
480,480,포엠화이트와인,,4.0,4.0,4.0,3,,,과실주,12,750ml,35000,청포도,"포도,",갈기산포도농원(주)농업회사법인,과일류,"생선회, 뽈뽀, 바지락술찜, 생선튀김"
481,481,풍남문,,2.0,3.0,4.0,2,,,기타주류,5,1000ml,,"보리,맥아,호프펠렛,효모,정제효소제,정제수","보리,",농업회사법인동문거리양조장(주)(전주술로시티),,
482,482,풍정사계동,3.0,2.0,,,3,,,증류주,"42,25",375ml,,"국내산찹살,향온곡",,농업회사법인(유)화양,선물,"도미찜, 고기요리"
483,483,풍정사계추,,1.0,2.0,1.0,4,,,탁주,12,500ml,15000,"국내산찹살,향온곡",,농업회사법인(유)화양,선물,완자전
484,484,풍정사계춘,,2.0,1.0,1.0,3,,,약주/청주,15,500ml,30000,"국내산찹살,향온곡",,농업회사법인(유)화양,선물,"봄동 무침, 냉이 튀김, 두릅 숙회 등"
485,485,풍정사계하,,4.0,1.0,1.0,3,,,약주/청주,18,500ml,35000,"국내산찹살,향온곡",,농업회사법인(유)화양,,
486,486,하향주,,3.0,3.0,1.0,4,,,약주/청주,17,750ml,45000,"국내산찹쌀,누룩,정제수","쌀,찹쌀,",하향주가영농조합법인,,"부드러운 나물안주 나물은 담백하여 맛이 강하지 않고 순하고 부드러워, 하향주의 은은하고 기품 있는 연꽃향을 느낄 수 있어서 함께 하면 좋다."
487,487,하향주증류주,3.0,,,,4,3.0,,증류주,45,700ml,70000,"국내산찹쌀,누룩,정제수","쌀,찹쌀,",하향주가영농조합법인,,
488,488,한비동충하초술,4.0,,,,4,1.0,,기타주류,35,375ml/750ml,,"국내산쌀,누룩,가시오가피뿌리,동충하초,정제수","쌀,오가피,",제천한약영농조합법인,,"증류주와 동충하초가 잘 어우러진 리큐르로 연한 호박색을 가지고 있으며, 향은 산뜻하면서도 오크통에 숙성된 훈연 된 나무 향이 매력적이다. 입 안에 퍼지는 산뜻함과 단맛, 부드러움이 잘 갖춰진 술이다. 삼계탕과 잘 어울린다."
489,489,한비무병장수술,5.0,,,,4,2.0,,기타주류,35,375ml/750ml,,"국내산쌀,흑삼,인삼,오가피,오미자,구기자,복분자,차전자,토사자,산수유","쌀,오미자,복분자,구기자,삼,산수유,오가피,",제천한약영농조합법인,삼(蔘)류,"증류주에 복분자, 오미자 등 다양한 약재가 들어가 짙은 호박색을 가지고 있으며 복잡한 약재의 향이 매우 풍만하게 올라온다. 도수에 비해 매우 부드러우며 혀에 남는 약재의 쓴맛이 마치 약을 마시는 듯하다. 추어탕과 잘 어울린다."
490,490,한비쌀소주,2.0,,,,2,3.0,,증류주,40,375ml/750ml,,"국내산쌀,누룩,정제수","쌀,",제천한약영농조합법인,,"향이 강하지는 않지만 쌀을 발효시켜 증류했을 때의 고소함이 미세하게 올라오며, 아주 미세하게 산미가 느껴져 산뜻함을 가지고 있는 것이 특징이다. 입 안에 퍼지는 고소함이 매력적인 술이다. 백숙과 잘 어울린다."
491,491,한비오가피술,2.0,,,,3,2.0,,기타주류,35,375ml/750ml,,"국내산쌀,누룩,가시오가피뿌리,정제수","쌀,오가피,",제천한약영농조합법인,,"진한 호박색의 리큐르로 산뜻한 향이 올라오며, 약간의 단맛과 쓴맛이 오가피와 잘 어울린다. 도수에 비해 독하지 않고 목 넘김이 매우 부드러운 것이 특징이다. 탕수육 등 기름진 중국음식과 잘 어울린다."
492,492,한산소곡주,,3.0,1.0,,4,4.0,,약주/청주,18,360ml,6500,"찹쌀,누룩,백미,정제수,야국,메주콩,생강,홍고추","쌀,찹쌀,생강,",한산소곡주,선물,"미나리전-미나리는 살짝데쳐무쳐먹거나,쌈으로많이먹는데,미나리전은쫄깃한맛에은은한미나리향을입안가득느낄수있으며,소곡주의부드러운맛이그대로전해져소곡주를편안하게즐길수있다."
493,493,한스오차드사과와인,,4.0,3.0,2.0,2,,,과실주,11,750ml,20000,국산사과원액,"사과,",(주)한국애플리즈,홈술,사과 본연의 맛이 좋아 식전 또는 식후에 한잔 곁들이면 좋다. 단맛이 있어 식중주보다는 치즈 및 과일 안주하고 잘 어울린다.
494,494,한시울,4.0,,,,4,3.0,,증류주,40,500ml,18000,"국내산쌀,누룩,효모,구연산,정제수","쌀,",농업회사법인명세주가(주),,
495,495,한주,3.0,,,,3,3.0,,증류주,35,360ml,12000,"국내산쌀,밀누룩,정제수","쌀,밀,",한주양조,,"쌀 소주 특유의 감칠맛과 숙성된 부드러운 맛이 느껴지는 증류식 소주다. 얼음, 탄산 등을 넣어 칵테일로도 즐길 수 있으며, 진한 맛으로 인해 돼기고기류하고도 잘 어울린다."
496,496,해미읍성딸기와인,,3.0,2.0,1.0,3,,,과실주,12,500ml,20000,"해미딸기,아황산염,소르빈산염",,농업회사법인해미읍성딸기와인(주),,
497,497,해미읍성매실와인,,5.0,1.0,2.0,4,,,과실주,12,500ml,20000,"매실,아황산염,소르빈산염",,농업회사법인해미읍성딸기와인(주),,
498,498,해미읍성모과와인,,3.0,2.0,2.0,3,,,과실주,12,500ml,20000,"모과,아황산염,소르빈산염",,농업회사법인해미읍성딸기와인(주),,
499,499,해미읍성살구와인,,3.0,2.0,2.0,3,,,과실주,12,500ml,20000,"살구,아황산염,소르빈산염",,농업회사법인해미읍성딸기와인(주),,
500,500,해방주18.8,2.0,,,,2,2.0,,증류주,18.8,375ml,,"쌀,해방풍,조효소제,효모,젖산,정세효소제,구연산","쌀,",농업회사법인(주)영덕주조,저도수,생선회 또는 고기종류
501,501,해방주38,3.0,,,,3,3.0,,증류주,38,800ml,,"쌀,해방풍,조효소제,효모,젖산,정제효소제,구연산","쌀,",농업회사법인(주)영덕주조,,
502,502,해창12도생막걸리,,1.0,1.0,2.0,2,,,탁주,12,900ml,10000,"햅쌀,찹쌀,물,누룩","쌀,찹쌀,",해창주조장,,
503,503,해창9도생막걸리,,1.0,1.0,2.0,2,,,탁주,9,900ml,6000,"햅쌀,찹쌀,물,누룩","쌀,찹쌀,",해창주조장,홈술,전복구이 외의 모든 음식
504,504,해창찹쌀생막걸리,,1.0,1.0,3.0,2,,,탁주,6,900ml,3000,"햅쌀,찹쌀,물,누룩","쌀,찹쌀,",해창주조장,,
505,505,해파랑,,3.0,1.0,1.0,3,,,약주/청주,13,375ml,10000,"쌀,해방풍,계량누룩,젖산,이소말토올리고당,정제수","쌀,",농업회사법인(주)영덕주조,,
506,506,햇찹쌀이하늘수,,3.0,3.0,3.0,3,,,탁주,6,500ml,1100,"쌀,찹쌀,전통누룩,정제수","쌀,찹쌀,",안양주조장,,
507,507,행운막걸리,,3.0,1.0,1.0,4,,,탁주,6,750ml,1100,"쌀,소맥분,전분당,정제수,정제효소,종국,효모,젖산,아스파탐","쌀,",성포양조장,,
508,508,행운주,,2.0,2.0,2.0,2,,,약주/청주,12,750ml,,"백미,밀누룩,정제수,종국,효모,아스파탐","밀,",성포양조장,,
509,509,향수우리밀막걸리,,2.0,3.0,3.0,5,,,탁주,9,700ml,7900,"우리밀,누룩,정제수,무감미료","밀,",이원양조장,,"도리뱅뱅이. 도토리묵, 겉절이, 나물"
510,510,허니문와인,,4.0,2.0,2.0,2,,,기타주류,10,375ml,35000,국내산벌꿀,"꿀,",아이비영농조합법인,파티,"꿀 고유의 효능으로 한식, 양식, 일식, 중식을 비롯한 분식, 패스트푸드, 쿠키 등 각종 다양한 음식에 감칠맛을 더해준다."
511,511,허니비와인,,3.0,1.0,1.0,4,,,기타주류,8,500ml,35000,국내산벌꿀,"꿀,",아이비영농조합법인,파티,"꿀 고유의 효능으로 한식, 양식, 일식, 중식을 비롯한 분식, 패스트푸드, 쿠키 등 각종 다양한 음식에 감칠맛을 더해준다."
512,512,호담,2.0,2.0,,,2,,,기타주류,20,300ml,18000,"산양산삼,정제수,주정","삼,",대농바이오우리산삼,삼(蔘)류,닭백숙
513,513,호담산양산삼막걸리,,1.0,3.0,3.0,1,,,탁주,6,750ml,,"쌀,입국,산양산삼,정제수,아스파탐","쌀,삼,",대농바이오우리산삼,,"입국과 쌀을 이용한 하얀색의 생막걸리로 곡물 발효 향과 인삼 향이 가득하며, 단맛이 적고 신선한 산미가 전체적으로 술을 깔끔하게 만들어 주는 것이 특징이다. 입 안에 넣으면 삼의 느낌이 꽉 차고 알코올 도수가 높지 않아 자극적이지 않고 편하게 즐길 수 있다. 김치전과 잘 어울린다."
514,514,호담산양산삼주,,1.0,1.0,1.0,3,,,약주/청주,13,375ml,4000,"산양산삼,정제주,주정","삼,",대농바이오우리산삼,,
515,515,호땅,,3.0,1.0,2.0,4,,,기타주류,6,750ml,2700,"쌀,국,효모,정제수,땅콩","쌀,땅콩,",배혜정도가,,
516,516,호랑이생막걸리,,4.0,1.0,2.0,2,,,탁주,6,750ml,2200,"쌀,정제수,국,효모,젖산등","쌀,",배혜정도가,,"족발, 보쌈, 매운 음식"
517,517,호모루덴스,,1.0,2.0,2.0,4,,,탁주,12,500ml,12000,"쌀,누룩,정제수","쌀,",농업회사법인(주)산수,드라이,모든 음식
518,518,혼디주,,4.0,3.0,3.0,2,,,과실주,12,330ml,8000,"감귤,정제수,백설탕,구연산,무수아황산","귤,",농업회사법인(주)시트러스,선물,"생선회, 구이 등 해산물류와 수육, 보쌈 등 육류와 잘 어울린다."
519,519,홍로,4.0,,,,2,2.0,,증류주,45,500ml,50000,"백련,찹쌀,멥쌀,누룩,자초","쌀,찹쌀,",영농조합법인석전상온전통주가,,
520,520,홍삼명주,,1.0,3.0,,1,5.0,,기타주류,14,375ml,12000,"홍삼추출액,효모,정백당,정제수","삼,",자연과인삼,삼(蔘)류,"참치, 삼겹살, 목살, 양꼬치, 장어, 백숙 등"
521,521,홍천강탁주,,2.0,3.0,2.0,4,,,탁주,11,500ml,10000,"홍천쌀,정제수,국","쌀,",예술,,
522,522,화주,2.0,,,,1,3.0,,증류주,25,375ml,13000,"국내산쌀,홍삼농축액,정제수","쌀,삼,",내국양조,삼(蔘)류,옅은 호박색의 술로 6년근 홍삼이 들어갔지만 삼 특유의 향이 강하지 않고 산뜻한 향이 올라온다. 입 안에서 살짝 단맛과 쓴맛이 교차하고 도수가 높지 않아 부드럽고 목 넘김이 깔끔하다. 삼계탕과 잘 어울린다.
523,523,황금보리소주17,2.0,,,,2,2.0,,증류주,17,375ml,,"보리,누룩,정제수","보리,",황금보리(유)농업회사법인,,
524,524,황금보리소주25,3.0,,,,2,2.0,,증류주,25,375ml,,"보리,누룩,정제수","보리,",황금보리(유)농업회사법인,,
525,525,황금보리소주40,3.0,,,,3,3.0,,증류주,40,375ml,,"보리,누룩,정제수","보리,",황금보리(유)농업회사법인,,
526,526,황진이,,3.0,2.0,1.0,3,,,약주/청주,12,375ml,3500,"쌀,오미자,산수유","쌀,오미자,산수유,",농업회사법인(유)술소리,,"완자전, 생선전 황진이주의 부드럽고 상큼한 맛과 다채로운 과일향이 완자전과 생선전의 느끼함과 비린 맛을 잡아주어 좋다."
527,527,황칠주,2.0,,,,2,3.0,,기타주류,16,365ml,9900,"황칠나무잎,정제수,,효모",,왕지케양조장(제주본초협동조합),,
528,528,회곡생동동주,,3.0,2.0,3.0,3,,,탁주,7,"1,200ml",1300,"쌀,입국,누룩,아스파탐,효모,정제수,아세설팜칼륨","쌀,",회곡양조장,,
529,529,회곡생막걸리,,2.0,2.0,2.0,4,,,탁주,6,750ml,1300,"쌀,입국,누룩,아스파탐,효모,정제수,아세설팜칼륨","쌀,",회곡양조장,,
530,530,흑돈주,2.0,,,,2,3.0,,기타주류,16,365ml,12000,"황칠나무,정제수,,효모",,왕지케양조장(제주본초협동조합),,
531,531,희양산막걸리15,,3.0,4.0,1.0,5,,,탁주,15,500ml,9500,"쌀,누룩,정제수","쌀,",두술도가,무감미료,매콤한 볶음류의 음식
532,532,희양산막걸리9,,2.0,3.0,2.0,3,,,탁주,9,750ml,8000,"쌀,누룩,정제수","쌀,",두술도가,무감미료,매콤한 닭볶음탕과 감자탕 등의 조림 요리
