,produc_name,alcholicity,capacity,price,keywords
0,애플 상그리아 6.3도 750ml+케이스,레드,부드러움,22900,"전통주선물,연말선물,충주사과,이벤트,파티,잔치,과실주병,과실주선물,크리스마스,연인커플선물,"
1,진로 토닉워터,페트병,"상품정보 제공고시제품명상품상세참조식품의 유형상품상세참조생산자상품상세참조소재지상품상세참조제조연월일상품상세참조유통기한 또는 품질유지기한상품상세참조포장단위별 내용물의 용량(중량), 수량상품상세참조포장단위별 수량상품상세참조원재료명 및 함량상품상세참조영양성분상품상세참조유전자변형식품에 해당하는 경우의 표시해당사항 없음소비자안전을 위한 주의사항지나친 음주는 뇌졸중, 기억력 손상이나 치매를 유발합니다. 임신 중 음주는 기형아 출생 위험을 높입니다. 19세 미만 판매금지수입식품에 해당하는 경우해당사항 없음",800,"하이볼,에이드,토닉워터,토닉워터300ml,청량감,먹기편한,상큼함,집에서즐기는,30대,청량,"
2,오미자 생막걸리,6.5%,750ml,2800,"전통주선물,새콤달콤한,핑크빛컬러감,수제,홈파티,이색적인,혼술,오미자주,산뜻한,친구선물,"
3,민속주왕주 13도 700ml 선물세트,13%,1400ml,36500,"전통주선물,명절선물,궁중,술잔세트,깊은맛,외국인선물,가족모임,약주잔,국화,"
4,김보성의 의리남 소주 16.5도 360ml,16.5%,360ml,14800,"소주잔,전통주선물,친구선물,외국인선물,재미있는,부드러운,깔끔한,어른선물,명절선물,파티,"
5,이강주 선물세트 29호 25도,25%,1000ml,62000,"전통주선물,외국인선물,어른선물,명절선물,호리병,부모님선물,모임선물,전주명물,"
6,맑은내일 유자,7%,735ml,20000,"전통주선물,집들이선물,유자,시트러스,우리쌀로만든,달달한,취향저격,홈캉스,상큼한,외국인선물,"
7,추성주 흑자 도자기 선물세트,25%,400ml,70000,"전통주선물,명절선물세트,프리미엄선물세트,어른선물,담양죽순,깔끔한,우리쌀로만든,도자기잔세트,한약재,약주잔,"
8,특2호 선물세트,40%,1100ml,65000,"전통주선물,외국인선물,어른선물,도자기잔세트,명절선물세트,추석선물세트,지인선물,깔끔한,술잔세트,깊은맛,"
9,문배술 특1호세트 40도 400ml,40%,800ml,53500,"전통주선물,외국인선물,어른선물,명절선물세트,깊은맛,추석선물세트,술잔,도자기잔세트,무첨가,술잔세트,"
10,양반안동소주 선물세트 연꽃 흑자 45도 600ml+전용잔 1개,45%,600ml,32000,"도자기잔세트,명절선물세트,전통주선물,추석선물세트,어른선물,가족모임,술잔세트,숙성된,명주,안동,"
11,우희열 명인 한산소곡주 어주 선물세트 18도 700ml  잔 2개,18%,700ml,41000,"명인,우리쌀로만든,무첨가,전통주선물,외국인선물,명절선물세트,추석선물세트,설선물세트,"
12,안동소주 일품 특2호 선물세트  40도 400ml x 2병,40%,800ml,69000,"전통주선물,어른선물,명절선물세트,추석선물세트,설선물세트,도자기술잔세트,외국인선물,우리쌀로만든,"
13,문배술 헤리티지 세트 25도 375ml,25%,750ml,30580,"전통주선물,선물하기좋은,추석선물세트,설선물세트,우리쌀로만든,명절선물,깔끔한,깊은맛,술잔세트,"
14,한주양조 서각 25도 400ml + 잔 2EA + 쇼핑백,25%,400ml,29000,"전통주선물,명절선물세트,추석선물세트,우리쌀로만든,어른선물,외국인선물,명주,안성,암반수,무첨가물,"
15,우리술상회 3본입 손잡이 케이스 선물상자,손잡이,상품상세참조,4500,"선물상자소품,선물케이스,손잡이케이스,전통주선물,외국인선물,마음을전하는,명절선물,"
16,영덕주조 블링블링 주간감성 노을별 15도 360ml,15%,360ml,25000,"감성적인,영롱한,블링블링한,전통주선물,명절선물,외국인선물,혼술,원샷,회식,영덕,"
17,영덕주조 블링블링 주간감성 바다별 15도 360ml,15%,360ml,25000,"감성적인,푸른바다,블링블링한,전통주선물,명절선물,외국인선물,혼술,원샷,회식,영덕,"
18,꿀에는 열매가 한가득 모음 오늘도수고했어오미자 도원결의15호랑이 미상25 잭스허니,15~25%,350~360ml,28800,"혼술,전통주선물,명절선물세트,과일주유리병,꿀선물세트,외국인선물,모음,꿀맛,"
19,중원당 청명주 백도자기세트,17%,500ml,40000,"전통주선물,명절선물,추석선물세트,약주잔,차례상,무첨가물,은은한향,감칠맛,담백한,우리쌀로만든,"
20,한주양주 매화 35도 700ml,35%,700ml,42000,"전통주선물,외국인선물,명절선물,어른선물,매화,우리쌀로만든,부드러운,깊은맛,명주,매화도자기,"
21,꿀처럼 끈끈한 우정 모음 의리남 동해소주 밀담 잭스허니,16.5~17.5%,360ml,12900,"깔끔한,꿀선물세트,술자리,전통주선물,꿀아카시아,숙취해소,외국인선물,명절선물,꿀맛,"
22,전통주를 추석을 감싸드리는 선물 모음 추성주주간감성 375ml보자기,25%,350ml,27000,"명절선물세트,보자기포장,선물포장용품,전통주선물,차례상,정성가득,외국인선물,특별선물,추석선물,"
23,블랙홀 온더락 모음 럼PHAT42블랙 진안블랙18도 도원결의15 안동소주일품40 아이스볼메이커,15~40%%,1400ml,32800,"전통주선물,아이스볼,외국인선물,집들이선물,명절선물세트,신나는,집들이,어른선물,찐한,파티,"
24,집들이 선물 모음 럼PHAT블랙42도 추사백25주간감성 도원결의15 의리남소주 우리술상회종이쇼핑백,15~25%%,1385ml,31700,"집들이선물,전통주선물,외국인선물,우리쌀로만든,명절선물,선물세트,어른선물,가족모임,파티,"
25,[내변산] 오디와인 미니어처 세트 13도 90ml 5병+쇼핑백,13%,450ml,12000,"전통주선물,미니어처세트,외국인선물,달달한,명절선물세트,와인세트,뽕,오디,달콤한,풍미,"
26,내변산 양조장 반달곰이 품은 부안참뽕와인 13도 375ml 2병,13%,750ml,22000,"부안,선물세트,전통주선물,외국인선물,명절선물세트,와인세트,뽕,달콤한,오디,"
27,죽향41 골드라벨,41%,375ml,39000,"숙성,전통주선물,담양죽순,명절선물,혼술,외국인선물,우리쌀로만든,유기농,꿀맛,"
28,죽향41 실버라벨,41%,375ml,28000,"숙성,전통주선물,담양죽순,명절선물,혼술,외국인선물,꿀맛,유기농,우리쌀로만든,"
29,백제소주,25%,375ml,20000,"부안,외국인선물,전통주선물,우리쌀로만든,"
30,꿀과 시원하게 의리남소주 한잔해~ 모음 의리남+잭스허니+왕아이스볼+온더락,16.5%,360ml,12600,"꿀선물세트,온더락잔,숙취해소,아이스볼,전통주선물,명절선물세트,술잔세트,"
31,심마니 스칼렛,33%,375ml,30000,"건강에좋은음식,냠냠맛있는,홈캉스,"
32,심마니 스칼렛,22%,375ml,26000,"냠냠맛있는,홈캉스,건강에좋은음식,"
33,심마니 윌리엄,33%,375ml,36000,"홈캉스,냠냠맛있는,건강에좋은음식,"
34,나루 생 막걸리 11.5도 500ml,11.5%,500ml,11000,"홈캉스,혼술,한강돗자리,외국인선물,명절선물,전통주선물,우리쌀로만든,집들이선물,"
35,나루 생 막걸리 6도 935ml,6%,935ml,7000,"냠냠맛있는,홈캉스,혼술,한강돗자리,외국인선물,전통주선물,우리쌀로만든,명절선물,"
36,표문생막걸리,6%,500ml,3500,"냠냠맛있는,우리쌀로만든,전통주선물,외국인선물,명절선물,가족모임,"
37,기분좋은 시작 모음,6~16%,375~750ml,47200,"명절선물세트,추석선물세트,응원,전통주선물,혼술,외국인선물,"
38,마음을 달래는 진한 모음,6~25%,300~360ml,30000,"명절선물세트,추석선물세트,샷잔,마음을전하는,외국인선물,냠냠맛있는,혼술,"
39,전통주 입문자 3종모음,16.5~16.8%,300~360ml,18700,"전통주선물,추석선물,입문자용,홈파티,외국인선물,"
40,오늘도 수고했어 홈술 혼술 힐링술 댓잎와인 대잎술 12도300ml+오미자와인 16.5도 360ml + 텀블러 520ml,12~16.5%,300~360ml,24500,"전통주선물,명절선물,결혼답례품,외국인선물,혼술족,위로선물,"
41,미청,14%,1.5L,7500,"건강에좋은음식,요리술,청주,감칠맛,비린내제거,고기요리,잡내제거,"
42,국산,"상품정보 제공고시제품명상품상세참조식품의 유형상품상세참조생산자상품상세참조소재지상품상세참조제조연월일상품상세참조유통기한 또는 품질유지기한상품상세참조포장단위별 내용물의 용량(중량), 수량상품상세참조포장단위별 수량상품상세참조원재료명 및 함량상품상세참조영양성분상품상세참조유전자변형식품에 해당하는 경우의 표시해당사항 없음소비자안전을 위한 주의사항지나친 음주는 뇌졸중, 기억력 손상이나 치매를 유발합니다. 임신 중 음주는 기형아 출생 위험을 높입니다. 19세 미만 판매금지수입식품에 해당하는 경우해당사항 없음",상품상세참조,12000,"케쥬얼숄더백,데일리캐주얼백,에코백,캔버스백,출퇴근가방,남녀공용가방,에코백가방,에코백여자가방,에코백남자가방,에코백장바구니,"
43,오늘도 수고했어 오미자와인,16.5%%,360ml,18500,"전통주선물,명절선물,결혼답례품,외국인선물,혼술,생일선물,혼술혼밥,"
44,배혜정도가 도래하 19도 350ml,19%,350ml,5000,"명절선물,전통주선물,지인선물,소중한추억,"
45,병영주조 병영소주 40도 500ml,40%,500ml,49500,"명절선물,전통주선물,깔끔한,소중한추억,지인선물,가족모임,술안주,"
46,병영주조 병영소주 40도 200ml,40%,200ml,22000,"명절선물,전통주선물,깔끔한,지인선물,소중한추억,술안주,"
47,병영주조 병영사또 40도 500ml 전통증류주,40%,500ml,49500,"전통주선물,명절선물,깔끔한,지인선물,명인,"
48,병영주조 병영사또 40도 200ml,40%,200ml,22000,"명절선물,전통주선물,깔끔한,선물세트,여름휴가,지인선물,"
49,내국양조 동주 하늘과 바람과 별과 시 세트,13%,375ml,85000,"명절선물세트,설선물세트,추석선물세트,가족모임,홈캉스,"
50,별산 오디 스파클링 막걸리 6.5도 800ml 탄산 막걸리,6.5%,800ml,13000,"홈캉스,전통주선물,결혼답례품,외국인선물,결혼선물,탄산,"
51,양주도가 별산막걸리 6도 800ml,6%,800ml,9000,"전통주선물,홈캉스,외국인선물,결혼답례품,혼술,기업체선물,냠냠맛있는,"
52,와막 막걸리 5도 750ml,5%,750ml,5500,"혼술,혼술족,파전,김치전,구리컵,전통술잔,"
53,아리랑주조 겨울소주 45도 360ml,45%,360ml,25000,"겨울,혼술,외국인선물,부모님선물,전통주선물,답례품선물,부모님생신선물,외국인이좋아하는선물,생일선물,지인선물,"
54,오늘도 수고했어 오미자술와인,16.5%,360ml,8500,"결혼답례선물,명절선물,오미자주,전통주선물,외국인선물,"
55,오늘도 수고했어 댓잎와인,12%,300ml,7500,"전통주선물,명절선물,결혼답례품,외국인선물,혼술,생일선물,"
56,진심 홍삼주 19도 375ml,19%,375ml,5300,"전통주선물,명절,추석설날명절선물세트,어르신선물,결혼답례품,생일선물,결혼선물,"
57,술샘 술취한 원숭이 10.8도 375ml,10.8%,375ml,9000,"전통주선물,명절선물,추석,추석설날명절선물세트,어른용,19세미만,인스타,감자전,김치전,조선시대,"
58,용두산조은술 소백산 생막걸리 6도 750ml,6%,750ml,2190,"전통주선물,어른용,인스타그램,김치전,감자전,파전,해물파전,조선시대,삿갓,명절,"
59,[生막걸리] 용두산조은술 강냉이 막걸리 6도 1000ml,6%,1000ml,2650,"전통주선물,어른용,인스타그램,김치전,감자전,파전,해물파전,조선시대,삿갓,명절,"
60,남도탁주 정고집 옛날 생동동주 6도 750ml,6%,750ml,2800,"전통주선물,어른용,인스타그램,김치전,감자전,파전,해물파전,조선시대,삿갓,명절,"
61,남도탁주 정고집 나주쌀 생막걸리 5도 750m,5%,750ml,2250,"전통주선물,어른용,인스타그램,김치전,감자전,파전,해물파전,조선시대,삿갓,명절,"
62,해창 12도 찹쌀생막걸리 900ml,12%,900ml,18000,"전통주선물,어른용,인스타그램,김치전,감자전,파전,해물파전,조선시대,삿갓,명절,"
63,해창 9도 찹쌀생막걸리 900ml,9%,900ml,12000,"전통주선물,어른용,인스타그램,김치전,감자전,파전,해물파전,조선시대,삿갓,명절,"
64,김포금쌀탁주 선호 생막걸리 6도 750ml,6%,750ml,2000,"전통주선물,어른용,인스타그램,김치전,감자전,파전,해물파전,조선시대,삿갓,명절,"
65,배혜정도가 우곡생주 1도 750ml,10%,750ml,7000,"전통주선물,어른용,인스타그램,김치전,감자전,파전,조선시대,해물파전,삿갓,명절,"
66,배혜정도가 호땅 6도 750ml,6%,750ml,3000,"전통주선물,어른용,인스타그램,김치전,감자전,파전,해물파전,조선시대,삿갓,명절,"
67,배혜정도가 메로니아 4도 750ml,4%,750ml,3000,"전통주선물,어른용,인스타그램,김치전,감자전,파전,해물파전,조선시대,삿갓,명절,"
68,다랭이팜 유기농쌀 유자 막걸리 6도 750ml,6%,750ml,4000,"전통주선물,어른용,인스타그램,김치전,파전,해물파전,조선시대,삿갓,명절,"
69,죽력고 40% 500ml,"상품정보 제공고시제품명상품상세참조식품의 유형상품상세참조생산자상품상세참조소재지상품상세참조제조연월일상품상세참조유통기한 또는 품질유지기한상품상세참조포장단위별 내용물의 용량(중량), 수량상품상세참조포장단위별 수량상품상세참조원재료명 및 함량상품상세참조영양성분상품상세참조유전자변형식품에 해당하는 경우의 표시해당사항 없음소비자안전을 위한 주의사항지나친 음주는 뇌졸중, 기억력 손상이나 치매를 유발합니다. 임신 중 음주는 기형아 출생 위험을 높입니다. 19세 미만 판매금지수입식품에 해당하는 경우해당사항 없음",상품상세참조,65000,"전통주선물,조선시대,삿갓,제사상,보자기,어른용,추석,추석설날명절선물세트,명인,"
70,죽향도가 대대포 블루 6도 600ml,6%,600ml,3800,"전통주선물,어른용,인스타그램,김치전,감자전,파전,해물파전,조선시대,삿갓,명절,"
71,배혜정도가 호랑이 생 막걸리 6도 750ml,6%,750ml,3100,"전통주선물,조선시대,인스타그램,김치전,감자전,파전,해물파전,명절,삿갓,추석설날명절선물세트,"
72,술샘 이화주 8도 100ml,8%,100ml,7500,"전통주선물,지인선물,친구선물,파티선물,어른선물,추석명절선물,설선물,조선시대,삿갓,인스타,"
73,[추성고을 X Angry Polar Bears] 앵폴베도 반한 죽력고 25% 350ml,25%,350ml,13000,"추석선물,지인선물,친구선물,전통주선물,어른선물,파티선물,명절선물,설선물,"
74,댄싱사이더 허니문배 4.9도 750ml,4.9%,750ml,17900,"지인선물,친구생일선물,냠냠맛있는,은사님선물,직장상사선물,직장동료선물,와인선물,사이더,"
75,[추성고을] 담양 추성주 주간감성 25도 350ml 유리병,25%,350ml,25000,"설선물,명절선물,추석선물,특별선물,외국인선물,어른선물,전통주선물,"
76,[조선3대명주/추성고을] 죽력고 주간감성 25도 350ml 양대수 명인,25%,350ml,13000,"설선물,명절선물,추석선물,지인선물,전통주선물,어른선물,파티선물,"
77,"[제주본초] 유채꽃,제주 주간감성 16도 365ml",16%,365ml,12000,"설선물,추석선물,전통주선물,특별한선물,어른선물,어버이선물,친구선물,"
78,예산사과와인 추사백 주간감성 40도 500ml,40%,500ml,30000,"초콜릿향기,사과향,설선물,친구선물,추석선물,친구,부모님선물,홈캉스,"
79,맑은내일 김보성 의리남 소주 증류주 전통 소주 16.5도 360ml,16.5%,360ml,4600,"재미있는,혼술,냠냠맛있는,홈캉스,"
80,33가 산삼주 18도 500ml,18%,500ml,49000,"부모님선물,냠냠맛있는,홈캉스,직장상사선물,직장동료선물,은사님선물,외국인손님선물,"
81,33가 산삼주 18도 200ml,18%,200ml,25000,"부모님선물,냠냠맛있는,홈캉스,직장상사선물,직장동료선물,은사님선물,외국인손님선물,"
82,덕유 문 1614 드라이 12도 750ml,레드,부드러움,30000,"부모님선물,냠냠맛있는,홈캉스,직장상사선물,직장동료선물,은사님선물,외국인손님선물,"
83,덕유 문 1614 스위트 12도 750ml,레드,부드러움,35000,"부모님선물,냠냠맛있는,홈캉스,직장상사선물,직장동료선물,은사님선물,외국인손님선물,"
84,덕유 무주구천동 산머루주 16도 360ml,16%,360ml,6000,"부모님선물,냠냠맛있는,홈캉스,직장상사선물,직장동료선물,은사님선물,외국인손님선물,"
85,아리랑주조 겨울소주 25도 360ml,25%,360ml,10000,"부모님선물,냠냠맛있는,홈캉스,직장상사선물,직장동료선물,은사님선물,외국인손님선물,"
86,태평주가 진안블랙 골드 40도 500ml,40%,500ml,29000,"부모님선물,냠냠맛있는,홈캉스,직장상사선물,직장동료선물,은사님선물,외국인손님선물,"
87,태평주가 진안블랙 18도 375ml,18%,375ml,7000,"부모님선물,냠냠맛있는,홈캉스,직장상사선물,직장동료선물,은사님선물,외국인손님선물,"
88,도란원 샤토미소 애플 와인 9도 375ml,스위트,9%,22000,"지인선물,친구선물,크리스마스선물,친구생일선물,전통주선물,술,신혼부부선물,냠냠맛있는,직장동료선물,직장상사선물,"
89,두레양조 두레앙 증류주 35도 375ml 거봉포도 증류주,35%,"상품정보 제공고시제품명상품상세참조식품의 유형상품상세참조생산자상품상세참조소재지상품상세참조제조연월일상품상세참조유통기한 또는 품질유지기한상품상세참조포장단위별 내용물의 용량(중량), 수량상품상세참조포장단위별 수량상품상세참조원재료명 및 함량상품상세참조영양성분상품상세참조유전자변형식품에 해당하는 경우의 표시해당사항 없음소비자안전을 위한 주의사항지나친 음주는 뇌졸중, 기억력 손상이나 치매를 유발합니다. 임신 중 음주는 기형아 출생 위험을 높입니다. 19세 미만 판매금지수입식품에 해당하는 경우해당사항 없음",30000,"지인선물,명절선물,설선물,추석선물,어버이선물,가족모임,약주잔,술안주,술잔,술,"
90,예산사과와인 추사백 주간감성 25도 350ml,25%,350ml,12000,"초콜릿향기,사과향,설선물,추석선물,친구,부모님선물,냠냠맛있는,홈캉스,"
91,시트러스 신례명주 50도 750ml,50%,750ml,110000,"추석선물,선물,고마운마음,멋진선물,전통주선물,선물세트,부모님선물,회사선물세트,설선물,"
92,오계리와이너리 레드와인 13도 500ml,레드,부드러움,20000,"지인선물,친구선물,크리스마스선물,친구생일선물,와인선물,집들이선물용,부부선물,직장상사선물,직장동료선물,"
93,착한농부 밀담 17도 360ml,17%,360ml,3900,"전통주선물,설선물,추석선물,명절선물,외국인선물,선물용,냠냠맛있는,직장상사선물,직장동료선물,은사님선물,"
94,착한농부 인어교주해적술 예천주럼 22도 300ml,22%,300ml,5300,"전통주선물,설선물,추석선물,명절선물,외국인선물,선물용,직장상사선물,직장동료선물,냠냠맛있는,"
95,오계리와이너리 청수와인 화이트 12.5도 750ml,화이트,부드러움,39000,"지인선물,친구선물,크리스마스선물,친구생일선물,와인선물,집들이선물용,부부선물,직장상사선물,직장동료선물,"
96,담을술공방 주향담을 41도 375ml,41%,375ml,40000,"추석선물,명절선물,연말모임,어른선물,시부모님선물,냠냠맛있는,추석,추석선물용,추석선물세트,추석상,"
97,배혜정도가 부자막걸리 10도 375ml,10%,375ml,4900,"전통주선물,설선물,추석선물,명절선물,외국인선물,선물용,직장상사선물,직장동료선물,외국인손님선물,은사님선물,"
98,두레양조 두레앙목통숙성주 35도 500ml,35%,500ml,80700,"지인선물,명절선물,설선물,추석선물,어버이선물,가족모임,약주잔,술안주,술잔,술,"
99,두레양조 두레앙 로제와인 12도 750ml 거봉포도주,로제,부드러움,20900,"지인선물,명절선물,설선물,추석선물,어버이선물,가족모임,약주잔,술안주,술잔,술,"
100,녹천주조장 한산소곡주 살균주 16도 700ml,16%,700ml,13000,"초콜릿향기,사과향,바닐라향,설선물,친구선물,추석선물,친구,부모님선물,냠냠맛있는,홈캉스,"
101,크라테 청수 화이트 와인 국산 스위트 와인 선물용 11.5도 375ml,화이트,부드러움,27000,"지인선물,친구생일선물,냠냠맛있는,은사님선물,직장상사선물,직장동료선물,와인선물,할아버지선물,"
102,크라테 자두 와인 국산와인 선물용 8.5도 375ml,로제,보통,27000,"지인선물,친구생일선물,냠냠맛있는,은사님선물,직장상사선물,직장동료선물,와인선물,할아버지선물,"
103,오계리와인 2022 호랑이와인 복숭아 500ml 7%+화이트 500ml 13%,화이트,부드러움,51000,"지인선물,친구선물,크리스마스선물,친구생일선물,와인선물,집들이선물용,부부선물,직장상사선물,직장동료선물,"
104,[조은술세종] 유기농 이도 25도 375ml 유기농 우리쌀 소주,25%,375ml,14000,"지인선물,명절선물,설선물,추석선물,가족모임,술안주,차례,제사,친구,부모님,"
105,[조은술세종] 유기농 이도 32도 375ml 유기농 우리쌀 소주,32%,375ml,20000,"지인선물,명절선물,설선물,추석선물,가족모임,술안주,차례,제사,친구,부모님,"
106,[조은술세종] 유기농 이도 22도 375ml 유기농 우리쌀,22%,375ml,13000,"지인선물,명절선물,설선물,추석선물,가족모임,술안주,차례,제사,친구,부모님,"
107,사곡양조 밤꽃향기 13.5도 375ml 공주밤약주,13.5%,375ml,7500,"지인선물,명절선물,설선물,추석선물,어버이선물,가족모임,약주잔,술안주,술잔,술,"
108,조정형명인 전주 이강주 특3호 25도 1000ml 전통주 선물용술,25%,1000ml,42900,"지인선물,명절선물,설선물,추석선물,가족모임,냠냠맛있는,"
109,민속주 궁중술 왕주 13도 700ml 남상란 명인 약주,13%,700ml,12000,"지인선물,명절선물,설선물,추석선물,어버이선물,가족모임,약주잔,술안주,술잔,술,"
110,식품명인13호 남상란 빚은 민속주 왕주 13도 375ml 3병 세트+전용잔 2ea,13%,375ml,27400,"지인선물,명절선물,설선물,추석선물,어버이선물,가족모임,약주잔,술안주,술잔,술,"
111,맛있는술 전통주 홍삼명주 14도 375ml 2병 전통주선물 우리술,14%,750ml,36500,"전통주선물,설선물,추석선물,명절선물,지인선물,연말모임,부모님생신,특별선물,외국인선물,"
112,[제주샘주] 제주샘 미니어쳐 3종세트 (고소리술+니모메+오메기술 3종),29%,80ml,19000,"지인선물,명절선물,설선물,추석선물,어버이선물,가족모임,약주잔,술안주,술잔,술,"
113,우희열 명인 한산소곡주 천상문 18도 500ml,18%,500ml,35000,"사과향,바닐라향,설선물,친구선물,추석선물,친구,부모님선물,냠냠맛있는,홈캉스,건강에좋은음식,"
114,[제주샘주] 고소리술 유리병 미니어쳐 29도 80ml,29%,80ml,7500,"지인선물,명절선물,설선물,추석선물,어버이선물,가족모임,약주잔,술안주,술잔,술,"
115,[제주샘주] 고소리술 도자기 미니어쳐 40도 65ml 소줏고리,40%,65ml,17100,"지인선물,명절선물,설선물,추석선물,어버이선물,가족모임,약주잔,술안주,술잔,술,"
116,황금 보리 산삼주 20도 375ml 삼계탕에 어울리는 술,20%,375ml,17000,"전통주선물,설선물,추석선물,명절선물,지인선물,연말모임,부모님생신,외국인선물,"
117,박흥선 명인 솔송주 담솔 40도 375ml 2015 리큐르 대상,40%,375ml,22000,"설선물,추석선물,명절선물,전통주선물,특별한선물,외국인선물,어른선물,어버이선물,"
118,[사곡양조원] 공주 오디주 15도 375ml,15%,375ml,7000,"지인선물,명절선물,설선물,추석선물,어버이선물,가족모임,약주잔,술안주,술잔,술,"
119,김창수 명인 금산인삼주 미니어쳐 23도 120ml 일반증류주,23%,120ml,6600,"전통주선물,설선물,추석선물,명절선물,특별한선물,외국인선물,"
120,[영덕주조] 행복한 상상 초코맛 15도 300ml,15%,300ml,10000,"지인선물,명절선물,설선물,추석선물,어버이선물,가족모임,약주잔,술잔,술,홈캉스,"
121,[영덕주조] 2022년 호랑이 에디션 도원결의25 25도 360ml 복숭아 리큐르,25%,360ml,7400,"지인선물,명절선물,설선물,추석선물,어버이선물,가족모임,술잔,술,홈캉스,냠냠맛있는,"
122,[영덕주조] 임인년 호랑이 에디션 도원결의15 15도 360ml 복숭아 리큐르,15%,360ml,6000,"지인선물,명절선물,설선물,추석선물,어버이선물,가족모임,술잔,술,홈캉스,냠냠맛있는,"
123,맑은내일 단감명작 7도 750ml 과실주,7%,750ml,20000,"사과향,바닐라향,설선물,친구선물,추석선물,친구,부모님선물,냠냠맛있는,홈캉스,건강에좋은음식,"
124,맑은내일 화이트와인 운암1945 12도 750ml,12%%,750ml,37000,"사과향,바닐라향,설선물,친구선물,추석선물,친구,부모님선물,냠냠맛있는,홈캉스,건강에좋은음식,"
125,한산소곡주 18도 700ml,18%,700ml,16500,"사과향,바닐라향,설선물,친구선물,추석선물,친구,부모님선물,냠냠맛있는,홈캉스,건강에좋은음식,"
126,[내국양조] 내국동주 시 13도 375ml,13%,375ml,22000,"전통주선물,설선물,추석선물,명절선물,외국인선물,선물용,직장상사선물,직장동료선물,냠냠맛있는,외국인손님선물,"
127,내국양주 내국동주 별 15도 375ml,15%,375ml,17000,"전통주선물,설선물,추석선물,명절선물,외국인선물,선물용,직장상사선물,직장동료선물,냠냠맛있는,외국인손님선물,"
128,내국양주 내국동주 바람 20도 375ml,20%,375ml,8800,"전통주선물,설선물,추석선물,명절선물,외국인선물,선물용,직장상사선물,직장동료선물,냠냠맛있는,외국인손님선물,"
129,내국양주 내국동주 하늘 20도 375ml,45%,375ml,49000,"전통주선물,설선물,추석선물,명절선물,외국인선물,선물용,직장상사선물,직장동료선물,냠냠맛있는,외국인손님선물,"
130,금산인삼주 수삼 단본 43도 720,43%,720ml,70000,"전통주선물,설선물,추석선물,명절선물,특별한선물,외국인선물,집들이선물,"
131,감홍로 40도 400ml,40%,400ml,54000,"설선물,추석선물,명절선물,지인선물,특별한선물,외국인선물,전통주선물,냠냠맛있는,홈캉스,건강에좋은음식,"
132,감사블루 14도 375ml,14%,750ml,37000,"전통주선물,설선물,추석선물,명절선물,지인선물,연말모임,부모님생신,외국인선물,차례상,"
133,붉은원숭이 10.8도 375ml,10.8%,375ml,21000,"전통주선물,설선물,추석선물,명절선물,지인선물,연말모임,부모님생신,외국인선물,"
134,감홍로 40도 700ml,40%,700ml,84000,"설선물,추석선물,명절선물,지인선물,특별한선물,외국인선물,전통주선물,냠냠맛있는,홈캉스,건강에좋은음식,"
135,[영덕주조] 증강현실 도원결의3종 선물세트 복숭아 증류주,15%,360ml,27000,"지인선물,명절선물,설선물,추석선물,어버이선물,가족모임,약주잔,술안주,술잔,술,"
136,[제주도 전통주] 토향 녹고의 눈물 미니어쳐 3종 세트 16도 80ml,16%,80ml,20000,"명절선물,설선물,전통주선물,명절고급선물,건강에좋은음식,냠냠맛있는,홈캉스,은사님선물,선물용,가족선물,"
137,[전주이강주] 오디여라38 375ml 38도 오디증류주 리큐르,38%,375ml,42000,"명절선물,연말모임,어른선물,시부모님선물,냠냠맛있는,건강에좋은음식,홈캉스,선물용,은사님선물,"
138,오계리 와인세트 21호,화이트,부드러움,78000,"지인선물,친구선물,크리스마스선물,친구생일선물,와인선물,집들이선물용,부부선물,직장상사선물,직장동료선물,"
139,오계리 와인세트 11호,화이트,부드러움,76000,"지인선물,친구선물,크리스마스선물,친구생일선물,와인선물,집들이선물용,부부선물,직장상사선물,직장동료선물,"
140,오계리 아이스 와인,화이트,부드러움,49000,"지인선물,친구선물,크리스마스선물,친구생일선물,와인선물,집들이선물용,부부선물,직장상사선물,직장동료선물,"
141,오계리 복숭아 와인,스위트,7%,21000,"지인선물,친구선물,크리스마스선물,친구생일선물,와인선물,집들이선물용,부부선물,직장상사선물,직장동료선물,"
142,오계리 화이트 와인,화이트,부드러움,19900,"지인선물,친구선물,크리스마스선물,친구생일선물,와인선물,집들이선물용,부부선물,직장상사선물,직장동료선물,"
143,[인어교주해적단] 인어교주해적술 15도 360ml,15%,360ml,24000,"추석선물,가족모임,냠냠맛있는,직장상사선물,직장동료선물,은사님선물,외국인손님선물,선물용,홈캉스,파티용,"
144,[제주도 우리술모음]니모메+미상+혼디주 제주도 3종모음,25%,350ml,29700,"명절선물,설선물,추석선물,가족모임,냠냠맛있는,직장상사선물,직장동료선물,은사님선물,외국인손님선물,"
145,청도감와인 와인 감그린 레귤러 12도 375ml,스위트,12%,10000,"지인선물,친구생일선물,냠냠맛있는,은사님선물,직장상사선물,직장동료선물,와인선물,할아버지선물,"
146,댄싱사이더 치키피치 4.5% 330ml 1병 국산 사과 한국 와인 복숭아 과실주 복숭아와인,4.5%,330ml,6900,"지인선물,친구생일선물,냠냠맛있는,은사님선물,직장상사선물,직장동료선물,와인선물,할아버지선물,"
147,댄싱사이더 신애유자 5% 330ml 1병 국산 사과 한국 와인 네추럴 시드르 화이트 선물,5%,330ml,5900,"지인선물,친구생일선물,냠냠맛있는,은사님선물,직장상사선물,직장동료선물,와인선물,할아버지선물,"
148,양촌양조 여유소주 40도 375ml 전통소주,40%,375ml,26500,"지인선물,친구생일선물,냠냠맛있는,은사님선물,직장상사선물,직장동료선물,와인선물,할아버지선물,"
149,양촌양조 여유 소주 25도 375ml 전통소주,25%,375ml,12800,"지인선물,친구생일선물,냠냠맛있는,은사님선물,직장상사선물,직장동료선물,와인선물,할아버지선물,"
150,양촌양조 여유 소주 19도 375ml 증류소주,19%,375ml,12500,"지인선물,친구생일선물,냠냠맛있는,은사님선물,직장상사선물,직장동료선물,와인선물,할아버지선물,"
151,고도리  샤인머스캣화이트와인 10.5도 750ml 망고포도와인,화이트,부드러움,40000,"지인선물,친구생일선물,냠냠맛있는,은사님선물,직장상사선물,직장동료선물,와인선물,할아버지선물,"
152,고도리  샤인머스캣화이트와인 10.5도 375ml 망고포도와인,화이트,부드러움,23000,"지인선물,친구생일선물,냠냠맛있는,은사님선물,직장상사선물,직장동료선물,와인선물,할아버지선물,"
153,문배술 40도 500ml명작 선물세트 도자기  만찬주,40%,500ml,85000,"명절선물,설선물,전통주선물,추석선물,외국인선물,특별선물,어른선물,"
154,아이엠더문 오리지널 17도 375ml 달콤한 열대과일 리큐르,17%,375ml,25200,"명절선물,설선물,추석선물,가족모임,냠냠맛있는,명절,전통주선물,추석상,혼술,혼술족,"
155,[복분자주] 주몽복분자+자연담은복분자막걸리+만월24 복분자모음,24%,350ml,22300,"명절선물,설선물,추석선물,가족모임,냠냠맛있는,직장상사선물,직장동료선물,은사님선물,외국인손님선물,"
156,담을술공방 주향이오 25도 375ml,25%,375ml,17000,"추석선물,명절선물,연말모임,어른선물,시부모님선물,냠냠맛있는,추석,추석선물용,추석선물세트,추석상,"
157,담을술공방 주향담을 41도 500ml,41%,500ml,49000,"추석선물,명절선물,연말모임,어른선물,시부모님선물,냠냠맛있는,추석,추석선물용,추석선물세트,추석상,"
158,볼빨간미자 16도 375ml,16%,375ml,15000,"전통주선물,설선물,추석선물,명절선물,연말모임,어른선물,시부모님선물,"
159,[우리술상회]손잡이 선물박스,"상품정보 제공고시제품명상품상세참조식품의 유형상품상세참조생산자상품상세참조소재지상품상세참조제조연월일상품상세참조유통기한 또는 품질유지기한상품상세참조포장단위별 내용물의 용량(중량), 수량상품상세참조포장단위별 수량상품상세참조원재료명 및 함량상품상세참조영양성분상품상세참조유전자변형식품에 해당하는 경우의 표시해당사항 없음소비자안전을 위한 주의사항지나친 음주는 뇌졸중, 기억력 손상이나 치매를 유발합니다. 임신 중 음주는 기형아 출생 위험을 높입니다. 19세 미만 판매금지수입식품에 해당하는 경우해당사항 없음",상품상세참조,1500,"선물,선물케이스,"
160,퍼플 진 36.5도 500ml,36.5%,500ml,50000,"전통주선물,설선물,추석선물,명절선물,지인선물,부모님생신,외국인선물,달달한,"
161,애플사이더 멜론서리 5도 330ml,5%,330ml,6900,"시원한,야외,캠핑감성용품,파티,전통주선물,신혼부부선물,결혼선물,집들이선물,어른선물,달콤한,"
162,[하나도가] 북한 밀주 농태기 25도 375ml 증류식소주 서민주 가양주,25%,375ml,15000,"전통주선물,천년초,외국인선물,어른선물,발효,명절선물,이북,깔끔한,풍미,구수한,"
163,부직포 와인 가방,"상품정보 제공고시제품명상품상세참조식품의 유형상품상세참조생산자상품상세참조소재지상품상세참조제조연월일상품상세참조유통기한 또는 품질유지기한상품상세참조포장단위별 내용물의 용량(중량), 수량상품상세참조포장단위별 수량상품상세참조원재료명 및 함량상품상세참조영양성분상품상세참조유전자변형식품에 해당하는 경우의 표시해당사항 없음소비자안전을 위한 주의사항지나친 음주는 뇌졸중, 기억력 손상이나 치매를 유발합니다. 임신 중 음주는 기형아 출생 위험을 높입니다. 19세 미만 판매금지수입식품에 해당하는 경우해당사항 없음",상품상세참조,1000,"술잔,술,포장,선물포장,선물용,선물,"
164,국순당 자연담은 복분자 막걸리 360ml 과일막걸리,6%,360ml,3400,"지인선물,명절선물,설선물,추석선물,어버이선물,가족모임,약주잔,술안주,술잔,술,"
165,국순당 고창 오디랑 오디주 12.5도 330ml,12.5%,330ml,4200,"지인선물,명절선물,설선물,추석선물,어버이선물,가족모임,약주잔,술안주,술잔,술,"
166,명작 복분자 13도 375ml 국순당고창명주(주),13%,375ml,8500,"지인선물,명절선물,설선물,추석선물,어버이선물,가족모임,약주잔,술안주,술잔,술,"
167,오리지널 17도 375ml,177%,750ml,48000,"지인선물,명절선물,설선물,추석선물,어버이선물,가족모임,술안주,술잔,술,파티,"
168,세계로 수출하는 명품안동소주 선물용 각시탈 200ml 45도,45%,200ml,24000,"냠냠맛있는,홈캉스,외국인친구선물,외국인손님선물,전통주선물,은사님선물,집들이선물,친구생일선물,직장상사선물,새콤달콤한,"
169,세계로 수출하는 명품안동소주 선물용 양반탈 200ml 45도,45%,200ml,24000,"냠냠맛있는,홈캉스,외국인친구선물,외국인손님선물,전통주선물,은사님선물,집들이선물,친구생일선물,직장상사선물,새콤달콤한,"
170,세계로 수출하는 명품안동소주 선물용 부네탈 200ml 45도,45%,200ml,24000,"냠냠맛있는,홈캉스,외국인친구선물,외국인손님선물,전통주선물,은사님선물,집들이선물,친구생일선물,직장상사선물,새콤달콤한,"
171,명품안동소주 프리미엄30,30%,375ml,12300,"지인선물,명절선물,설선물,추석선물,어버이선물,가족모임,약주잔,술안주,술잔,술,"
172,명품안동소주 프리미엄 19.8도 375ml,19.8%,375ml,8500,"지인선물,명절선물,설선물,추석선물,어버이선물,가족모임,약주잔,술안주,술잔,술,"
173,세계로 수출하는 명품안동소주 선물용 각시탈 200ml 30도,30%,200ml,17000,"냠냠맛있는,홈캉스,외국인친구선물,외국인손님선물,전통주선물,은사님선물,집들이선물,친구생일선물,직장상사선물,새콤달콤한,"
174,세계로 수출하는 명품안동소주 선물용 양반탈 200ml 30도,30%,200ml,17000,"냠냠맛있는,홈캉스,외국인친구선물,외국인손님선물,전통주선물,은사님선물,집들이선물,친구생일선물,직장상사선물,새콤달콤한,"
175,세계로 수출하는 명품안동소주 선물용 부네탈 200ml 30도,30%,200ml,17000,"냠냠맛있는,홈캉스,외국인친구선물,외국인손님선물,전통주선물,은사님선물,집들이선물,친구생일선물,직장상사선물,새콤달콤한,"
176,영월더덕영농조합 영월 동강 더덕주 20도 360ml,20%,360ml,4900,"냠냠맛있는,홈캉스,외국인친구선물,외국인손님선물,전통주선물,은사님선물,집들이선물,친구생일선물,직장상사선물,새콤달콤한,"
177,그랑꼬또 캠벨화이트 750ml,화이트,보통,27000,"냠냠맛있는,홈캉스,와인선물,외국인친구선물,외국인손님선물,전통주선물,은사님선물,집들이선물,친구생일선물,직장상사선물,"
178,그린영농조합 그랑꼬또 로제와인 12도 750ml,로제,보통,24500,"냠냠맛있는,홈캉스,와인선물,외국인친구선물,외국인손님선물,전통주선물,은사님선물,집들이선물,친구생일선물,직장상사선물,"
179,중원양조 사랑할때 사과주 12도 300ml,12%,300ml,3900,"냠냠맛있는,홈캉스,외국인친구선물,외국인손님선물,전통주선물,은사님선물,집들이선물,친구생일선물,직장상사선물,새콤달콤한,"
180,[ 서설 ]375ml / 13도 / 청주,13%,375ml,15000,"냠냠맛있는,홈캉스,와인선물,외국인친구선물,외국인손님선물,포도주,전통주선물,은사님선물,집들이선물,친구생일선물,"
181,조흔 레드와인 750ml 1병,레드,보통,19000,"냠냠맛있는,홈캉스,와인선물,외국인친구선물,외국인손님선물,포도주,전통주선물,은사님선물,집들이선물,친구생일선물,"
182,조흔 로제와인 375ml,로제,부드러움,15000,"냠냠맛있는,홈캉스,와인선물,외국인친구선물,외국인손님선물,포도주,전통주선물,은사님선물,집들이선물,친구생일선물,"
183,산삼 품은 몽주 375ml,25%,375ml,35000,"냠냠맛있는,홈캉스,와인선물,외국인친구선물,외국인손님선물,포도주,전통주선물,은사님선물,집들이선물,친구생일선물,"
184,중원양조 사랑할때 사과주 20도 300ml,20%,300ml,5200,"냠냠맛있는,홈캉스,외국인친구선물,외국인손님선물,전통주선물,은사님선물,집들이선물,친구생일선물,직장상사선물,새콤달콤한,"
185,동학 1957 청주 13도 375ml,13%,375ml,3300,"냠냠맛있는,홈캉스,와인선물,외국인친구선물,외국인손님선물,포도주,전통주선물,은사님선물,집들이선물,친구생일선물,"
186,포엠 화이트 스위트 와인 12도 750ml,화이트,부드러움,34000,"냠냠맛있는,홈캉스,와인선물,외국인친구선물,외국인손님선물,포도주,전통주선물,은사님선물,집들이선물,친구생일선물,"
187,포엠 로제 스위트 와인 12도 750ml,로제,부드러움,34000,"냠냠맛있는,외국인친구선물,외국인손님선물,집들이용선물,집들이선물용,혼술,전통주선물,한국와인,와인선물,모임선물,"
188,평창 서주 감자술 13도 700ml,13%,700ml,17000,"전통주선물,냠냠맛있는,모임선물,혼술,집들이선물용,집들이용선물,외국인친구선물,전통술잔,한국선물,특산품,"
189,평창 서주 감자술 13도 300ml,13%,300ml,4180,"초콜릿향기,사과향,바닐라향,부모님선물,냠냠맛있는,홈캉스,직장상사선물,직장동료선물,은사님선물,"
190,진심 홍삼 인삼주 19도 375ml,19%,375ml,8900,"초콜릿향기,사과향,바닐라향,부모님선물,냠냠맛있는,홈캉스,직장상사선물,직장동료선물,은사님선물,외국인손님선물,"
191,진심 홍삼 인삼주 38도 750ml,38%,750ml,77500,"초콜릿향기,사과향,바닐라향,부모님선물,냠냠맛있는,홈캉스,직장상사선물,직장동료선물,은사님선물,"
192,우희열 명인 한산소곡주 18도 360ml,18%,360ml,9400,"초콜릿향기,사과향,바닐라향,설선물,친구선물,추석선물,친구,부모님선물,냠냠맛있는,홈캉스,"
193,한청 15도 300ml,15%,300ml,8300,"지인선물,추석선물,어버이선물,가족모임,혼술,전통주선물,설날선물,외국인친구선물,외국인손님선물,직장상사선물,"
194,문배술 헤리티지 25도 500ml,25%,500ml,14800,"명절선물,설날선물,외국인친구선물,외국인손님선물,할아버지생신선물,부모님생신선물,스승님선물,전통주선물,직장상사선물,직장동료선물,"
195,녹천주조장 한산소곡주 사비의 꽃 41도 250ml,41%,250ml,35000,"초콜릿향기,사과향,바닐라향,설선물,친구선물,추석선물,친구,부모님선물,냠냠맛있는,홈캉스,"
196,조은술 세종 알밤주 6도 750ml 막걸리형 전통주,6%,750ml,1800,"명절선물,어버이날선물,추석선물,설선물,가족모임,할아버지선물,전통주선물,외국인친구선물,외국인손님선물,상견례선물,"
197,명품안동소주 45도 400ml,45%,400ml,28000,"지인선물,명절선물,설선물,추석선물,어버이선물,가족모임,약주잔,술안주,술잔,술,"
198,바다한잔동해소주 17.5도 360ml,17.5%,360ml,2600,"지인선물,명절선물,설선물,추석선물,어버이선물,가족모임,약주잔,술안주,술잔,술,"
199,대한민국 식품명인13호 남상란 빚은 민속주 왕주 52도 375ml,52%,375ml,24800,"지인선물,명절선물,설선물,추석선물,어버이선물,가족모임,약주잔,술안주,술잔,술,"
200,샤토마니 드라이화이트 13도 750ml,화이트,보통,25000,"전통주선물,설선물,추석선물,명절선물,외국인선물,선물용,냠냠맛있는,직장상사선물,직장동료선물,외국인손님선물,"
201,내국양조 화주 25도 375ml,25%,375ml,15500,"전통주선물,설선물,추석선물,명절선물,외국인선물,선물용,직장상사선물,직장동료선물,냠냠맛있는,외국인손님선물,"
202,모월 인 41도 500ml,41%,500ml,47300,"전통주선물,설선물,추석선물,명절선물,외국인선물,선물용,직장상사선물,직장동료선물,외국인손님선물,냠냠맛있는,"
203,해방주 18.8도 360도,18.8%,350ml,5500,"전통주선물,설선물,추석선물,명절선물,외국인선물,선물용,직장상사선물,직장동료선물,외국인손님선물,냠냠맛있는,"
204,배혜정도가 심플리 애플 12도,12%,350ml,9000,"전통주선물,설선물,추석선물,명절선물,외국인선물,선물용,직장상사선물,직장동료선물,외국인손님선물,은사님선물,"
205,배혜정도가 로아19 화이트,19%,350ml,8700,"전통주선물,설선물,추석선물,명절선물,외국인선물,선물용,냠냠맛있는,직장상사선물,직장동료선물,은사님선물,"
206,배혜정도가 로아19 레드 350ml,19%,350ml,12000,"전통주선물,설선물,추석선물,명절선물,외국인선물,선물용,직장상사선물,직장동료선물,은사님선물,외국인손님선물,"
207,배혜정도가 로아40 레드 350ml,40%,350ml,22000,"전통주선물,설선물,추석선물,명절선물,외국인선물,선물용,직장상사선물,직장동료선물,은사님선물,냠냠맛있는,"
208,로아 40 옐로우,40%,350ml,22000,"전통주선물,설선물,추석선물,명절선물,외국인선물,선물용,은사님선물,직장동료선물,직장상사선물,냠냠맛있는,"
209,로아 19 옐로우,19%,350ml,12000,"전통주선물,설선물,추석선물,명절선물,외국인선물,선물용,냠냠맛있는,직장상사선물,직장동료선물,"
210,배혜정도가 로아40 화이트 350ml,40%,350ml,18000,"전통주선물,설선물,추석선물,명절선물,외국인선물,선물용,직장상사선물,직장동료선물,은사님선물,냠냠맛있는,"
211,밀담24,24%,375ml,14200,"전통주선물,설선물,추석선물,명절선물,외국인선물,선물용,냠냠맛있는,직장상사선물,직장동료선물,은사님선물,"
212,밀담 52 52도 360ml,52%,360ml,22200,"전통주선물,설선물,추석선물,명절선물,외국인선물,선물용,직장상사선물,직장동료선물,냠냠맛있는,"
213,초선의 꿈,로제,부드러움,20000,"전통주선물,생신선물,혼술,신혼부부선물,냠냠맛있는,집들이선물용,한국와인,외국인손님선물,상견례선물,모임선물,"
214,한주양조 한주 35도 360ml 증류식 소주,35%,360ml,12000,"지인선물,친구선물,부모님선물,크리스마스선물,친구생일선물,파티,집들이선물,전통주선물,술,신혼부부선물,"
215,[제주본초] 제주 전통주 동백꽃 제주 16도 365ml,16%,365ml,12000,"설선물,추석선물,명절선물,전통주선물,특별한선물,외국인선물,어른선물,어버이선물,친구선물,"
216,[우아미와이너리] 우아미 와인 레드 11도 750ml,레드,유리병,27000,"지인선물,크리스마스선물,친구생일선물,전통주선물,신혼부부선물,모임선물,와인선물,한국와인,집들이용선물,직장상사선물,"
217,[두레양조] 두레앙 22도 375ml 거봉포도 증류주 2018 증류주 최우수상,22%,"상품정보 제공고시제품명상품상세참조식품의 유형상품상세참조생산자상품상세참조소재지상품상세참조제조연월일상품상세참조유통기한 또는 품질유지기한상품상세참조포장단위별 내용물의 용량(중량), 수량상품상세참조포장단위별 수량상품상세참조원재료명 및 함량상품상세참조영양성분상품상세참조유전자변형식품에 해당하는 경우의 표시해당사항 없음소비자안전을 위한 주의사항지나친 음주는 뇌졸중, 기억력 손상이나 치매를 유발합니다. 임신 중 음주는 기형아 출생 위험을 높입니다. 19세 미만 판매금지수입식품에 해당하는 경우해당사항 없음",6400,"지인선물,명절선물,설선물,추석선물,어버이선물,가족모임,약주잔,술안주,술잔,술,"
218,[와인코리아] 샤토마니 스위트 레드 750ml 12%,레드,부드러움,25000,"지인선물,친구선물,부모님선물,크리스마스선물,친구생일선물,파티,집들이선물,전통주선물,술,신혼부부선물,"
219,[국순당 여주명주] 려 고구마증류소주 25도 375ml,25%,375ml,24000,"명절선물,부모님생신,전통주선물,설선물,추석선물,외국인선물,어버이날선물,직장상사선물,직장동료선물,냠냠맛있는,"
220,[국순당 여주명주] 려 고구마증류소주 40도 375ml,40%,375ml,42000,"명절선물,부모님생신,전통주선물,설선물,추석선물,외국인선물,어버이날선물,직장상사선물,직장동료선물,은사님선물,"
221,[국순당 여주명주] 려 증류소주 25도 375ml,25%,375ml,15000,"명절선물,부모님생신,전통주선물,설선물,추석선물,외국인선물,어버이날선물,직장상사선물,냠냠맛있는,"
222,[국순당 여주명주] 려 증류소주 40도 375ml,40%,375ml,24000,"명절선물,부모님생신,전통주선물,설선물,추석선물,외국인선물,어버이날선물,직장상사선물,직장동료선물,은사님선물,"
223,[예산사과와인] 추사백40도 500ml + 25도  350ml 일반증류주,40%,500ml,45000,"초콜릿향기,사과향,바닐라향,설선물,친구선물,추석선물,친구,부모님선물,냠냠맛있는,홈캉스,"
224,[예산사과와인] 추사백25 350ml 일반증류주,25%,350ml,12000,"초콜릿향기,사과향,바닐라향,설선물,친구선물,추석선물,친구,부모님선물,냠냠맛있는,홈캉스,"
225,문배술 헤리티지 40도 500ml,40%,500ml,31900,"명절선물,설선물,추석선물,명절,차례,제사,부모님선물,친구,전통적인,"
226,와쥬블루,6.7%,750ml,17900,"시원한,야외,캠핑감성용품,파티,저녁식사,전통주선물,집들이선물,신혼부부선물,"
227,[도란원] 샤토미소 웨딩 자두와인 12도 375ml,스위트,12%,22000,"지인선물,친구선물,크리스마스선물,친구생일선물,전통주선물,술,신혼부부선물,냠냠맛있는,직장동료선물,직장상사선물,"
228,전주이강주 조선3대명주 이강주 특1호 25도 400ml,25%,400ml,36000,"지인선물,명절선물,설선물,추석선물,친구,설,추석,부모님,분위기있는,"
229,[시트러스] 미상 25도 350ml 제주감귤증류주,25%,350ml,13000,"추석선물,선물,고마운마음,멋진선물,전통주선물,선물세트,부모님선물,회사선물세트,설선물,"
230,밀담40,40%,375ml,19900,"전통주선물,설선물,추석선물,명절선물,외국인선물,선물용,"
231,[예산사과와인] 추사백 500ml 일반증류주,40%,500ml,30000,"초콜릿향기,사과향,바닐라향,설선물,친구선물,추석선물,친구,부모님선물,냠냠맛있는,홈캉스,"
232,정분나다 16도 375ml,16%,375ml,15000,"지인선물,명절선물,설선물,추석선물,어버이선물,가족모임,약주잔,술안주,술잔,술,"
233,[영덕주조] 증강현실 도원결의40 40도 360ml 복숭아 증류주,40%,360ml,12900,"지인선물,명절선물,설선물,추석선물,어버이선물,가족모임,약주잔,술잔,술,홈캉스,"
234,[그린영농조합] 그랑꼬또 와인 청수 750ml,화이트,부드러움,65000,"지인선물,감성캠핑,저녁식사,포도주,명절선물세트,은사님선물,직장동료선물,직장상사선물,외국인손님선물,외국인친구선물,"
235,[진도대복] 진도대복홍주 40도 500ml,40%,500ml,20000,"지인선물,친구선물,부모님선물,파티,감성캠핑,홈캉스,설날선물,설선물,생일선물,집들이선물,"
236,보자기 선물 포장 세트,"상품정보 제공고시제품명상품상세참조식품의 유형상품상세참조생산자상품상세참조소재지상품상세참조제조연월일상품상세참조유통기한 또는 품질유지기한상품상세참조포장단위별 내용물의 용량(중량), 수량상품상세참조포장단위별 수량상품상세참조원재료명 및 함량상품상세참조영양성분상품상세참조유전자변형식품에 해당하는 경우의 표시해당사항 없음소비자안전을 위한 주의사항지나친 음주는 뇌졸중, 기억력 손상이나 치매를 유발합니다. 임신 중 음주는 기형아 출생 위험을 높입니다. 19세 미만 판매금지수입식품에 해당하는 경우해당사항 없음",상품상세참조,2000,"보자기,선물포장,포장,선물용케이스,선물세트,선물포장지,선물포장용품,"
237,흰색무지 종이 쇼핑백,"상품정보 제공고시제품명상품상세참조식품의 유형상품상세참조생산자상품상세참조소재지상품상세참조제조연월일상품상세참조유통기한 또는 품질유지기한상품상세참조포장단위별 내용물의 용량(중량), 수량상품상세참조포장단위별 수량상품상세참조원재료명 및 함량상품상세참조영양성분상품상세참조유전자변형식품에 해당하는 경우의 표시해당사항 없음소비자안전을 위한 주의사항지나친 음주는 뇌졸중, 기억력 손상이나 치매를 유발합니다. 임신 중 음주는 기형아 출생 위험을 높입니다. 19세 미만 판매금지수입식품에 해당하는 경우해당사항 없음",상품상세참조,1000,"보자기,선물포장,선물백,선물포장용품,쇼핑백포장,선물포장지,"
238,보자기 선물 포장 세트,"상품정보 제공고시제품명상품상세참조식품의 유형상품상세참조생산자상품상세참조소재지상품상세참조제조연월일상품상세참조유통기한 또는 품질유지기한상품상세참조포장단위별 내용물의 용량(중량), 수량상품상세참조포장단위별 수량상품상세참조원재료명 및 함량상품상세참조영양성분상품상세참조유전자변형식품에 해당하는 경우의 표시해당사항 없음소비자안전을 위한 주의사항지나친 음주는 뇌졸중, 기억력 손상이나 치매를 유발합니다. 임신 중 음주는 기형아 출생 위험을 높입니다. 19세 미만 판매금지수입식품에 해당하는 경우해당사항 없음",상품상세참조,5700,"보자기,선물포장,포장소품,포장재,선물포장지,선물포장용품,포장백,"
239,식품명인 조선3대 이강주 죽력고 감홍로 세트,25%,500ml,160000,"명절선물,설선물,추석선물,가족모임,냠냠맛있는,홈캉스,집들이선물,지인선물,술,전통주선물,"
240,[초가] 한청 15도 700ml,15%,700ml,19000,"지인선물,명절선물,설선물,추석선물,어버이선물,가족모임,술,집들이선물,혼술,전통주선물,"
241,금산인삼주 금설 35도 375ml,35%,375ml,35000,"지인선물,친구선물,부모님선물,파티,감성캠핑,홈캉스,설날선물,설선물,금가루,생일선물,"
242,[아이비영농] 허니비 와인 8도 500ml,화이트,부드러움,38500,"지인선물,친구선물,크리스마스선물,친구생일선물,신혼부부선물,냠냠맛있는,직장동료선물,직장상사선물,외국인친구선물,은사님선물,"
243,아이비영농 허니문 와인 10도 375ml,화이트,부드러움,38500,"지인선물,친구선물,크리스마스선물,친구생일선물,전통주선물,직장동료선물,직장상사선물,은사님선물,외국인친구선물,냠냠맛있는,"
244,[내국양조] 담금주 강주 50도 1800ml,50%,1800ml,13800,"지인선물,명절선물,설선물,추석선물,어버이선물,가족모임,술,담금주,집들이선물,담금술,"
245,여포와인농장 여포의 꿈 화이트와인 12도 375ml,화이트,부드러움,27000,"전통주선물,술,생신선물,혼술,결혼선물,친구선물,직장상사선물,직장동료선물,은사님선물,"
246,[도란원] 샤토미소 로제 스위트 와인,레드,부드러움,22000,"지인선물,친구생일선물,파티,집들이선물,전통주선물,술,신혼부부선물,직장동료선물,직장상사선물,"
247,[고도리 와이너리] 고도리 복숭아 와인,화이트,부드러움,39000,"지인선물,친구선물,크리스마스선물,친구생일선물,와인선물,집들이선물용,부부선물,직장상사선물,직장동료선물,"
248,고도리 복숭아와인 6.5도 375ml,화이트,부드러움,22000,"지인선물,친구생일선물,냠냠맛있는,은사님선물,직장상사선물,직장동료선물,와인선물,할아버지선물,화이트와인,복숭아향,"
249,[예산사과와인] 추사40 200ml 일반증류주,40%,200ml,25000,"친구선물,지인선물,부모님선물,부모님추석선물,명절선물,전통주선물,집들이선물,생신선물,담금주,집들이선물용,"
250,[영덕주조] 블링블링 모래별(복숭아맛) 375ml 15%,15%,375ml,25000,"전통주선물,설선물,추석선물,명절선물,외국인선물,선물용,신혼부부선물,술,신혼부부집들이선물,집들이선물,"
251,[영덕주조] 블링블링 노을별(포도맛) 375ml 15%,15%,375ml,25000,"전통주선물,설선물,추석선물,명절선물,외국인선물,선물용,"
252,[영덕주조] 블링블링 바다별(사과맛) 375ml 15%,15%,375ml,25000,"전통주선물,설선물,추석선물,명절선물,외국인선물,선물용,집들이선물,펄,싱그러움,"
253,[우포의아침]약주 청주 조선주조사 300ml 14도,14%,300ml,4400,"지인선물,명절선물,설선물,추석선물,어버이선물,가족모임,청주,전통주선물,깔끔한,깊은맛,"
254,댄싱파파,7%,330ml,5900,"시원한,야외,캠핑감성용품,파티,전통주선물,신혼부부선물,결혼선물,집들이선물,사과맛,"
255,스윗마마 5.5도 330ml,5.5%,330ml,5900,"시원한,야외,캠핑감성용품,파티,전통주선물,집들이선물,신혼부부선물,달콤한,사과맛,"
256,요새로제 6.4도 750ml,6.4%,750ml,17900,"시원한,야외,캠핑감성용품,파티,저녁식사,전통주선물,집들이선물,신혼부부선물,"
257,이강주 주병세트,25%,500ml,62000,"지인선물,명절선물,설선물,추석선물,가족모임,냠냠맛있는,"
258,[술샘] 곰이사랑한 꿀술,16%,375ml,15500,"전통주선물,설선물,추석선물,명절선물,외국인선물,선물용,홈캉스,혼술,혼술안주,술,"
259,[예산사과와인] 추사 사과와인,화이트,부드러움,20000,"지인선물,크리스마스선물,친구생일선물,전통주선물,집들이선물,직장상사선물,직장동료선물,외국인친구선물,은사님선물,"
260,밀월 잔속의 달 12,12%,375ml,6500,"전통주선물,설선물,추석선물,명절선물,외국인선물,선물용,집들이선물,"
261,예천주 복40,40%,360ml,18000,"전통주선물,설선물,추석선물,명절선물,외국인선물,선물용,달달한,어른선물,상큼한,"
262,[예산사과와인] 추사40 500ml 일반증류주,40%,500ml,60000,"초콜릿향기,사과향,바닐라향,설선물,친구선물,추석선물,전통주선물,어른선물,오크통,외국인선물,"
263,만월 예천주 복24,24%,360ml,12000,"전통주선물,설선물,추석선물,명절선물,외국인선물,선물용,달달한,상큼한,어른선물,"
264,럼PHAT 42도,42%,300ml,7800,"전통주선물,설선물,추석선물,명절선물,외국인선물,선물용,친구선물,과실,살구향,"
265,럼PHAT 36.5도,36.5%,300ml,7100,"전통주선물,명절선물,부부선물,집들이선물,생신선물,친구선물,살구향,피치,과실,"
266,럼PHAT 22도,22%,300ml,5300,"전통주선물,설선물,추석선물,명절선물,선물용,살구향,과실,친구선물,피치,"
267,럼PHAT 16.8도,16.8%,300ml,5000,"전통주선물,설선물,추석선물,명절선물,외국인선물,선물용,살구향,과실,"
268,[공주 밤 증류주] 왕율주 40도 360ml 국내 최초 밤 증류주,40%,360ml,14000,"지인선물,명절선물,설선물,추석선물,어버이선물,가족모임,약주잔,술안주,술잔,술,"
269,[공주 밤 증류주] 왕율주 33도 330ml 국내 최초 밤 증류주,33%,330ml,11000,"지인선물,명절선물,설선물,추석선물,어버이선물,가족모임,약주잔,술안주,술잔,술,"
270,[공주 밤 증류주] 왕율주 25도 330ml 국내 최초 밤 증류주,25%,360ml,9000,"지인선물,명절선물,설선물,추석선물,어버이선물,가족모임,약주잔,술안주,술잔,술,"
271,[추성고을] 해원 40도 400ml 통영 고구마 증류주,40%,400ml,40000,"지인선물,명절선물,설선물,추석선물,어버이선물,가족모임,약주잔,술안주,술잔,술,"
272,[내장산복분자] 내장산복분자주 16도 600ml 프리미엄,16%,"상품정보 제공고시제품명상품상세참조식품의 유형상품상세참조생산자상품상세참조소재지상품상세참조제조연월일상품상세참조유통기한 또는 품질유지기한상품상세참조포장단위별 내용물의 용량(중량), 수량상품상세참조포장단위별 수량상품상세참조원재료명 및 함량상품상세참조영양성분상품상세참조유전자변형식품에 해당하는 경우의 표시해당사항 없음소비자안전을 위한 주의사항지나친 음주는 뇌졸중, 기억력 손상이나 치매를 유발합니다. 임신 중 음주는 기형아 출생 위험을 높입니다. 19세 미만 판매금지수입식품에 해당하는 경우해당사항 없음",34000,"지인선물,명절선물,설선물,추석선물,어버이선물,가족모임,약주잔,술안주,술잔,술,"
273,참조은 안동쏘주 16.9도 360ml,16.9%,360ml,2460,"지인선물,명절선물,설선물,추석선물,어버이선물,가족모임,약주잔,술안주,술잔,술,"
274,[영덕주조] 도원결의 15도 375ml 복숭아 증류주,15%,375ml,6310,"지인선물,명절선물,설선물,추석선물,어버이선물,가족모임,약주잔,술안주,술잔,술,"
275,[조은술세종] 이도 42도 375ml 친환경 유기농 쌀,42%,375ml,28500,"지인선물,명절선물,설선물,추석선물,가족모임,술안주,차례,제사,친구,부모님,"
276,[제주샘주] 제주도 소주 고소리술 40도 500ml 소줏고리 도자기,40%,500ml,80000,"지인선물,명절선물,설선물,추석선물,어버이선물,가족모임,약주잔,술안주,술잔,술,"
277,민속주 궁중술 왕주 25도 375ml 남상란 명인증류주,25%,375ml,14800,"지인선물,명절선물,설선물,추석선물,어버이선물,가족모임,약주잔,술안주,술잔,술,"
278,[민속주왕주] 왕주 13도 375ml 대한민국식품명인 13호 남상란 제품,13%,375ml,6100,"지인선물,명절선물,설선물,추석선물,어버이선물,가족모임,약주잔,술안주,술잔,술,"
279,[명가원] 대한민국 식품명인 녹파주 375ml 15도 고려시대의 고급 약주,15%,375ml,10000,"설선물,추석선물,명절선물,전통주선물,특별한선물,외국인선물,어른선물,어버이선물,혼술,혼술혼밥,"
280,시트러스 혼디주 12도 330ml,12%,330ml,8200,"추석선물,선물,고마운마음,멋진선물,전통주선물,선물세트,부모님선물,회사선물세트,설선물,제주감귤,"
281,청와대대잎술 도자기 선물세트 500ml 12%,12%,500ml,30000,"추석선물,선물,고마운마음,멋진선물,청와대,전통주선물,선물세트,부모님선물,회사선물세트,"
282,주몽 복분자주 13도 375ml,13%,375ml,7200,"지인선물,명절선물,설선물,추석선물,어버이선물,가족모임,청주,전통주선물,복분자액,"
283,술소리 지리산 강쇠 13도 375ml,13%,375ml,2550,"지인선물,명절선물,설선물,추석선물,어버이선물,가족모임,청주,약주잔,혼술,친구선물,"
284,황진이 12도 375ml,12%,375ml,4000,"지인선물,명절선물,설선물,추석선물,어버이선물,가족모임,청주,약주잔,저녁식사,혼술,"
285,우포의아침 약주 청주 조선주조사 700ml 14도,14%,700ml,9000,"지인선물,명절선물,설선물,추석선물,어버이선물,가족모임,청주,"
286,제주샘주 니모메선물세트 11도 375ml,11%,375ml,9000,"지인선물,명절선물,설선물,추석선물,어버이선물,가족모임,약주잔,제주감귤,전통주선물,"
287,[우포의아침] 살균 약주 우포 12도 500ml,12%,500ml,10000,"지인선물,명절선물,설선물,추석선물,어버이선물,가족모임,"
288,리조 아이스볼 메이커,폴리프로필렌,"상품정보 제공고시제품명상품상세참조식품의 유형상품상세참조생산자상품상세참조소재지상품상세참조제조연월일상품상세참조유통기한 또는 품질유지기한상품상세참조포장단위별 내용물의 용량(중량), 수량상품상세참조포장단위별 수량상품상세참조원재료명 및 함량상품상세참조영양성분상품상세참조유전자변형식품에 해당하는 경우의 표시해당사항 없음소비자안전을 위한 주의사항지나친 음주는 뇌졸중, 기억력 손상이나 치매를 유발합니다. 임신 중 음주는 기형아 출생 위험을 높입니다. 19세 미만 판매금지수입식품에 해당하는 경우해당사항 없음",3000,"아이스볼,트레이,"
289,[제주샘] 소주 고소리술 40도 375ml,40%,375ml,32000,"지인선물,명절선물,설선물,추석선물,어버이선물,가족모임,약주잔,술안주,술잔,술,"
290,[제주샘주] 소주 고소리술 29도 375ml,29%,375ml,24000,"지인선물,명절선물,설선물,추석선물,어버이선물,가족모임,약주잔,술,술안주,암반수,"
291,[우포의아침] 살균 약주 우포 12도 325ml,12%,325ml,7000,"지인선물,명절선물,설선물,추석선물,어버이선물,가족모임,술안주,혼술,술잔,"
292,[제주샘]살균 약주 오메기술 13도 375ml,13%,375ml,9000,"지인선물,명절선물,설선물,추석선물,어버이선물,가족모임,약주잔,술안주,술잔,"
293,[밀과노닐다] 소주 안동진맥소주 375ml 22도,22%,375ml,22000,"설선물,추석선물,명절선물,부모님생신,전통주선물,혼술족,안주,술잔,혼술,혼밥요리,"
294,[밀과노닐다] 소주 안동진맥소주 500ml 53도,53%,500ml,127000,"설선물,추석선물,명절선물,부모님생신,혼술족,술안주,혼술,혼밥요리,술잔,생신선물,"
295,[밀과노닐다] 소주 안동 진맥소주 200ml 53도,53%,200ml,52000,"설선물,추석선물,명절선물,부모님생신,전통주선물,혼술족,안주,술잔,혼술,"
296,[밀과노닐다] 일반증류주 안동 진맥소주 500ml 40도,40%,500ml,49000,"설선물,추석선물,명절선물,부모님생신,전통주선물,혼술족,혼술,혼밥요리,술안주,술잔,"
297,[밀과노닐다] 소주 안동 진맥소주 200ml 40도,40%,200ml,22000,"설선물,추석선물,명절선물,부모님생신,전통주선물,혼술족,혼술,혼술혼밥,"
298,[술샘] 꿀샘 375ml 16도 맛있는 꿀술,16%,375ml,15000,"전통주선물,설선물,추석선물,명절선물,외국인선물,선물용,홈캉스,혼술,혼술안주,술,"
299,서울의밤 명랑스컬 17도 375ml,17%,375ml,6200,"전통주선물,설선물,추석선물,명절선물,선물용,술안주,혼술,혼술혼밥,"
300,[솔송주] 리큐르주 식품명인 솔송주 와당 도자기 700ml 13도,13%,700ml,36000,"설선물,추석선물,명절선물,전통주선물,특별한선물,외국인선물,어른선물,어버이선물,혼술,혼술혼밥,"
301,[솔송주] 식품명인 솔송주 백자 400ml 40도,40%,400ml,35000,"설선물,추석선물,명절선물,전통주선물,특별한선물,외국인선물,어른선물,어버이선물,혼밥요리,혼술,"
302,솔송주 13도 375ml,13%,375ml,9000,"설선물,추석선물,명절선물,전통주선물,특별한선물,외국인선물,어른선물,어버이선물,감칠맛,만찬,"
303,솔송주 담솔 40도 500ml,40%,500ml,28000,"설선물,추석선물,명절선물,전통주선물,특별한선물,외국인선물,어른선물,어버이선물,"
304,[조선3대명주] 감홍로+죽력고+이강주 유리병 모음,25%,375ml,60000,"명절선물,설선물,추석선물,가족모임,냠냠맛있는,직장상사선물,직장동료선물,은사님선물,외국인손님선물,"
305,이강주 19도 375ml,25%,375ml,13000,"명절선물,설선물,추석선물,가족모임,냠냠맛있는,전통주선물,일러스트,청량한,어른선물,고급케이스,"
306,조은술 세종 찰옥수수 6도 750ml,6%,750ml,2000,"냠냠맛있는,명절선물,어버이날선물,추석선물,설선물,가족모임,찰옥수수,구수한,우리쌀로만든,"
307,조은술 세종 바나나 4도 750ml 막걸리형 전통주,4%,750ml,2000,"냠냠맛있는,명절선물,어버이날선물,추석선물,설선물,가족모임,살균,바나나우유,달콤한,"
308,우도 땅콩 전통주 6도 750ml,6%,750ml,3500,"냠냠맛있는,명절선물,어버이날선물,추석선물,설선물,가족모임,술,고소한,전통주선물,"
309,감홍로 별주부전 40도 360ml,40%,360ml,36000,"안동소주,차례주,술선물,술쇼핑몰,홈술,명절선물,어버이날선물,추석선물,설선물,문배술문배주,"
310,태인양조장 죽력고 32도 700ml,32%,700ml,90000,"지인선물,명절선물,설선물,추석선물,어버이선물,가족모임,차례상,"
311,이강주 2호 25도 750ml,25%,750ml,29500,"지인선물,명절선물,설선물,추석선물,가족모임,냠냠맛있는,"
312,이강주 5호 25도 500ml,25%,500ml,28000,"지인선물,명절선물,설선물,추석선물,가족모임,냠냠맛있는,전통주선물,깔끔한,호리병,백자,"
313,이강주 25도 400ml,25%,375ml,13000,"명절선물,설선물,추석선물,가족모임,답례,혼술,파티,지인선물,전주,명인,"
314,안동소주 일품 골드 40도 500ml,40%,500ml,26500,"명절선물,부모님생신,파티,선물용,전통주선물,추석선물,설선물,선물세트,외국인선물,술안주,"
315,금산인삼주 약주 12.5도 360ml,12.5%,360ml,5900,"명절선물,설선물,추석선물,복날,부모님선물,어른선물,전통주선물,"
316,토향 녹고의 눈물 300ml 유리병,16%,300ml,16000,"명절선물,설선물,전통주선물,추석선물,명절고급선물,제주도오가피,어른선물,감미로운,깔끔한,"
317,문배술 25도 375ml,25%,375ml,11000,"명절선물,설선물,추석선물,차례,명절,제사,전통주선물,어른선물,부드러운,"
318,하이드로 토닉워터 300ml,페트병,1병,800,"청량감,신선한느낌,먹기편한,맛나는,시원함,"
319,토마스 헨리 토닉워터 200ml,유리병,1병,3900,"맛나는,신선한느낌,집에서즐기는,누구나좋아하는,상쾌함,"
320,토마스 헨리 토닉워터 200ml,유리병,1개,3900,"맛좋은,맛난,먹기편한,집에서즐기는,사계절,"
321,토마스 헨리 토닉워터 200ml,유리병,1개,3900,"냠냠맛있는,먹기편한,맛나는,누구나좋아하는,"
322,매실원주 13도 375ml,13%,375ml,6200,"전통주선물,설선물,추석선물,명절선물,지인선물,연말모임,부모님생신,황매실,벌꿀,"
323,생강 강황 리큐르 19도 375ml,19%,375ml,12000,"전통주선물,설선물,추석선물,명절선물,연말모임,부모님생신,강황,황금빛,어른선물,"
324,오미자 리큐르 16도 375ml,16%,375ml,12000,"전통주선물,설선물,추석선물,명절선물,연말모임,어른선물,시부모님선물,오미자주,"
325,명인 안동소주 호리병 45도 800ml,45%,800ml,38000,"명절선물,설선물,추석선물,집들이선물,어버이날선물,혼술,혼술안주,전통주선물,어른선물,깔끔한,"
326,명인안동소주 호리병 45도 400ml,45%,400ml,24000,"전통주선물,설선물,명절선물,추석선물,어버이날선물,부모님선물,외국인선물,선물용술잔,"
327,명인 안동소주 35도 360ml,35%,360ml,7900,"전통주선물,설선물,명절선물,추석선물,어버이날선물,외국인선물,연말모임,어른선물,은은한향,부드러운,"
328,명인 안동소주 22도 360ml,22%,360ml,5000,"전통주선물,설선물,추석선물,명절선물,외국인선물,어버이날선물,안동,부드러운,은은한향,"
329,와우라 루즈 16도 375ml,16%,375ml,30000,"명절선물,연말모임,집들이용선물,파티선물,오로라식도,친구,전통주선물,달콤한,"
330,와우라 바이올렛 16도 375ml,16%,375ml,30000,"명절선물,연말모임,집들이선물용,전통주선물,성년의날선물,파티선물,파티,친구모임,"
331,죽력고 25도 350ml 양대수 명인,25%,350ml,13000,"설선물,명절선물,추석선물,지인선물,부모님선물,전통주선물,외국인선물,어른선물,파티선물,"
332,미르 미니어쳐  54 100ml,54%,100ml,12000,"전통주선물,설선물,추석선물,명절선물,지인선물,부모님생신,외국인선물,"
333,미르 미니어쳐  40 100ml,40%,100ml,8500,"전통주선물,설선물,추석선물,명절선물,지인선물,부모님생신,외국인선물,"
334,미르 미니어쳐 25 100ml,25%,100ml,7000,"전통주선물,설선물,추석선물,명절선물,지인선물,연말모임,부모님생신,외국인선물,어른선물,"
335,감사블루 14도 375ml,14%,375ml,15000,"전통주선물,설선물,추석선물,명절선물,지인선물,연말모임,부모님생신,외국인선물,"
336,그리움 차례주 14도 700ml,14%,700ml,19000,"전통주선물,설선물,추석선물,명절선물,지인선물,연말모임,부모님생신,외국인선물,차례,제사,"
337,붉은원숭이 10.8도 375ml,10.8%,375ml,8500,"전통주선물,설선물,추석선물,명절선물,지인선물,연말모임,부모님생신,외국인선물,"
338,술샘 미르25 25도 375ml,25%,375ml,18000,"전통주선물,설선물,추석선물,명절선물,지인선물,연말모임,부모님생신,외국인선물,"
339,술샘 미르40 40도 375ml,40%,375ml,29000,"전통주선물,설선물,추석선물,명절선물,연말모임,부모님생신,외국인선물,"
340,술샘 미르54 54도 375ml,54%,375ml,38000,"명절선물,부모님생신,전통주선물,설선물,추석선물,외국인선물,어버이날선물,"
341,서울의밤 25도 375ml,25%,375ml,7900,"전통주선물,설선물,추석선물,명절선물,지인선물,연말모임,부모님생신,외국인선물,"
342,녹천 한산소곡주 살균주 1800ml_16도,16%,1800ml,26000,"전통주선물,설선물,추석선물,명절선물,지인선물,연말모임,부모님생신,외국인선물,차례,제사,"
343,한산소곡주 16도 750ml,16%,750ml,14000,"전통주선물,설선물,추석선물,명절선물,지인선물,연말모임,부모님생신,외국인선물,차례,제사,"
344,안동소주 일품 40도 350ml,40%,350ml,8600,"전통주선물,설선물,추석선물,명절선물,지인선물,연말모임,부모님생신,외국인선물,어버이날선물,"
345,안동소주 일품 21도 350ml,21%,350ml,5290,"전통주선물,설선물,추석선물,명절선물,지인선물,연말모임,부모님생신,외국인선물,어버이날선물,"
346,안동소주일품 17도 350ml,17%,350ml,4990,"전통주선물,설선물,추석선물,명절선물,지인선물,연말모임,부모님생신,외국인선물,생신선물,"
347,한주양조 한주 35도 360ml,35%,360ml,10500,"전통주선물,설선물,추석선물,명절선물,지인선물,연말모임,부모님생신,외국인선물,"
348,우렁이쌀 청주 14도 500ml,14%,500ml,16000,"전통주선물,설선물,추석선물,명절선물,지인선물,연말모임,부모님생신,외국인선물,"
349,황금보리소주 40도 375ml,40%,375ml,26000,"전통주선물,설선물,추석선물,명절선물,지인선물,연말모임,부모님생신,외국인선물,"
350,황금보리소주 25도 375ml,25%,375ml,14000,"전통주선물,설선물,추석선물,명절선물,지인선물,연말모임,부모님생신,외국인선물,"
351,황금보리소주 17도 375ml,17%,375ml,9000,"명절선물,지인선물,연말모임,부모님생신,외국인선물,파티,저녁식사,전통주선물,"
352,회곡안동소주 375ml_22도,22%,375ml,5400,"전통주선물,설선물,추석선물,명절선물,지인선물,연말모임,부모님생신,외국인선물,"
353,회곡안동소주 32도 375ml,32%,375ml,8500,"전통주선물,설선물,추석선물,명절선물,지인선물,부모님생신,외국인선물,어버이날선물,"
354,회곡안동소주 42도 375ml,42%,375ml,10500,"전통주선물,설선물,추석선물,명절선물,연말모임,부모님생신,외국인선물,특별한선물,"
355,안동국화주 42도 375ml,42%,375ml,12000,"전통주선물,설선물,추석선물,명절선물,지인선물,연말모임,부모님생신,외국인선물,특별한선물,"
356,안동국화주 32도 375ml,32%,375ml,10300,"전통주선물,설선물,추석선물,명절선물,지인선물,부모님생신,외국인선물,특별한선물,"
357,안동국화주 22도 375ml,22%,375ml,6800,"전통주선물,설선물,추석선물,명절선물,지인선물,부모님생신,외국인선물,특별선물,"
358,자연과인삼 홍삼명주 750ml,14%,750ml,28000,"전통주선물,설선물,추석선물,명절선물,연말모임,부모님생신,외국인선물,특별선물,"
359,자연과인삼 홍삼명주 500ml,14%,500ml,18000,"전통주선물,설선물,추석선물,명절선물,연말모임,부모님생신,외국인선물,특별선물,"
360,자연과인삼 홍삼명주 375ml,14%,375ml,14000,"전통주선물,설선물,추석선물,명절선물,지인선물,연말모임,부모님생신,특별선물,외국인선물,"
361,내국양조 송이주 13도 375ml,13%,375ml,14000,"전통주선물,설선물,추석선물,명절선물,연말모임,특별선물,외국인선물,생신선물,능이버섯,"
362,내국양조 능이주 375ml,13%,375ml,14000,"전통주선물,설선물,추석선물,명절선물,지인선물,연말모임,특별선물,만찬,"
363,녹고의 눈물 16도 750ml,16%,750ml,38000,"명절선물,설선물,전통주선물,추석선물,외국인선물,특별선물,집들이선물,"
364,문배술 40도 700ml,40%,700ml,38000,"명절선물,설선물,전통주선물,추석선물,외국인선물,특별선물,어른선물,차례,제사,"
365,문배술 호리병 40도 400ml,40%,400ml,29200,"명절선물,설선물,추석선물,특별선물,외국인선물,어른선물,명절,차례,제사,부모님선물,"
366,문배술 40도 200ml,40%,200ml,12800,"명절선물,설선물,추석선물,특별한선물,가족,명절,차례,제사,전통주선물,"
367,장수하삼 도자기 23도 500ml,23%,500ml,30000,"전통주선물,설선물,추석선물,명절선물,외국인선물,특별한선물,어른선물,장수기념,"
368,금산인삼주 수삼 단본 43도 375,43%,375ml,24000,"전통주선물,설선물,추석선물,명절선물,특별한선물,외국인선물,"
369,금산인삼주 23도 375ml,23%,375ml,15000,"전통주선물,설선물,추석선물,명절선물,특별한선물,외국인선물,생신선물,집들이선물,"
370,금산인삼주 수삼 단본 43도 720ml,43%,720ml,48000,"전통주선물,설선물,추석선물,명절선물,특별한선물,외국인선물,집들이선물,"
371,감홍로 40도 700ml,40%,700ml,75000,"설선물,추석선물,명절선물,지인선물,특별한선물,외국인선물,전통주선물,"
372,감홍로 40도 400ml,40%,400ml,45000,"설선물,추석선물,명절선물,전통주선물,특별한선물,외국인선물,어버이날선물,"
373,담양 추성고을 타미앙스 40도 500ml 도자기,40%,500ml,40000,"설선물,추석선물,명절선물,전통주선물,특별한선물,외국인선물,어른선물,"
374,추성고을 추성주 25도 400ml,25%,400ml,30000,"설선물,명절선물,추석선물,부모님선물,전통주선물,특별선물,외국인선물,"
375,추성고을 추성주 25도 350ml,25%,350ml,25000,"설선물,명절선물,추석선물,특별선물,외국인선물,어른선물,전통주선물,"
376,이강주 19도 375ml,19%,375ml,5400,"설선물,추석선물,명절선물,전통주선물,특별한선물,외국인선물,어른선물,어버이선물,"
377,전주 이강주 1호 25도 400ml 도자기,25%,400ml,22250,"명절선물,설선물,추석선물,전통주선물,특별한선물,외국인선물,어버이날,"
378,금산인삼주 수삼 23,23%,720ml,37000,"명절선물,설선물,추석선물,전통주선물,특별한선물,외국인선물,어버이날선물,금산,수삼,"
